date,h,cohort,n,ret
2026-09-04,1,N500_ALL,489,-0.003741366197131376
2026-09-04,1,N500_MOM63_10,10,0.00012020158068093423
2026-09-04,1,DISCOVERY_100,100,-0.007388281866655947
2026-09-04,1,ELIGIBLE,341,-0.003561272122572519
2026-09-04,1,MQS10,10,0.0028433269731331645
2026-09-04,1,MQS_BOTTOM10,10,-0.01073024265435254
2026-09-04,1,RAW10,10,-0.004284602764397493
2026-09-04,1,PERSIST10,10,-0.009444436738123063
2026-09-04,1,MOM63_10_GAINERS,10,0.0020986237393480155
2026-09-04,3,N500_ALL,489,-0.007342517217718867
2026-09-04,3,N500_MOM63_10,10,0.005288145150261048
2026-09-04,3,DISCOVERY_100,100,-0.013194743474635104
2026-09-04,3,ELIGIBLE,341,-0.007072744108490892
2026-09-04,3,MQS10,10,-0.00523986152840733
2026-09-04,3,MQS_BOTTOM10,10,-0.017129649515817868
2026-09-04,3,RAW10,10,-0.029740579793546405
2026-09-04,3,PERSIST10,10,-0.004486420986871009
2026-09-04,3,MOM63_10_GAINERS,10,0.008105480999348037
2026-09-04,5,N500_ALL,489,-0.013352588306088813
2026-09-04,5,N500_MOM63_10,10,0.01614279126918946
2026-09-04,5,DISCOVERY_100,100,-0.017450541960222977
2026-09-04,5,ELIGIBLE,341,-0.012990451565273283
2026-09-04,5,MQS10,10,-0.0030890823371007127
2026-09-04,5,MQS_BOTTOM10,10,-0.01636196249903744
2026-09-04,5,RAW10,10,-0.05059672990882027
2026-09-04,5,PERSIST10,10,-0.005291823870081691
2026-09-04,5,MOM63_10_GAINERS,10,0.016640055754740847
2026-09-07,1,N500_ALL,489,0.00016998230490239817
2026-09-07,1,N500_MOM63_10,10,-0.011678259374973765
2026-09-07,1,DISCOVERY_100,100,-0.0008494752315317644
2026-09-07,1,ELIGIBLE,348,8.316356094342844e-05
2026-09-07,1,MQS10,10,0.00889112407396695
2026-09-07,1,MQS_BOTTOM10,10,0.003971747931440306
2026-09-07,1,RAW10,10,-0.0037519304052701097
2026-09-07,1,PERSIST10,10,-0.01914898743135941
2026-09-07,1,MOM63_10_GAINERS,10,-0.011678259374973765
2026-09-07,3,N500_ALL,489,-0.005790375672489685
2026-09-07,3,N500_MOM63_10,10,0.008255582609636148
2026-09-07,3,DISCOVERY_100,100,-0.00595525577072
2026-09-07,3,ELIGIBLE,348,-0.005277244335524339
2026-09-07,3,MQS10,10,-0.005022492237522347
2026-09-07,3,MQS_BOTTOM10,10,-0.00016115291944985844
2026-09-07,3,RAW10,10,-0.01513177123063838
2026-09-07,3,PERSIST10,10,-0.03704352206959875
2026-09-07,3,MOM63_10_GAINERS,10,0.008255582609636148
2026-09-07,5,N500_ALL,489,-0.03139278637669801
2026-09-07,5,N500_MOM63_10,10,-0.026873719554051167
2026-09-07,5,DISCOVERY_100,100,-0.03475938920547267
2026-09-07,5,ELIGIBLE,348,-0.030902675967772845
2026-09-07,5,MQS10,10,-0.04870250931475497
2026-09-07,5,MQS_BOTTOM10,10,0.0012126664445946567
2026-09-07,5,RAW10,10,-0.04784983618800692
2026-09-07,5,PERSIST10,10,-0.08122049702773837
2026-09-07,5,MOM63_10_GAINERS,10,-0.026873719554051167
2026-09-08,1,N500_ALL,489,-0.0029238025867868982
2026-09-08,1,N500_MOM63_10,9,0.006265030351616642
2026-09-08,1,DISCOVERY_100,100,-0.003190705154354284
2026-09-08,1,ELIGIBLE,339,-0.0025126172064043354
2026-09-08,1,MQS10,10,-0.006199264502208002
2026-09-08,1,MQS_BOTTOM10,10,-0.012364320003828543
2026-09-08,1,RAW10,10,-0.0171367895849329
2026-09-08,1,PERSIST10,10,-0.004328136153054563
2026-09-08,1,MOM63_10_GAINERS,10,0.0038641370725525427
2026-09-08,3,N500_ALL,489,-0.009015224042511634
2026-09-08,3,N500_MOM63_10,9,0.01688185600482887
2026-09-08,3,DISCOVERY_100,100,-0.0080341439462044
2026-09-08,3,ELIGIBLE,339,-0.008856119018654249
2026-09-08,3,MQS10,10,-0.0169989231133303
2026-09-08,3,MQS_BOTTOM10,10,-0.02152288788203923
2026-09-08,3,RAW10,10,-0.014157275658450586
2026-09-08,3,PERSIST10,10,-0.0074145581231539245
2026-09-08,3,MOM63_10_GAINERS,10,0.017309524062882574
2026-09-08,5,N500_ALL,489,-0.03058621166635714
2026-09-08,5,N500_MOM63_10,9,-0.010296331621991901
2026-09-08,5,DISCOVERY_100,100,-0.04130137412680816
2026-09-08,5,ELIGIBLE,339,-0.03167489470253899
2026-09-08,5,MQS10,10,-0.053359848832441915
2026-09-08,5,MQS_BOTTOM10,10,-0.023013443209870622
2026-09-08,5,RAW10,10,-0.06937091210461149
2026-09-08,5,PERSIST10,10,-0.06730514546559695
2026-09-08,5,MOM63_10_GAINERS,10,-0.011516698459792718
2026-09-09,1,N500_ALL,489,-0.0020711075910218486
2026-09-09,1,N500_MOM63_10,9,0.008703753509300392
2026-09-09,1,DISCOVERY_100,100,-0.005642195093235933
2026-09-09,1,ELIGIBLE,325,-0.0019951683181627317
2026-09-09,1,MQS10,10,-0.008341492673171736
2026-09-09,1,MQS_BOTTOM10,10,-0.005432339311978595
2026-09-09,1,RAW10,10,-0.008944660094089452
2026-09-09,1,PERSIST10,10,-0.01566147605149526
2026-09-09,1,MOM63_10_GAINERS,10,0.004606616761093851
2026-09-09,3,N500_ALL,489,-0.027682197254675855
2026-09-09,3,N500_MOM63_10,9,-0.028658982019087453
2026-09-09,3,DISCOVERY_100,100,-0.038473671486765205
2026-09-09,3,ELIGIBLE,325,-0.03059819688785698
2026-09-09,3,MQS10,10,-0.043149217614691024
2026-09-09,3,MQS_BOTTOM10,10,-0.0021398714360043704
2026-09-09,3,RAW10,10,-0.05369938834553517
2026-09-09,3,PERSIST10,10,-0.05596461643021609
2026-09-09,3,MOM63_10_GAINERS,10,-0.02784311342049428
2026-09-09,5,N500_ALL,489,-0.019538284869220938
2026-09-09,5,N500_MOM63_10,9,-0.016822934817702487
2026-09-09,5,DISCOVERY_100,100,-0.02709046822818169
2026-09-09,5,ELIGIBLE,325,-0.02054301344444949
2026-09-09,5,MQS10,10,-0.043565871554152834
2026-09-09,5,MQS_BOTTOM10,10,-0.0037605018852101104
2026-09-09,5,RAW10,10,-0.04517737072245935
2026-09-09,5,PERSIST10,10,-0.042403634933562515
2026-09-09,5,MOM63_10_GAINERS,10,-0.014948219784718508
2026-09-10,1,N500_ALL,489,0.001872810690430363
2026-09-10,1,N500_MOM63_10,10,0.002111662908654699
2026-09-10,1,DISCOVERY_100,100,0.0023631376432352524
2026-09-10,1,ELIGIBLE,319,0.0010727503531947878
2026-09-10,1,MQS10,10,-0.001990798968116514
2026-09-10,1,MQS_BOTTOM10,10,-0.0028430578426395514
2026-09-10,1,RAW10,10,-0.0034073155394962694
2026-09-10,1,PERSIST10,10,0.002271670801414938
2026-09-10,1,MOM63_10_GAINERS,10,0.002111662908654699
2026-09-10,3,N500_ALL,489,-0.019924854438165756
2026-09-10,3,N500_MOM63_10,10,-0.028360748049930794
2026-09-10,3,DISCOVERY_100,100,-0.019887610041743223
2026-09-10,3,ELIGIBLE,319,-0.02293097488478599
2026-09-10,3,MQS10,10,-0.043790083223157285
2026-09-10,3,MQS_BOTTOM10,10,0.0009622931089637632
2026-09-10,3,RAW10,10,-0.04253201863961499
2026-09-10,3,PERSIST10,10,-0.03302581593087591
2026-09-10,3,MOM63_10_GAINERS,10,-0.028360748049930794
2026-09-10,5,N500_ALL,489,0.0018739651458069282
2026-09-10,5,N500_MOM63_10,10,0.003595271376702591
2026-09-10,5,DISCOVERY_100,100,0.00026810445018290107
2026-09-10,5,ELIGIBLE,319,0.0018331591945203553
2026-09-10,5,MQS10,10,-0.026775602167149838
2026-09-10,5,MQS_BOTTOM10,10,0.005220594795570343
2026-09-10,5,RAW10,10,-0.007615252174411669
2026-09-10,5,PERSIST10,10,-0.008448371722268843
2026-09-10,5,MOM63_10_GAINERS,10,0.003595271376702591
2026-09-11,1,N500_ALL,493,-0.0258412425834131
2026-09-11,1,N500_MOM63_10,9,-0.041834704644418
2026-09-11,1,DISCOVERY_100,100,-0.028591930029336576
2026-09-11,1,ELIGIBLE,326,-0.028270926489429565
2026-09-11,1,MQS10,10,-0.041166356168738226
2026-09-11,1,MQS_BOTTOM10,10,-0.016776257776796866
2026-09-11,1,RAW10,10,-0.04476554427577491
2026-09-11,1,PERSIST10,10,-0.03944384168685004
2026-09-11,1,MOM63_10_GAINERS,10,-0.040778772145177423
2026-09-11,3,N500_ALL,493,-0.017724983524600675
2026-09-11,3,N500_MOM63_10,9,-0.033810307026858624
2026-09-11,3,DISCOVERY_100,100,-0.02358058047752827
2026-09-11,3,ELIGIBLE,326,-0.018192773260911333
2026-09-11,3,MQS10,10,-0.03032585178351459
2026-09-11,3,MQS_BOTTOM10,10,-0.018265230355225426
2026-09-11,3,RAW10,10,-0.03923958584286129
2026-09-11,3,PERSIST10,10,-0.026343348743173668
2026-09-11,3,MOM63_10_GAINERS,10,-0.02646865036525483
2026-09-11,5,N500_ALL,493,-0.005580807665233633
2026-09-11,5,N500_MOM63_10,9,-0.021103887182986947
2026-09-11,5,DISCOVERY_100,100,-0.006270577379557125
2026-09-11,5,ELIGIBLE,326,-0.004307411715103666
2026-09-11,5,MQS10,10,-0.012840501130231819
2026-09-11,5,MQS_BOTTOM10,10,-0.02420633407073225
2026-09-11,5,RAW10,10,-0.015782425867488258
2026-09-11,5,PERSIST10,10,-0.006327103111578169
2026-09-11,5,MOM63_10_GAINERS,10,-0.008915178043703387
2026-09-15,1,N500_ALL,493,-0.0010496101292863705
2026-09-15,1,N500_MOM63_10,10,-0.006147670506786595
2026-09-15,1,DISCOVERY_100,59,-0.010135615500731564
2026-09-15,1,ELIGIBLE,321,-0.0014264380605762705
2026-09-15,1,MQS10,10,-0.010320716157690068
2026-09-15,1,MQS_BOTTOM10,10,-0.004280313517611256
2026-09-15,1,RAW10,10,-0.006473197798191688
2026-09-15,1,PERSIST10,10,-0.010659519114555571
2026-09-15,1,MOM63_10_GAINERS,10,-0.004297811033213505
2026-09-15,3,N500_ALL,493,0.021173508150745174
2026-09-15,3,N500_MOM63_10,10,0.021369115697143858
2026-09-15,3,DISCOVERY_100,59,0.0012022535299497843
2026-09-15,3,ELIGIBLE,321,0.022445424046359314
2026-09-15,3,MQS10,10,0.02142586280252946
2026-09-15,3,MQS_BOTTOM10,10,0.004555861414445916
2026-09-15,3,RAW10,10,-0.005061433467747812
2026-09-15,3,PERSIST10,10,0.016198249494020135
2026-09-15,3,MOM63_10_GAINERS,10,0.026451608389963355
2026-09-15,5,N500_ALL,493,0.019141029734920774
2026-09-15,5,N500_MOM63_10,10,0.01953305358985107
2026-09-15,5,DISCOVERY_100,59,-0.0030797080736444213
2026-09-15,5,ELIGIBLE,321,0.019439218014113496
2026-09-15,5,MQS10,10,0.023422878207731958
2026-09-15,5,MQS_BOTTOM10,10,-0.003709067039551939
2026-09-15,5,RAW10,10,0.0023319906067108763
2026-09-15,5,PERSIST10,10,0.02611308090005927
2026-09-15,5,MOM63_10_GAINERS,10,0.028798635946472462
2026-09-16,1,N500_ALL,493,0.008850207775258075
2026-09-16,1,N500_MOM63_10,10,0.004489525600072941
2026-09-16,1,DISCOVERY_100,100,0.005662453017601202
2026-09-16,1,ELIGIBLE,335,0.009320611128606575
2026-09-16,1,MQS10,10,0.012853886576861494
2026-09-16,1,MQS_BOTTOM10,10,0.01129281422454339
2026-09-16,1,RAW10,10,-0.006052246213670387
2026-09-16,1,PERSIST10,10,0.02766084069487542
2026-09-16,1,MOM63_10_GAINERS,10,0.004489525600072941
2026-09-16,3,N500_ALL,493,0.021372555815230947
2026-09-16,3,N500_MOM63_10,10,0.027865477059371944
2026-09-16,3,DISCOVERY_100,100,0.02144698647553218
2026-09-16,3,ELIGIBLE,335,0.022715977162357414
2026-09-16,3,MQS10,10,0.03134166980669777
2026-09-16,3,MQS_BOTTOM10,10,0.004571128081583153
2026-09-16,3,RAW10,10,0.025326565938311053
2026-09-16,3,PERSIST10,10,0.05793206480119145
2026-09-16,3,MOM63_10_GAINERS,10,0.027865477059371944
2026-09-16,5,N500_ALL,493,0.028535324453972524
2026-09-16,5,N500_MOM63_10,10,0.020514095775262264
2026-09-16,5,DISCOVERY_100,100,0.026052133130559704
2026-09-16,5,ELIGIBLE,335,0.027595500892435613
2026-09-16,5,MQS10,10,0.023568290560626835
2026-09-16,5,MQS_BOTTOM10,10,0.008353589135631723
2026-09-16,5,RAW10,10,0.01991832949172335
2026-09-16,5,PERSIST10,10,0.05978601112144225
2026-09-16,5,MOM63_10_GAINERS,10,0.020514095775262264
2026-09-17,1,N500_ALL,493,0.011542572251676417
2026-09-17,1,N500_MOM63_10,10,0.01723571405347284
2026-09-17,1,DISCOVERY_100,100,0.011613669369181125
2026-09-17,1,ELIGIBLE,344,0.011825133445049901
2026-09-17,1,MQS10,10,0.015746356362057977
2026-09-17,1,MQS_BOTTOM10,10,0.01004392700702914
2026-09-17,1,RAW10,10,0.006949708046484937
2026-09-17,1,PERSIST10,10,0.008545826000806722
2026-09-17,1,MOM63_10_GAINERS,10,0.01723571405347284
2026-09-17,3,N500_ALL,493,0.009500057903687482
2026-09-17,3,N500_MOM63_10,10,0.026740297100534893
2026-09-17,3,DISCOVERY_100,100,0.009359478717333464
2026-09-17,3,ELIGIBLE,344,0.009697049713434918
2026-09-17,3,MQS10,10,0.013447587796132077
2026-09-17,3,MQS_BOTTOM10,10,0.00626506279952711
2026-09-17,3,RAW10,10,0.012136834644899553
2026-09-17,3,PERSIST10,10,0.009171323923962815
2026-09-17,3,MOM63_10_GAINERS,10,0.026740297100534893
2026-09-17,5,N500_ALL,493,0.0021348601402970484
2026-09-17,5,N500_MOM63_10,10,0.010755686361304872
2026-09-17,5,DISCOVERY_100,100,-0.0007093911725656798
2026-09-17,5,ELIGIBLE,344,0.0013030078318003496
2026-09-17,5,MQS10,10,0.009152430484966811
2026-09-17,5,MQS_BOTTOM10,10,-0.002241574330966112
2026-09-17,5,RAW10,10,0.000261800597964712
2026-09-17,5,PERSIST10,10,-0.006529866564134323
2026-09-17,5,MOM63_10_GAINERS,10,0.010755686361304872
2026-09-18,1,N500_ALL,493,-0.0008043005621718455
2026-09-18,1,N500_MOM63_10,10,-0.0023922685717521763
2026-09-18,1,DISCOVERY_100,100,-0.004644684791528966
2026-09-18,1,ELIGIBLE,339,-0.0005183836386196192
2026-09-18,1,MQS10,10,-0.0010353285709111648
2026-09-18,1,MQS_BOTTOM10,10,-0.008141630019679814
2026-09-18,1,RAW10,10,-0.005426616688785723
2026-09-18,1,PERSIST10,10,0.0006661496655124832
2026-09-18,1,MOM63_10_GAINERS,10,-0.0016567425203285913
2026-09-18,3,N500_ALL,493,0.006301494269218035
2026-09-18,3,N500_MOM63_10,10,-0.0025701293899077935
2026-09-18,3,DISCOVERY_100,100,-0.003201570874621844
2026-09-18,3,ELIGIBLE,339,0.0038690183400997
2026-09-18,3,MQS10,10,0.0015572653649939538
2026-09-18,3,MQS_BOTTOM10,10,-0.0028476694882420216
2026-09-18,3,RAW10,10,-0.002716831714019341
2026-09-18,3,PERSIST10,10,-0.012776512793495476
2026-09-18,3,MOM63_10_GAINERS,10,0.0034974303200438817
2026-09-18,5,N500_ALL,493,-0.008169717260334983
2026-09-18,5,N500_MOM63_10,10,-0.019690205988814734
2026-09-18,5,DISCOVERY_100,100,-0.014756526223254669
2026-09-18,5,ELIGIBLE,339,-0.009772691957178703
2026-09-18,5,MQS10,10,-0.016376663640376342
2026-09-18,5,MQS_BOTTOM10,10,-0.013002865704265953
2026-09-18,5,RAW10,10,-0.010768293555793928
2026-09-18,5,PERSIST10,10,-0.030096820669665614
2026-09-18,5,MOM63_10_GAINERS,10,-0.012614453159135596
2026-09-21,1,N500_ALL,494,-0.003734009507429033
2026-09-21,1,N500_MOM63_10,10,-0.009781577061299795
2026-09-21,1,DISCOVERY_100,100,-0.004443665106423069
2026-09-21,1,ELIGIBLE,344,-0.003846346859050853
2026-09-21,1,MQS10,10,-0.014373068998690008
2026-09-21,1,MQS_BOTTOM10,10,-0.012680665445030426
2026-09-21,1,RAW10,10,-0.006702594442005616
2026-09-21,1,PERSIST10,10,-0.009743285279285951
2026-09-21,1,MOM63_10_GAINERS,10,-0.009377284730817137
2026-09-21,3,N500_ALL,494,-0.01090333617929137
2026-09-21,3,N500_MOM63_10,10,-0.0315770906728919
2026-09-21,3,DISCOVERY_100,100,-0.013932745963199544
2026-09-21,3,ELIGIBLE,344,-0.012772543583979078
2026-09-21,3,MQS10,10,-0.034834302417488375
2026-09-21,3,MQS_BOTTOM10,10,-0.016743498905674226
2026-09-21,3,RAW10,10,-0.020011136878373637
2026-09-21,3,PERSIST10,10,-0.02334148921724708
2026-09-21,3,MOM63_10_GAINERS,10,-0.03284376766593502
2026-09-21,5,N500_ALL,494,-0.026085336263645106
2026-09-21,5,N500_MOM63_10,10,-0.052343850929045185
2026-09-21,5,DISCOVERY_100,100,-0.02838363399819513
2026-09-21,5,ELIGIBLE,344,-0.02756456261326583
2026-09-21,5,MQS10,10,-0.05578786787672826
2026-09-21,5,MQS_BOTTOM10,10,-0.026424123679678536
2026-09-21,5,RAW10,10,-0.03943966996187446
2026-09-21,5,PERSIST10,10,-0.04411787156167053
2026-09-21,5,MOM63_10_GAINERS,10,-0.05382800099060466
2026-09-22,1,N500_ALL,494,0.006147170503319849
2026-09-22,1,N500_MOM63_10,10,-0.0035161666846494355
2026-09-22,1,DISCOVERY_100,100,0.0077041251663362035
2026-09-22,1,ELIGIBLE,334,0.004559344375040956
2026-09-22,1,MQS10,10,-0.010626230969596051
2026-09-22,1,MQS_BOTTOM10,10,0.0014019992281358196
2026-09-22,1,RAW10,10,0.004423803399240034
2026-09-22,1,PERSIST10,10,-0.0034177769663452096
2026-09-22,1,MOM63_10_GAINERS,10,-0.005448083328181086
2026-09-22,3,N500_ALL,494,-0.00817373016619169
2026-09-22,3,N500_MOM63_10,10,-0.018160992027712552
2026-09-22,3,DISCOVERY_100,100,-0.006972468824461975
2026-09-22,3,ELIGIBLE,334,-0.008858784613483286
2026-09-22,3,MQS10,10,-0.03531085216536618
2026-09-22,3,MQS_BOTTOM10,10,-0.005869748283342325
2026-09-22,3,RAW10,10,-0.008250428377374419
2026-09-22,3,PERSIST10,10,-0.010245726656659127
2026-09-22,3,MOM63_10_GAINERS,10,-0.02138829497536714
2026-09-22,5,N500_ALL,494,-0.030879730899163807
2026-09-22,5,N500_MOM63_10,10,-0.02587552504735515
2026-09-22,5,DISCOVERY_100,100,-0.0219299526874244
2026-09-22,5,ELIGIBLE,334,-0.032257351410348016
2026-09-22,5,MQS10,10,-0.04145643802713249
2026-09-22,5,MQS_BOTTOM10,10,-0.028828140849681515
2026-09-22,5,RAW10,10,-0.023064647287398966
2026-09-22,5,PERSIST10,10,-0.030601606784303115
2026-09-22,5,MOM63_10_GAINERS,10,-0.028475845017315638
2026-09-23,1,N500_ALL,494,-0.006848994592976735
2026-09-23,1,N500_MOM63_10,9,-0.015509004406091511
2026-09-23,1,DISCOVERY_100,100,-0.01447638245560593
2026-09-23,1,ELIGIBLE,349,-0.006122583449957667
2026-09-23,1,MQS10,10,-0.03410965745572288
2026-09-23,1,MQS_BOTTOM10,10,-0.009276493857198998
2026-09-23,1,RAW10,10,-0.03722621456134985
2026-09-23,1,PERSIST10,10,-0.0008024520489471442
2026-09-23,1,MOM63_10_GAINERS,10,-0.013705766129650377
2026-09-23,3,N500_ALL,494,-0.022042480315528832
2026-09-23,3,N500_MOM63_10,9,-0.033793612228801645
2026-09-23,3,DISCOVERY_100,100,-0.03215695932322824
2026-09-23,3,ELIGIBLE,349,-0.02121561550011174
2026-09-23,3,MQS10,10,-0.0581237408831994
2026-09-23,3,MQS_BOTTOM10,10,-0.02833460503649644
2026-09-23,3,RAW10,10,-0.04752054009168766
2026-09-23,3,PERSIST10,10,-0.01703142744306597
2026-09-23,3,MOM63_10_GAINERS,10,-0.030928822278990586
2026-09-23,5,N500_ALL,494,-0.028409918168199693
2026-09-23,5,N500_MOM63_10,9,-0.018721309295959363
2026-09-23,5,DISCOVERY_100,100,-0.040392739076380114
2026-09-23,5,ELIGIBLE,349,-0.028631894764584536
2026-09-23,5,MQS10,10,-0.07765211465698131
2026-09-23,5,MQS_BOTTOM10,10,-0.04329684276137845
2026-09-23,5,RAW10,10,-0.04993773121225552
2026-09-23,5,PERSIST10,10,-0.02283378676400739
2026-09-23,5,MOM63_10_GAINERS,10,-0.018882724455126964
2026-09-24,1,N500_ALL,494,0.0003871924958713251
2026-09-24,1,N500_MOM63_10,10,0.002004158470537365
2026-09-24,1,DISCOVERY_100,69,-0.0034809070388657037
2026-09-24,1,ELIGIBLE,348,0.0007704629593673629
2026-09-24,1,MQS10,10,0.00219103049615077
2026-09-24,1,MQS_BOTTOM10,10,0.000490552947728684
2026-09-24,1,RAW10,10,-0.011087726210462478
2026-09-24,1,PERSIST10,10,-0.005277701562220627
2026-09-24,1,MOM63_10_GAINERS,10,0.0033077929037495847
2026-09-24,3,N500_ALL,494,-0.022593758425320618
2026-09-24,3,N500_MOM63_10,10,-0.012224781348735326
2026-09-24,3,DISCOVERY_100,69,-0.025797978943996096
2026-09-24,3,ELIGIBLE,348,-0.023502568149584457
2026-09-24,3,MQS10,10,-0.02175639625364607
2026-09-24,3,MQS_BOTTOM10,10,-0.02553732569746172
2026-09-24,3,RAW10,10,-0.026035939576291488
2026-09-24,3,PERSIST10,10,-0.03575210698612398
2026-09-24,3,MOM63_10_GAINERS,10,-0.009960596003659495
2026-09-24,5,N500_ALL,494,-0.034641159745477865
2026-09-24,5,N500_MOM63_10,10,-0.029145663790145902
2026-09-24,5,DISCOVERY_100,69,-0.03363854183529436
2026-09-24,5,ELIGIBLE,348,-0.03516245654658171
2026-09-24,5,MQS10,10,-0.03750184795630753
2026-09-24,5,MQS_BOTTOM10,10,-0.03472824397887031
2026-09-24,5,RAW10,10,-0.01867086831021344
2026-09-24,5,PERSIST10,10,-0.03724838869561109
2026-09-24,5,MOM63_10_GAINERS,10,-0.013582223661636106
2026-09-25,1,N500_ALL,494,-0.014926074927730985
2026-09-25,1,N500_MOM63_10,10,-0.017134902372361416
2026-09-25,1,DISCOVERY_100,100,-0.016729677845303423
2026-09-25,1,ELIGIBLE,340,-0.015408184090714568
2026-09-25,1,MQS10,10,-0.005301076644783254
2026-09-25,1,MQS_BOTTOM10,10,-0.006853385591370986
2026-09-25,1,RAW10,10,-0.016788606420720543
2026-09-25,1,PERSIST10,10,-0.016762890780163398
2026-09-25,1,MOM63_10_GAINERS,10,-0.01951243586584107
2026-09-25,3,N500_ALL,494,-0.02133703133774794
2026-09-25,3,N500_MOM63_10,10,-0.00011276321698789893
2026-09-25,3,DISCOVERY_100,100,-0.02157376868699804
2026-09-25,3,ELIGIBLE,340,-0.023074083313167012
2026-09-25,3,MQS10,10,-0.01831946070173419
2026-09-25,3,MQS_BOTTOM10,10,-0.03521416048091559
2026-09-25,3,RAW10,10,-0.029999318852778657
2026-09-25,3,PERSIST10,10,-0.013747128186882274
2026-09-25,3,MOM63_10_GAINERS,10,-0.0011706222847004289
2026-09-25,5,N500_ALL,494,-0.030534627291350643
2026-09-25,5,N500_MOM63_10,10,-0.017176277694741893
2026-09-25,5,DISCOVERY_100,100,-0.033404049833651854
2026-09-25,5,ELIGIBLE,340,-0.031699542108071674
2026-09-25,5,MQS10,10,-0.027412838036821686
2026-09-25,5,MQS_BOTTOM10,10,-0.04419961000666793
2026-09-25,5,RAW10,10,-0.05211522723297385
2026-09-25,5,PERSIST10,10,-0.035021402068700115
2026-09-25,5,MOM63_10_GAINERS,10,-0.019821005084650123
2026-09-28,1,N500_ALL,494,-0.005661991867251798
2026-09-28,1,N500_MOM63_10,9,0.013955016548357081
2026-09-28,1,DISCOVERY_100,62,-0.010385123666003169
2026-09-28,1,ELIGIBLE,331,-0.006816154395889825
2026-09-28,1,MQS10,10,-0.008862367753024658
2026-09-28,1,MQS_BOTTOM10,10,-0.02031464636315696
2026-09-28,1,RAW10,10,-0.009567417066367124
2026-09-28,1,PERSIST10,10,-0.006756476556923585
2026-09-28,1,MOM63_10_GAINERS,10,0.010229119806991127
2026-09-28,3,N500_ALL,494,-0.017890142152967053
2026-09-28,3,N500_MOM63_10,9,0.007376151412726184
2026-09-28,3,DISCOVERY_100,62,-0.025340254245341937
2026-09-28,3,ELIGIBLE,331,-0.01902873923990696
2026-09-28,3,MQS10,10,-0.014330383927930634
2026-09-28,3,MQS_BOTTOM10,10,-0.03683454637650011
2026-09-28,3,RAW10,10,-0.042559158413287945
2026-09-28,3,PERSIST10,10,0.0010886552692353612
2026-09-28,3,MOM63_10_GAINERS,10,0.006649038487007319
2026-09-28,5,N500_ALL,494,-0.003335026975842831
2026-09-28,5,N500_MOM63_10,9,0.031855041767019636
2026-09-28,5,DISCOVERY_100,62,-0.00973552639440597
2026-09-28,5,ELIGIBLE,331,-0.004600230703255757
2026-09-28,5,MQS10,10,-0.00017918386783040142
2026-09-28,5,MQS_BOTTOM10,10,-0.03533648096549642
2026-09-28,5,RAW10,10,-0.02800972472308496
2026-09-28,5,PERSIST10,10,0.008949892635905588
2026-09-28,5,MOM63_10_GAINERS,10,0.02568050166153756
2026-09-29,1,N500_ALL,494,-0.0017780260516257133
2026-09-29,1,N500_MOM63_10,9,-0.0007124331708601161
2026-09-29,1,DISCOVERY_100,100,-0.008975461691416818
2026-09-29,1,ELIGIBLE,316,-0.0033347716919817673
2026-09-29,1,MQS10,10,0.0015431438150463662
2026-09-29,1,MQS_BOTTOM10,10,0.0012796460177563085
2026-09-29,1,RAW10,10,0.010164944891141526
2026-09-29,1,PERSIST10,10,0.004065092032111417
2026-09-29,1,MOM63_10_GAINERS,10,0.00019269792622147452
2026-09-29,3,N500_ALL,494,-0.01114741629003317
2026-09-29,3,N500_MOM63_10,9,-0.017024938012675808
2026-09-29,3,DISCOVERY_100,100,-0.02021843765984505
2026-09-29,3,ELIGIBLE,316,-0.011574169423284087
2026-09-29,3,MQS10,10,-0.011657708575096081
2026-09-29,3,MQS_BOTTOM10,10,-0.01045337212105144
2026-09-29,3,RAW10,10,0.0071085145011474
2026-09-29,3,PERSIST10,10,-0.010964373032194764
2026-09-29,3,MOM63_10_GAINERS,10,-0.013184497881845125
2026-09-29,5,N500_ALL,494,-0.004496484834184236
2026-09-29,5,N500_MOM63_10,9,0.020778435362554786
2026-09-29,5,DISCOVERY_100,100,-0.007728261402779994
2026-09-29,5,ELIGIBLE,316,-0.004487301823874174
2026-09-29,5,MQS10,10,0.007545089503871738
2026-09-29,5,MQS_BOTTOM10,10,-0.015209022650876536
2026-09-29,5,RAW10,10,0.02147161235618301
2026-09-29,5,PERSIST10,10,0.006501550457451733
2026-09-29,5,MOM63_10_GAINERS,10,0.023318023629359863
2026-09-30,1,N500_ALL,494,-0.009496355647372529
2026-09-30,1,N500_MOM63_10,9,-0.02082199374624083
2026-09-30,1,DISCOVERY_100,100,-0.011231194920064474
2026-09-30,1,ELIGIBLE,322,-0.00941931029227075
2026-09-30,1,MQS10,10,-0.00246558001671221
2026-09-30,1,MQS_BOTTOM10,10,-0.010941003178944596
2026-09-30,1,RAW10,10,-0.005202437214056765
2026-09-30,1,PERSIST10,10,-0.01710016540896544
2026-09-30,1,MOM63_10_GAINERS,10,-0.01814525246128538
2026-09-30,3,N500_ALL,494,0.00516748554696887
2026-09-30,3,N500_MOM63_10,9,0.007604779946782127
2026-09-30,3,DISCOVERY_100,100,0.0010798092715089225
2026-09-30,3,ELIGIBLE,322,0.004275021710589039
2026-09-30,3,MQS10,10,0.007694397566732447
2026-09-30,3,MQS_BOTTOM10,10,-0.005037686598839197
2026-09-30,3,RAW10,10,0.00300700767083939
2026-09-30,3,PERSIST10,10,0.0024645902236468233
2026-09-30,3,MOM63_10_GAINERS,10,0.011434945226957705
2026-10-01,1,N500_ALL,494,-0.0010121288260531614
2026-10-01,1,N500_MOM63_10,9,-0.0015531633258665984
2026-10-01,1,DISCOVERY_100,100,-0.005838943526684086
2026-10-01,1,ELIGIBLE,333,-0.0015154070915488736
2026-10-01,1,MQS10,10,-0.013315755207473023
2026-10-01,1,MQS_BOTTOM10,10,-0.017559967782384923
2026-10-01,1,RAW10,10,-0.014464979068272021
2026-10-01,1,PERSIST10,10,-0.008585529361094534
2026-10-01,1,MOM63_10_GAINERS,10,-0.0011923595443599
2026-10-01,3,N500_ALL,494,0.005747133536343463
2026-10-01,3,N500_MOM63_10,9,0.0327589645617877
2026-10-01,3,DISCOVERY_100,100,4.238653792739688e-06
2026-10-01,3,ELIGIBLE,333,0.005250569002874978
2026-10-01,3,MQS10,10,0.0023900757662761673
2026-10-01,3,MQS_BOTTOM10,10,-0.01526639754092517
2026-10-01,3,RAW10,10,-0.016678805850048363
2026-10-01,3,PERSIST10,10,0.0054519606330361795
2026-10-01,3,MOM63_10_GAINERS,10,0.028997370499070696
2026-10-05,1,N500_ALL,494,0.008702964917109514
2026-10-05,1,N500_MOM63_10,9,0.014928462182130077
2026-10-05,1,DISCOVERY_100,100,0.00645252657562403
2026-10-05,1,ELIGIBLE,324,0.00759010207584631
2026-10-05,1,MQS10,10,0.009619585691619326
2026-10-05,1,MQS_BOTTOM10,10,0.005774619535515358
2026-10-05,1,RAW10,10,-0.00201410079473231
2026-10-05,1,PERSIST10,10,0.005815555778806258
2026-10-05,1,MOM63_10_GAINERS,10,0.013200044703610825
2026-10-06,1,N500_ALL,494,-0.003648922045878557
2026-10-06,1,N500_MOM63_10,9,0.006248608572729735
2026-10-06,1,DISCOVERY_100,100,-0.0016608643623333519
2026-10-06,1,ELIGIBLE,340,-0.0025746213736761747
2026-10-06,1,MQS10,10,0.006744166528075135
2026-10-06,1,MQS_BOTTOM10,10,-0.009780250142758674
2026-10-06,1,RAW10,10,-0.000947713501696934
2026-10-06,1,PERSIST10,10,0.002891564729345286
2026-10-06,1,MOM63_10_GAINERS,10,0.009124795933486108
