date,book,symbol,side,qty,price,reason,entry
2026-09-21,c0.003,AUROPHARMA,buy,2.0,1709.8,ADD,1709.8
2026-09-21,c0.003,ACMESOLAR,buy,10.0,439.0,ADD,439.0
2026-09-21,c0.003,EMCURE,buy,2.0,2045.0,ADD,2045.0
2026-09-21,c0.003,LAURUSLABS,buy,2.0,1966.6,ADD,1966.6
2026-09-21,c0.003,ANTHEM,buy,4.0,939.7,ADD,939.7
2026-09-21,c0.003,RBLBANK,buy,11.0,408.0,ADD,408.0
2026-09-21,c0.003,SHYAMMETL,buy,4.0,1111.0,ADD,1111.0
2026-09-21,c0.003,RADICO,buy,1.0,4475.0,ADD,4475.0
2026-09-21,c0.003,PAYTM,buy,2.0,1823.0,ADD,1823.0
2026-09-21,c0.003,APLAPOLLO,buy,2.0,2224.2,ADD,2224.2
2026-09-21,c0.003,ANANDRATHI,buy,2.0,2229.0,ADD,2229.0
2026-09-21,c0.003,REDINGTON,buy,11.0,400.0,ADD,400.0
2026-09-21,c0.003,PVRINOX,buy,3.0,1328.7,ADD,1328.7
2026-09-21,c0.006,AUROPHARMA,buy,2.0,1709.8,ADD,1709.8
2026-09-21,c0.006,ACMESOLAR,buy,10.0,439.0,ADD,439.0
2026-09-21,c0.006,EMCURE,buy,2.0,2045.0,ADD,2045.0
2026-09-21,c0.006,LAURUSLABS,buy,2.0,1966.6,ADD,1966.6
2026-09-21,c0.006,ANTHEM,buy,4.0,939.7,ADD,939.7
2026-09-21,c0.006,RBLBANK,buy,11.0,408.0,ADD,408.0
2026-09-21,c0.006,SHYAMMETL,buy,4.0,1111.0,ADD,1111.0
2026-09-21,c0.006,RADICO,buy,1.0,4475.0,ADD,4475.0
2026-09-21,c0.006,PAYTM,buy,2.0,1823.0,ADD,1823.0
2026-09-21,c0.006,APLAPOLLO,buy,2.0,2224.2,ADD,2224.2
2026-09-21,c0.006,ANANDRATHI,buy,2.0,2229.0,ADD,2229.0
2026-09-21,c0.006,REDINGTON,buy,11.0,400.0,ADD,400.0
2026-09-21,c0.006,PVRINOX,buy,3.0,1328.7,ADD,1328.7
2026-09-21,c0.010,AUROPHARMA,buy,2.0,1709.8,ADD,1709.8
2026-09-21,c0.010,ACMESOLAR,buy,10.0,439.0,ADD,439.0
2026-09-21,c0.010,EMCURE,buy,2.0,2045.0,ADD,2045.0
2026-09-21,c0.010,LAURUSLABS,buy,2.0,1966.6,ADD,1966.6
2026-09-21,c0.010,ANTHEM,buy,4.0,939.7,ADD,939.7
2026-09-21,c0.010,RBLBANK,buy,11.0,408.0,ADD,408.0
2026-09-21,c0.010,SHYAMMETL,buy,4.0,1111.0,ADD,1111.0
2026-09-21,c0.010,RADICO,buy,1.0,4475.0,ADD,4475.0
2026-09-21,c0.010,PAYTM,buy,2.0,1823.0,ADD,1823.0
2026-09-21,c0.010,APLAPOLLO,buy,2.0,2224.2,ADD,2224.2
2026-09-21,c0.010,ANANDRATHI,buy,2.0,2229.0,ADD,2229.0
2026-09-21,c0.010,REDINGTON,buy,11.0,400.0,ADD,400.0
2026-09-21,c0.010,PVRINOX,buy,3.0,1328.7,ADD,1328.7
2026-09-21,frac0.006,AUROPHARMA,buy,2.6616981634282673,1709.8,ADD,1709.8
2026-09-21,frac0.006,ACMESOLAR,buy,10.603985331153625,439.0,ADD,439.0
2026-09-21,frac0.006,EMCURE,buy,2.3033160072784784,2045.0,ADD,2045.0
2026-09-21,frac0.006,LAURUSLABS,buy,2.3620187386819933,1966.6,ADD,1966.6
2026-09-21,frac0.006,ANTHEM,buy,4.970796570150366,939.7,ADD,939.7
2026-09-21,frac0.006,RBLBANK,buy,11.097342186546323,408.0,ADD,408.0
2026-09-21,frac0.006,SHYAMMETL,buy,4.195804195804196,1111.0,ADD,1111.0
2026-09-21,frac0.006,RADICO,buy,1.0176356253879737,4475.0,ADD,4475.0
2026-09-21,frac0.006,PAYTM,buy,2.4949373562812127,1823.0,ADD,1823.0
2026-09-21,frac0.006,APLAPOLLO,buy,2.0331195169308027,2224.2,ADD,2224.2
2026-09-21,frac0.006,ANANDRATHI,buy,2.0702362139520116,2229.0,ADD,2229.0
2026-09-21,frac0.006,REDINGTON,buy,11.542790084743316,400.0,ADD,400.0
2026-09-21,frac0.006,PVRINOX,buy,3.4189442305844375,1328.7,ADD PARTIAL,1328.7
2026-09-24,c0.003,ANTHEM,sell,4.0,877.0,REPLACED_BY_DIVISLAB,939.7
2026-09-24,c0.003,APLAPOLLO,sell,2.0,2177.0,REPLACED_BY_GLENMARK,2224.2
2026-09-24,c0.003,DIVISLAB,buy,1.0,9540.5,REPLACE,9540.5
2026-09-24,c0.003,GLENMARK,buy,1.0,2460.0,REPLACE,2460.0
2026-09-24,c0.003,PAYTM,sell,2.0,1730.5459,STOP,1823.0
2026-09-24,c0.006,ANTHEM,sell,4.0,877.0,REPLACED_BY_DIVISLAB,939.7
2026-09-24,c0.006,APLAPOLLO,sell,2.0,2177.0,REPLACED_BY_GLENMARK,2224.2
2026-09-24,c0.006,DIVISLAB,buy,1.0,9540.5,REPLACE,9540.5
2026-09-24,c0.006,GLENMARK,buy,1.0,2460.0,REPLACE,2460.0
2026-09-24,c0.006,PAYTM,sell,2.0,1730.5459,STOP,1823.0
2026-09-24,c0.010,ANTHEM,sell,4.0,877.0,REPLACED_BY_DIVISLAB,939.7
2026-09-24,c0.010,APLAPOLLO,sell,2.0,2177.0,REPLACED_BY_GLENMARK,2224.2
2026-09-24,c0.010,DIVISLAB,buy,1.0,9540.5,REPLACE,9540.5
2026-09-24,c0.010,GLENMARK,buy,1.0,2460.0,REPLACE,2460.0
2026-09-24,c0.010,PAYTM,sell,2.0,1730.5459,STOP,1823.0
2026-09-24,frac0.006,ANTHEM,sell,4.970796570150366,877.0,REPLACED_BY_DIVISLAB,939.7
2026-09-24,frac0.006,APLAPOLLO,sell,2.0331195169308027,2177.0,REPLACED_BY_GLENMARK,2224.2
2026-09-24,frac0.006,DIVISLAB,buy,0.477296412075572,9540.5,REPLACE,9540.5
2026-09-24,frac0.006,GLENMARK,buy,1.6988975967924977,2460.0,REPLACE PARTIAL,2460.0
2026-09-24,frac0.006,PAYTM,sell,2.4949373562812127,1730.5459,STOP,1823.0
2026-09-25,c0.003,ANANDRATHI,sell,2.0,2169.6,REPLACED_BY_VIJAYA,2229.0
2026-09-25,c0.003,EMCURE,sell,2.0,1958.7,REPLACED_BY_CASTROLIND,2045.0
2026-09-25,c0.003,ZYDUSLIFE,buy,3.0,1185.5,ADD,1185.5
2026-09-25,c0.003,VIJAYA,buy,2.0,1528.0,REPLACE,1528.0
2026-09-25,c0.003,CASTROLIND,buy,23.0,194.8,REPLACE,194.8
2026-09-25,c0.003,GLENMARK,sell,1.0,2366.7374,STOP,2460.0
2026-09-25,c0.006,ANANDRATHI,sell,2.0,2169.6,REPLACED_BY_VIJAYA,2229.0
2026-09-25,c0.006,EMCURE,sell,2.0,1958.7,REPLACED_BY_CASTROLIND,2045.0
2026-09-25,c0.006,ZYDUSLIFE,buy,3.0,1185.5,ADD,1185.5
2026-09-25,c0.006,VIJAYA,buy,2.0,1528.0,REPLACE,1528.0
2026-09-25,c0.006,CASTROLIND,buy,23.0,194.8,REPLACE,194.8
2026-09-25,c0.006,GLENMARK,sell,1.0,2366.7374,STOP,2460.0
2026-09-25,c0.010,ANANDRATHI,sell,2.0,2169.6,REPLACED_BY_VIJAYA,2229.0
2026-09-25,c0.010,EMCURE,sell,2.0,1958.7,REPLACED_BY_CASTROLIND,2045.0
2026-09-25,c0.010,ZYDUSLIFE,buy,3.0,1185.5,ADD,1185.5
2026-09-25,c0.010,VIJAYA,buy,2.0,1528.0,REPLACE,1528.0
2026-09-25,c0.010,CASTROLIND,buy,23.0,194.8,REPLACE,194.8
2026-09-25,c0.010,GLENMARK,sell,1.0,2366.7374,STOP,2460.0
2026-09-25,frac0.006,ANANDRATHI,sell,2.0702362139520116,2169.6,REPLACED_BY_VIJAYA,2229.0
2026-09-25,frac0.006,EMCURE,sell,2.3033160072784784,1958.7,REPLACED_BY_CASTROLIND,2045.0
2026-09-25,frac0.006,ZYDUSLIFE,buy,3.8337424179319317,1185.5,ADD,1185.5
2026-09-25,frac0.006,VIJAYA,buy,2.9642752544284696,1528.0,REPLACE,1528.0
2026-09-25,frac0.006,CASTROLIND,buy,21.389598530963205,194.8,REPLACE PARTIAL,194.8
2026-09-25,frac0.006,GLENMARK,sell,1.6988975967924977,2366.7374,STOP,2460.0
2026-09-28,c0.003,RBLBANK,sell,11.0,412.0,REPLACED_BY_ETERNAL,408.0
2026-09-28,c0.003,PVRINOX,sell,3.0,1252.0,REPLACED_BY_NAVINFLUOR,1328.7
2026-09-28,c0.003,SONACOMS,buy,5.0,824.5,ADD,824.5
2026-09-28,c0.003,ETERNAL,buy,13.0,335.05,REPLACE,335.05
2026-09-28,c0.006,RBLBANK,sell,11.0,412.0,REPLACED_BY_ETERNAL,408.0
2026-09-28,c0.006,PVRINOX,sell,3.0,1252.0,REPLACED_BY_NAVINFLUOR,1328.7
2026-09-28,c0.006,SONACOMS,buy,5.0,824.5,ADD,824.5
2026-09-28,c0.006,ETERNAL,buy,13.0,335.05,REPLACE,335.05
2026-09-28,c0.010,RBLBANK,sell,11.0,412.0,REPLACED_BY_ETERNAL,408.0
2026-09-28,c0.010,PVRINOX,sell,3.0,1252.0,REPLACED_BY_NAVINFLUOR,1328.7
2026-09-28,c0.010,SONACOMS,buy,5.0,824.5,ADD,824.5
2026-09-28,c0.010,ETERNAL,buy,13.0,335.05,REPLACE,335.05
2026-09-28,frac0.006,RBLBANK,sell,11.097342186546323,412.0,REPLACED_BY_ETERNAL,408.0
2026-09-28,frac0.006,PVRINOX,sell,3.4189442305844375,1252.0,REPLACED_BY_NAVINFLUOR,1328.7
2026-09-28,frac0.006,SONACOMS,buy,5.485696830312076,824.5,ADD,824.5
2026-09-28,frac0.006,ETERNAL,buy,13.501364288335242,335.05,REPLACE,335.05
2026-09-28,frac0.006,NAVINFLUOR,buy,0.43692032345258963,8582.5,REPLACE PARTIAL,8582.5
2026-09-29,c0.003,SHYAMMETL,sell,4.0,1064.0,REPLACED_BY_SYRMA,1111.0
2026-09-29,c0.003,WELSPUNLIV,buy,19.0,226.21,ADD,226.21
2026-09-29,c0.003,SYRMA,buy,2.0,1745.0,REPLACE,1745.0
2026-09-29,c0.006,SHYAMMETL,sell,4.0,1064.0,REPLACED_BY_SYRMA,1111.0
2026-09-29,c0.006,WELSPUNLIV,buy,19.0,226.21,ADD,226.21
2026-09-29,c0.006,SYRMA,buy,2.0,1745.0,REPLACE,1745.0
2026-09-29,c0.010,SHYAMMETL,sell,4.0,1064.0,REPLACED_BY_SYRMA,1111.0
2026-09-29,c0.010,WELSPUNLIV,buy,19.0,226.21,ADD,226.21
2026-09-29,c0.010,SYRMA,buy,2.0,1745.0,REPLACE,1745.0
2026-09-29,frac0.006,SHYAMMETL,sell,4.195804195804196,1064.0,REPLACED_BY_WELSPUNLIV,1111.0
2026-09-29,frac0.006,WELSPUNLIV,buy,19.617301481095193,226.21,REPLACE PARTIAL,226.21
2026-09-30,c0.003,ACMESOLAR,sell,10.0,441.3,REPLACED_BY_MANKIND,439.0
2026-09-30,c0.003,VIJAYA,sell,2.0,1486.3,REPLACED_BY_LALPATHLAB,1528.0
2026-09-30,c0.003,MANKIND,buy,1.0,2545.0,REPLACE,2545.0
2026-09-30,c0.003,LALPATHLAB,buy,2.0,1946.0,REPLACE,1946.0
2026-09-30,c0.003,AUROPHARMA,sell,2.0,1657.0081,STOP,1709.8
2026-09-30,c0.003,ETERNAL,sell,13.0,319.7111,STOP,335.05
2026-09-30,c0.006,ACMESOLAR,sell,10.0,441.3,REPLACED_BY_MANKIND,439.0
2026-09-30,c0.006,VIJAYA,sell,2.0,1486.3,REPLACED_BY_LALPATHLAB,1528.0
2026-09-30,c0.006,MANKIND,buy,1.0,2545.0,REPLACE,2545.0
2026-09-30,c0.006,LALPATHLAB,buy,2.0,1946.0,REPLACE,1946.0
2026-09-30,c0.006,AUROPHARMA,sell,2.0,1657.0081,STOP,1709.8
2026-09-30,c0.006,ETERNAL,sell,13.0,319.7111,STOP,335.05
2026-09-30,c0.010,ACMESOLAR,sell,10.0,441.3,REPLACED_BY_MANKIND,439.0
2026-09-30,c0.010,VIJAYA,sell,2.0,1486.3,REPLACED_BY_LALPATHLAB,1528.0
2026-09-30,c0.010,MANKIND,buy,1.0,2545.0,REPLACE,2545.0
2026-09-30,c0.010,LALPATHLAB,buy,2.0,1946.0,REPLACE,1946.0
2026-09-30,c0.010,AUROPHARMA,sell,2.0,1657.0081,STOP,1709.8
2026-09-30,c0.010,ETERNAL,sell,13.0,319.7111,STOP,335.05
2026-09-30,frac0.006,ACMESOLAR,sell,10.603985331153625,441.3,REPLACED_BY_MANKIND,439.0
2026-09-30,frac0.006,VIJAYA,sell,2.9642752544284696,1486.3,REPLACED_BY_LALPATHLAB,1528.0
2026-09-30,frac0.006,MANKIND,buy,1.7417332634751033,2545.0,REPLACE,2545.0
2026-09-30,frac0.006,LALPATHLAB,buy,2.2727190092002347,1946.0,REPLACE,1946.0
2026-09-30,frac0.006,AUROPHARMA,sell,2.6616981634282673,1657.0081,STOP,1709.8
2026-09-30,frac0.006,ETERNAL,sell,13.501364288335242,319.7111,STOP,335.05
2026-10-01,c0.003,KOTAKBANK,buy,10.0,426.0,ADD,426.0
2026-10-01,c0.003,AJANTPHARM,buy,1.0,3588.0,ADD,3588.0
2026-10-01,c0.003,RADICO,sell,1.0,4337.5706,STOP,4475.0
2026-10-01,c0.003,DIVISLAB,sell,1.0,9245.188,STOP,9540.5
2026-10-01,c0.003,ZYDUSLIFE,sell,3.0,1124.9058,STOP,1185.5
2026-10-01,c0.006,KOTAKBANK,buy,10.0,426.0,ADD,426.0
2026-10-01,c0.006,AJANTPHARM,buy,1.0,3588.0,ADD,3588.0
2026-10-01,c0.006,RADICO,sell,1.0,4337.5706,STOP,4475.0
2026-10-01,c0.006,DIVISLAB,sell,1.0,9245.188,STOP,9540.5
2026-10-01,c0.006,ZYDUSLIFE,sell,3.0,1124.9058,STOP,1185.5
2026-10-01,c0.010,KOTAKBANK,buy,10.0,426.0,ADD,426.0
2026-10-01,c0.010,AJANTPHARM,buy,1.0,3588.0,ADD,3588.0
2026-10-01,c0.010,RADICO,sell,1.0,4337.5706,STOP,4475.0
2026-10-01,c0.010,DIVISLAB,sell,1.0,9245.188,STOP,9540.5
2026-10-01,c0.010,ZYDUSLIFE,sell,3.0,1124.9058,STOP,1185.5
2026-10-01,frac0.006,KOTAKBANK,buy,10.58204182737488,426.0,ADD,426.0
2026-10-01,frac0.006,AJANTPHARM,buy,1.210257931000397,3588.0,ADD PARTIAL,3588.0
2026-10-01,frac0.006,RADICO,sell,1.0176356253879737,4337.5706,STOP,4475.0
2026-10-01,frac0.006,DIVISLAB,sell,0.477296412075572,9245.188,STOP,9540.5
2026-10-01,frac0.006,ZYDUSLIFE,sell,3.8337424179319317,1124.9058,STOP,1185.5
2026-10-01,frac0.006,NAVINFLUOR,sell,0.43692032345258963,8149.3708,STOP,8582.5
2026-10-02,c0.003,IPCALAB,buy,2.0,1929.9,ADD,1929.9
2026-10-02,c0.003,PETRONET,buy,15.0,284.5,ADD,284.5
2026-10-02,c0.003,MCX,buy,1.0,3300.0,ADD,3300.0
2026-10-02,c0.006,IPCALAB,buy,2.0,1929.9,ADD,1929.9
2026-10-02,c0.006,PETRONET,buy,15.0,284.5,ADD,284.5
2026-10-02,c0.006,MCX,buy,1.0,3300.0,ADD,3300.0
2026-10-02,c0.010,IPCALAB,buy,2.0,1929.9,ADD,1929.9
2026-10-02,c0.010,PETRONET,buy,15.0,284.5,ADD,284.5
2026-10-02,c0.010,MCX,buy,1.0,3300.0,ADD,3300.0
2026-10-02,frac0.006,IPCALAB,buy,2.25750070954571,1929.9,ADD,1929.9
2026-10-02,frac0.006,PETRONET,buy,15.36523775407784,284.5,ADD,284.5
2026-10-02,frac0.006,MCX,buy,1.3691558610453256,3300.0,ADD,3300.0
2026-10-02,frac0.006,KAJARIACER,buy,2.7186372242380976,1233.6,ADD PARTIAL,1233.6
2026-10-05,c0.003,LALPATHLAB,sell,2.0,2005.9,INELIGIBLE,1946.0
2026-10-05,c0.003,AJANTPHARM,sell,1.0,3581.4,INELIGIBLE,3588.0
2026-10-05,c0.003,PETRONET,sell,15.0,287.5,INELIGIBLE,284.5
2026-10-05,c0.006,LALPATHLAB,sell,2.0,2005.9,INELIGIBLE,1946.0
2026-10-05,c0.006,AJANTPHARM,sell,1.0,3581.4,INELIGIBLE,3588.0
2026-10-05,c0.006,PETRONET,sell,15.0,287.5,INELIGIBLE,284.5
2026-10-05,c0.010,LALPATHLAB,sell,2.0,2005.9,INELIGIBLE,1946.0
2026-10-05,c0.010,AJANTPHARM,sell,1.0,3581.4,INELIGIBLE,3588.0
2026-10-05,c0.010,PETRONET,sell,15.0,287.5,INELIGIBLE,284.5
2026-10-05,frac0.006,LALPATHLAB,sell,2.2727190092002347,2005.9,INELIGIBLE,1946.0
2026-10-05,frac0.006,AJANTPHARM,sell,1.210257931000397,3581.4,INELIGIBLE,3588.0
2026-10-05,frac0.006,PETRONET,sell,15.36523775407784,287.5,INELIGIBLE,284.5
2026-10-06,c0.003,SONACOMS,sell,5.0,799.7,REPLACED_BY_ADANIPORTS,824.5
2026-10-06,c0.003,LALPATHLAB,buy,2.0,1993.2,ADD,1993.2
2026-10-06,c0.003,GESHIP,buy,2.0,1565.0,ADD,1565.0
2026-10-06,c0.003,RBLBANK,buy,10.0,416.95,ADD,416.95
2026-10-06,c0.003,ADANIPORTS,buy,2.0,1773.1,REPLACE,1773.1
2026-10-06,c0.006,SONACOMS,sell,5.0,799.7,REPLACED_BY_ADANIPORTS,824.5
2026-10-06,c0.006,LALPATHLAB,buy,2.0,1993.2,ADD,1993.2
2026-10-06,c0.006,GESHIP,buy,2.0,1565.0,ADD,1565.0
2026-10-06,c0.006,RBLBANK,buy,10.0,416.95,ADD,416.95
2026-10-06,c0.006,ADANIPORTS,buy,2.0,1773.1,REPLACE,1773.1
2026-10-06,c0.010,SONACOMS,sell,5.0,799.7,REPLACED_BY_ADANIPORTS,824.5
2026-10-06,c0.010,LALPATHLAB,buy,2.0,1993.2,ADD,1993.2
2026-10-06,c0.010,GESHIP,buy,2.0,1565.0,ADD,1565.0
2026-10-06,c0.010,RBLBANK,buy,10.0,416.95,ADD,416.95
2026-10-06,c0.010,ADANIPORTS,buy,2.0,1773.1,REPLACE,1773.1
2026-10-06,frac0.006,SONACOMS,sell,5.485696830312076,799.7,REPLACED_BY_ADANIPORTS,824.5
2026-10-06,frac0.006,LALPATHLAB,buy,2.209831366167993,1993.2,ADD,1993.2
2026-10-06,frac0.006,GESHIP,buy,2.7937154954960337,1565.0,ADD,1565.0
2026-10-06,frac0.006,RBLBANK,buy,10.457905586668984,416.95,ADD,416.95
2026-10-06,frac0.006,ADANIPORTS,buy,2.455603479214749,1773.1,REPLACE,1773.1
2026-10-07,c0.003,SYRMA,sell,2.0,1690.7,REPLACED_BY_PETRONET,1745.0
2026-10-07,c0.003,CASTROLIND,sell,23.0,200.2,REPLACED_BY_GLAND,194.8
2026-10-07,c0.003,PETRONET,buy,14.0,295.0,REPLACE,295.0
2026-10-07,c0.003,GLAND,buy,1.0,3026.0,REPLACE,3026.0
2026-10-07,c0.006,SYRMA,sell,2.0,1690.7,REPLACED_BY_PETRONET,1745.0
2026-10-07,c0.006,CASTROLIND,sell,23.0,200.2,REPLACED_BY_GLAND,194.8
2026-10-07,c0.006,PETRONET,buy,14.0,295.0,REPLACE,295.0
2026-10-07,c0.006,GLAND,buy,1.0,3026.0,REPLACE,3026.0
2026-10-07,c0.010,SYRMA,sell,2.0,1690.7,REPLACED_BY_PETRONET,1745.0
2026-10-07,c0.010,CASTROLIND,sell,23.0,200.2,REPLACED_BY_GLAND,194.8
2026-10-07,c0.010,PETRONET,buy,14.0,295.0,REPLACE,295.0
2026-10-07,c0.010,GLAND,buy,1.0,3026.0,REPLACE,3026.0
2026-10-07,frac0.006,KAJARIACER,sell,2.7186372242380976,1217.7,REPLACED_BY_PETRONET,1233.6
2026-10-07,frac0.006,CASTROLIND,sell,21.389598530963205,200.2,REPLACED_BY_GLAND,194.8
2026-10-07,frac0.006,PETRONET,buy,14.753477619321302,295.0,REPLACE,295.0
2026-10-07,frac0.006,GLAND,buy,1.0890764986175068,3026.0,REPLACE PARTIAL,3026.0
