symbol,action,code,mqs,date,book
AUROPHARMA,ADD,FREE_SLOT,83.95713932297035,2026-09-18,c0.003
ACMESOLAR,ADD,FREE_SLOT,83.864624994846,2026-09-18,c0.003
EMCURE,ADD,FREE_SLOT,83.78308869005896,2026-09-18,c0.003
LAURUSLABS,ADD,FREE_SLOT,83.64068362676782,2026-09-18,c0.003
ANTHEM,ADD,FREE_SLOT,81.06156970271718,2026-09-18,c0.003
RBLBANK,ADD,FREE_SLOT,80.86491877293531,2026-09-18,c0.003
SHYAMMETL,ADD,FREE_SLOT,80.60363666350554,2026-09-18,c0.003
RADICO,ADD,FREE_SLOT,77.50765369232673,2026-09-18,c0.003
PAYTM,ADD,FREE_SLOT,77.36017193749227,2026-09-18,c0.003
APLAPOLLO,ADD,FREE_SLOT,76.9723075495815,2026-09-18,c0.003
ANANDRATHI,ADD,FREE_SLOT,76.18137446913784,2026-09-18,c0.003
REDINGTON,ADD,FREE_SLOT,76.05303983012409,2026-09-18,c0.003
PVRINOX,ADD,FREE_SLOT,75.6812559271018,2026-09-18,c0.003
ABBOTINDIA,WATCH,NOT_AFFORDABLE,77.69131653816022,2026-09-18,c0.003
AEGISVOPAK,WATCH,STOP_TOO_WIDE,75.5769904754051,2026-09-18,c0.003
GLENMARK,WATCH,NO_SLOT,75.3258102090463,2026-09-18,c0.003
APARINDS,WATCH,NOT_AFFORDABLE,75.26344679008783,2026-09-18,c0.003
VIJAYA,WATCH,NO_SLOT,74.53467096853998,2026-09-18,c0.003
WELCORP,WATCH,STOP_TOO_WIDE,74.41692780274606,2026-09-18,c0.003
ACE,WATCH,NO_SLOT,74.40901641034098,2026-09-18,c0.003
GLAND,WATCH,NO_SLOT,73.37169628499568,2026-09-18,c0.003
PETRONET,WATCH,NO_SLOT,72.85547148806333,2026-09-18,c0.003
PFOCUS,WATCH,NO_SLOT,71.99454706634232,2026-09-18,c0.003
SYRMA,WATCH,NO_SLOT,71.89319362553087,2026-09-18,c0.003
MEDANTA,WATCH,NO_SLOT,71.62327856347669,2026-09-18,c0.003
PNB,WATCH,NO_SLOT,71.40289345647962,2026-09-18,c0.003
ABCAPITAL,WATCH,NO_SLOT,71.34751370964418,2026-09-18,c0.003
KOTAKBANK,WATCH,NO_SLOT,71.32377953242897,2026-09-18,c0.003
AUROPHARMA,ADD,FREE_SLOT,83.95713932297035,2026-09-18,c0.006
ACMESOLAR,ADD,FREE_SLOT,83.864624994846,2026-09-18,c0.006
EMCURE,ADD,FREE_SLOT,83.78308869005896,2026-09-18,c0.006
LAURUSLABS,ADD,FREE_SLOT,83.64068362676782,2026-09-18,c0.006
ANTHEM,ADD,FREE_SLOT,81.06156970271718,2026-09-18,c0.006
RBLBANK,ADD,FREE_SLOT,80.86491877293531,2026-09-18,c0.006
SHYAMMETL,ADD,FREE_SLOT,80.60363666350554,2026-09-18,c0.006
RADICO,ADD,FREE_SLOT,77.50765369232673,2026-09-18,c0.006
PAYTM,ADD,FREE_SLOT,77.36017193749227,2026-09-18,c0.006
APLAPOLLO,ADD,FREE_SLOT,76.9723075495815,2026-09-18,c0.006
ANANDRATHI,ADD,FREE_SLOT,76.18137446913784,2026-09-18,c0.006
REDINGTON,ADD,FREE_SLOT,76.05303983012409,2026-09-18,c0.006
PVRINOX,ADD,FREE_SLOT,75.6812559271018,2026-09-18,c0.006
ABBOTINDIA,WATCH,NOT_AFFORDABLE,77.69131653816022,2026-09-18,c0.006
AEGISVOPAK,WATCH,STOP_TOO_WIDE,75.5769904754051,2026-09-18,c0.006
GLENMARK,WATCH,NO_SLOT,75.3258102090463,2026-09-18,c0.006
APARINDS,WATCH,NOT_AFFORDABLE,75.26344679008783,2026-09-18,c0.006
VIJAYA,WATCH,NO_SLOT,74.53467096853998,2026-09-18,c0.006
WELCORP,WATCH,STOP_TOO_WIDE,74.41692780274606,2026-09-18,c0.006
ACE,WATCH,NO_SLOT,74.40901641034098,2026-09-18,c0.006
GLAND,WATCH,NO_SLOT,73.37169628499568,2026-09-18,c0.006
PETRONET,WATCH,NO_SLOT,72.85547148806333,2026-09-18,c0.006
PFOCUS,WATCH,NO_SLOT,71.99454706634232,2026-09-18,c0.006
SYRMA,WATCH,NO_SLOT,71.89319362553087,2026-09-18,c0.006
MEDANTA,WATCH,NO_SLOT,71.62327856347669,2026-09-18,c0.006
PNB,WATCH,NO_SLOT,71.40289345647962,2026-09-18,c0.006
ABCAPITAL,WATCH,NO_SLOT,71.34751370964418,2026-09-18,c0.006
KOTAKBANK,WATCH,NO_SLOT,71.32377953242897,2026-09-18,c0.006
AUROPHARMA,ADD,FREE_SLOT,83.95713932297035,2026-09-18,c0.010
ACMESOLAR,ADD,FREE_SLOT,83.864624994846,2026-09-18,c0.010
EMCURE,ADD,FREE_SLOT,83.78308869005896,2026-09-18,c0.010
LAURUSLABS,ADD,FREE_SLOT,83.64068362676782,2026-09-18,c0.010
ANTHEM,ADD,FREE_SLOT,81.06156970271718,2026-09-18,c0.010
RBLBANK,ADD,FREE_SLOT,80.86491877293531,2026-09-18,c0.010
SHYAMMETL,ADD,FREE_SLOT,80.60363666350554,2026-09-18,c0.010
RADICO,ADD,FREE_SLOT,77.50765369232673,2026-09-18,c0.010
PAYTM,ADD,FREE_SLOT,77.36017193749227,2026-09-18,c0.010
APLAPOLLO,ADD,FREE_SLOT,76.9723075495815,2026-09-18,c0.010
ANANDRATHI,ADD,FREE_SLOT,76.18137446913784,2026-09-18,c0.010
REDINGTON,ADD,FREE_SLOT,76.05303983012409,2026-09-18,c0.010
PVRINOX,ADD,FREE_SLOT,75.6812559271018,2026-09-18,c0.010
ABBOTINDIA,WATCH,NOT_AFFORDABLE,77.69131653816022,2026-09-18,c0.010
AEGISVOPAK,WATCH,STOP_TOO_WIDE,75.5769904754051,2026-09-18,c0.010
GLENMARK,WATCH,NO_SLOT,75.3258102090463,2026-09-18,c0.010
APARINDS,WATCH,NOT_AFFORDABLE,75.26344679008783,2026-09-18,c0.010
VIJAYA,WATCH,NO_SLOT,74.53467096853998,2026-09-18,c0.010
WELCORP,WATCH,STOP_TOO_WIDE,74.41692780274606,2026-09-18,c0.010
ACE,WATCH,NO_SLOT,74.40901641034098,2026-09-18,c0.010
GLAND,WATCH,NO_SLOT,73.37169628499568,2026-09-18,c0.010
PETRONET,WATCH,NO_SLOT,72.85547148806333,2026-09-18,c0.010
PFOCUS,WATCH,NO_SLOT,71.99454706634232,2026-09-18,c0.010
SYRMA,WATCH,NO_SLOT,71.89319362553087,2026-09-18,c0.010
MEDANTA,WATCH,NO_SLOT,71.62327856347669,2026-09-18,c0.010
PNB,WATCH,NO_SLOT,71.40289345647962,2026-09-18,c0.010
ABCAPITAL,WATCH,NO_SLOT,71.34751370964418,2026-09-18,c0.010
KOTAKBANK,WATCH,NO_SLOT,71.32377953242897,2026-09-18,c0.010
AUROPHARMA,ADD,FREE_SLOT,83.95713932297035,2026-09-18,frac0.006
ACMESOLAR,ADD,FREE_SLOT,83.864624994846,2026-09-18,frac0.006
EMCURE,ADD,FREE_SLOT,83.78308869005896,2026-09-18,frac0.006
LAURUSLABS,ADD,FREE_SLOT,83.64068362676782,2026-09-18,frac0.006
ANTHEM,ADD,FREE_SLOT,81.06156970271718,2026-09-18,frac0.006
RBLBANK,ADD,FREE_SLOT,80.86491877293531,2026-09-18,frac0.006
SHYAMMETL,ADD,FREE_SLOT,80.60363666350554,2026-09-18,frac0.006
RADICO,ADD,FREE_SLOT,77.50765369232673,2026-09-18,frac0.006
PAYTM,ADD,FREE_SLOT,77.36017193749227,2026-09-18,frac0.006
APLAPOLLO,ADD,FREE_SLOT,76.9723075495815,2026-09-18,frac0.006
ANANDRATHI,ADD,FREE_SLOT,76.18137446913784,2026-09-18,frac0.006
REDINGTON,ADD,FREE_SLOT,76.05303983012409,2026-09-18,frac0.006
PVRINOX,ADD,FREE_SLOT,75.6812559271018,2026-09-18,frac0.006
ABBOTINDIA,WATCH,NOT_AFFORDABLE,77.69131653816022,2026-09-18,frac0.006
AEGISVOPAK,WATCH,STOP_TOO_WIDE,75.5769904754051,2026-09-18,frac0.006
GLENMARK,WATCH,NO_SLOT,75.3258102090463,2026-09-18,frac0.006
APARINDS,WATCH,NOT_AFFORDABLE,75.26344679008783,2026-09-18,frac0.006
VIJAYA,WATCH,NO_SLOT,74.53467096853998,2026-09-18,frac0.006
WELCORP,WATCH,STOP_TOO_WIDE,74.41692780274606,2026-09-18,frac0.006
ACE,WATCH,NO_SLOT,74.40901641034098,2026-09-18,frac0.006
GLAND,WATCH,NO_SLOT,73.37169628499568,2026-09-18,frac0.006
PETRONET,WATCH,NO_SLOT,72.85547148806333,2026-09-18,frac0.006
PFOCUS,WATCH,NO_SLOT,71.99454706634232,2026-09-18,frac0.006
SYRMA,WATCH,NO_SLOT,71.89319362553087,2026-09-18,frac0.006
MEDANTA,WATCH,NO_SLOT,71.62327856347669,2026-09-18,frac0.006
PNB,WATCH,NO_SLOT,71.40289345647962,2026-09-18,frac0.006
ABCAPITAL,WATCH,NO_SLOT,71.34751370964418,2026-09-18,frac0.006
KOTAKBANK,WATCH,NO_SLOT,71.32377953242897,2026-09-18,frac0.006
AUROPHARMA,KEEP,,85.55384900837008,2026-09-21,c0.003
ACMESOLAR,KEEP,,79.47101904918979,2026-09-21,c0.003
EMCURE,KEEP,,77.53960850204098,2026-09-21,c0.003
LAURUSLABS,KEEP,,85.60922875520552,2026-09-21,c0.003
ANTHEM,KEEP,,69.08233002102833,2026-09-21,c0.003
RBLBANK,KEEP,,72.65897517832846,2026-09-21,c0.003
SHYAMMETL,KEEP,,76.0574207314559,2026-09-21,c0.003
RADICO,KEEP,,70.1453943841999,2026-09-21,c0.003
PAYTM,KEEP,,84.34410176060693,2026-09-21,c0.003
APLAPOLLO,KEEP,,64.78368655424072,2026-09-21,c0.003
ANANDRATHI,KEEP,,72.09193403578877,2026-09-21,c0.003
REDINGTON,KEEP,,72.19184224632004,2026-09-21,c0.003
PVRINOX,KEEP,,78.07490310477056,2026-09-21,c0.003
AEGISVOPAK,WATCH,STOP_TOO_WIDE,82.99068671916875,2026-09-21,c0.003
AEGISLOG,WATCH,STOP_TOO_WIDE,78.18056013689028,2026-09-21,c0.003
TORNTPHARM,WATCH,NO_SLOT,77.64245660330681,2026-09-21,c0.003
SANSERA,WATCH,NO_SLOT,76.83075289654889,2026-09-21,c0.003
HOMEFIRST,WATCH,NO_SLOT,76.80454479858162,2026-09-21,c0.003
GLENMARK,WATCH,NO_SLOT,76.70891229950934,2026-09-21,c0.003
ETERNAL,WATCH,NO_SLOT,76.46664845586113,2026-09-21,c0.003
CONCORDBIO,WATCH,NO_SLOT,76.42410217292706,2026-09-21,c0.003
BAJAJHLDNG,WATCH,NO_SLOT,75.95802581123984,2026-09-21,c0.003
ACE,WATCH,NO_SLOT,75.068496680823,2026-09-21,c0.003
LALPATHLAB,WATCH,NO_SLOT,74.00321609697767,2026-09-21,c0.003
TBOTEK,WATCH,NO_SLOT,73.87962313940542,2026-09-21,c0.003
ZYDUSLIFE,WATCH,NO_SLOT,73.64720343874984,2026-09-21,c0.003
VIJAYA,WATCH,NO_SLOT,73.31492495773719,2026-09-21,c0.003
LICHSGFIN,WATCH,NO_SLOT,73.30770935554365,2026-09-21,c0.003
AUROPHARMA,KEEP,,85.55384900837008,2026-09-21,c0.006
ACMESOLAR,KEEP,,79.47101904918979,2026-09-21,c0.006
EMCURE,KEEP,,77.53960850204098,2026-09-21,c0.006
LAURUSLABS,KEEP,,85.60922875520552,2026-09-21,c0.006
ANTHEM,KEEP,,69.08233002102833,2026-09-21,c0.006
RBLBANK,KEEP,,72.65897517832846,2026-09-21,c0.006
SHYAMMETL,KEEP,,76.0574207314559,2026-09-21,c0.006
RADICO,KEEP,,70.1453943841999,2026-09-21,c0.006
PAYTM,KEEP,,84.34410176060693,2026-09-21,c0.006
APLAPOLLO,KEEP,,64.78368655424072,2026-09-21,c0.006
ANANDRATHI,KEEP,,72.09193403578877,2026-09-21,c0.006
REDINGTON,KEEP,,72.19184224632004,2026-09-21,c0.006
PVRINOX,KEEP,,78.07490310477056,2026-09-21,c0.006
AEGISVOPAK,WATCH,STOP_TOO_WIDE,82.99068671916875,2026-09-21,c0.006
AEGISLOG,WATCH,STOP_TOO_WIDE,78.18056013689028,2026-09-21,c0.006
TORNTPHARM,WATCH,NO_SLOT,77.64245660330681,2026-09-21,c0.006
SANSERA,WATCH,NO_SLOT,76.83075289654889,2026-09-21,c0.006
HOMEFIRST,WATCH,NO_SLOT,76.80454479858162,2026-09-21,c0.006
GLENMARK,WATCH,NO_SLOT,76.70891229950934,2026-09-21,c0.006
ETERNAL,WATCH,NO_SLOT,76.46664845586113,2026-09-21,c0.006
CONCORDBIO,WATCH,NO_SLOT,76.42410217292706,2026-09-21,c0.006
BAJAJHLDNG,WATCH,NO_SLOT,75.95802581123984,2026-09-21,c0.006
ACE,WATCH,NO_SLOT,75.068496680823,2026-09-21,c0.006
LALPATHLAB,WATCH,NO_SLOT,74.00321609697767,2026-09-21,c0.006
TBOTEK,WATCH,NO_SLOT,73.87962313940542,2026-09-21,c0.006
ZYDUSLIFE,WATCH,NO_SLOT,73.64720343874984,2026-09-21,c0.006
VIJAYA,WATCH,NO_SLOT,73.31492495773719,2026-09-21,c0.006
LICHSGFIN,WATCH,NO_SLOT,73.30770935554365,2026-09-21,c0.006
AUROPHARMA,KEEP,,85.55384900837008,2026-09-21,c0.010
ACMESOLAR,KEEP,,79.47101904918979,2026-09-21,c0.010
EMCURE,KEEP,,77.53960850204098,2026-09-21,c0.010
LAURUSLABS,KEEP,,85.60922875520552,2026-09-21,c0.010
ANTHEM,KEEP,,69.08233002102833,2026-09-21,c0.010
RBLBANK,KEEP,,72.65897517832846,2026-09-21,c0.010
SHYAMMETL,KEEP,,76.0574207314559,2026-09-21,c0.010
RADICO,KEEP,,70.1453943841999,2026-09-21,c0.010
PAYTM,KEEP,,84.34410176060693,2026-09-21,c0.010
APLAPOLLO,KEEP,,64.78368655424072,2026-09-21,c0.010
ANANDRATHI,KEEP,,72.09193403578877,2026-09-21,c0.010
REDINGTON,KEEP,,72.19184224632004,2026-09-21,c0.010
PVRINOX,KEEP,,78.07490310477056,2026-09-21,c0.010
AEGISVOPAK,WATCH,STOP_TOO_WIDE,82.99068671916875,2026-09-21,c0.010
AEGISLOG,WATCH,STOP_TOO_WIDE,78.18056013689028,2026-09-21,c0.010
TORNTPHARM,WATCH,NO_SLOT,77.64245660330681,2026-09-21,c0.010
SANSERA,WATCH,NO_SLOT,76.83075289654889,2026-09-21,c0.010
HOMEFIRST,WATCH,NO_SLOT,76.80454479858162,2026-09-21,c0.010
GLENMARK,WATCH,NO_SLOT,76.70891229950934,2026-09-21,c0.010
ETERNAL,WATCH,NO_SLOT,76.46664845586113,2026-09-21,c0.010
CONCORDBIO,WATCH,NO_SLOT,76.42410217292706,2026-09-21,c0.010
BAJAJHLDNG,WATCH,NO_SLOT,75.95802581123984,2026-09-21,c0.010
ACE,WATCH,NO_SLOT,75.068496680823,2026-09-21,c0.010
LALPATHLAB,WATCH,NO_SLOT,74.00321609697767,2026-09-21,c0.010
TBOTEK,WATCH,NO_SLOT,73.87962313940542,2026-09-21,c0.010
ZYDUSLIFE,WATCH,NO_SLOT,73.64720343874984,2026-09-21,c0.010
VIJAYA,WATCH,NO_SLOT,73.31492495773719,2026-09-21,c0.010
LICHSGFIN,WATCH,NO_SLOT,73.30770935554365,2026-09-21,c0.010
AUROPHARMA,KEEP,,85.55384900837008,2026-09-21,frac0.006
ACMESOLAR,KEEP,,79.47101904918979,2026-09-21,frac0.006
EMCURE,KEEP,,77.53960850204098,2026-09-21,frac0.006
LAURUSLABS,KEEP,,85.60922875520552,2026-09-21,frac0.006
ANTHEM,KEEP,,69.08233002102833,2026-09-21,frac0.006
RBLBANK,KEEP,,72.65897517832846,2026-09-21,frac0.006
SHYAMMETL,KEEP,,76.0574207314559,2026-09-21,frac0.006
RADICO,KEEP,,70.1453943841999,2026-09-21,frac0.006
PAYTM,KEEP,,84.34410176060693,2026-09-21,frac0.006
APLAPOLLO,KEEP,,64.78368655424072,2026-09-21,frac0.006
ANANDRATHI,KEEP,,72.09193403578877,2026-09-21,frac0.006
REDINGTON,KEEP,,72.19184224632004,2026-09-21,frac0.006
PVRINOX,KEEP,,78.07490310477056,2026-09-21,frac0.006
AEGISVOPAK,WATCH,STOP_TOO_WIDE,82.99068671916875,2026-09-21,frac0.006
AEGISLOG,WATCH,STOP_TOO_WIDE,78.18056013689028,2026-09-21,frac0.006
TORNTPHARM,WATCH,NO_SLOT,77.64245660330681,2026-09-21,frac0.006
SANSERA,WATCH,NO_SLOT,76.83075289654889,2026-09-21,frac0.006
HOMEFIRST,WATCH,NO_SLOT,76.80454479858162,2026-09-21,frac0.006
GLENMARK,WATCH,NO_SLOT,76.70891229950934,2026-09-21,frac0.006
ETERNAL,WATCH,NO_SLOT,76.46664845586113,2026-09-21,frac0.006
CONCORDBIO,WATCH,NO_SLOT,76.42410217292706,2026-09-21,frac0.006
BAJAJHLDNG,WATCH,NO_SLOT,75.95802581123984,2026-09-21,frac0.006
ACE,WATCH,NO_SLOT,75.068496680823,2026-09-21,frac0.006
LALPATHLAB,WATCH,NO_SLOT,74.00321609697767,2026-09-21,frac0.006
TBOTEK,WATCH,NO_SLOT,73.87962313940542,2026-09-21,frac0.006
ZYDUSLIFE,WATCH,NO_SLOT,73.64720343874984,2026-09-21,frac0.006
VIJAYA,WATCH,NO_SLOT,73.31492495773719,2026-09-21,frac0.006
LICHSGFIN,WATCH,NO_SLOT,73.30770935554365,2026-09-21,frac0.006
AUROPHARMA,KEEP,,84.74638415476738,2026-09-22,c0.003
ACMESOLAR,KEEP,,80.64880239520957,2026-09-22,c0.003
EMCURE,KEEP,,72.58321050207279,2026-09-22,c0.003
LAURUSLABS,KEEP,,85.76434822662367,2026-09-22,c0.003
ANTHEM,KEEP,,64.60416858590511,2026-09-22,c0.003
RBLBANK,KEEP,,77.76315062183328,2026-09-22,c0.003
SHYAMMETL,KEEP,,75.45665591893136,2026-09-22,c0.003
RADICO,KEEP,,66.58284200829111,2026-09-22,c0.003
PAYTM,KEEP,,71.75267157991709,2026-09-22,c0.003
APLAPOLLO,KEEP,,72.11084753569783,2026-09-22,c0.003
ANANDRATHI,KEEP,,70.7098883651383,2026-09-22,c0.003
REDINGTON,KEEP,,80.34580838323353,2026-09-22,c0.003
PVRINOX,KEEP,,79.87339935513587,2026-09-22,c0.003
WELSPUNLIV,WATCH,NO_SLOT,78.74251497005989,2026-09-22,c0.003
PFOCUS,WATCH,NO_SLOT,78.5934592353754,2026-09-22,c0.003
GLENMARK,WATCH,NO_SLOT,78.30177337632426,2026-09-22,c0.003
ACE,WATCH,NO_SLOT,77.1333026255182,2026-09-22,c0.003
FINCABLES,WATCH,STOP_TOO_WIDE,77.12581759557807,2026-09-22,c0.003
AEGISVOPAK,WATCH,STOP_TOO_WIDE,77.0148779364348,2026-09-22,c0.003
ETERNAL,WATCH,NO_SLOT,76.85193459235376,2026-09-22,c0.003
VIJAYA,WATCH,NO_SLOT,76.84967756794104,2026-09-22,c0.003
CASTROLIND,WATCH,NO_SLOT,75.99691386457853,2026-09-22,c0.003
APARINDS,WATCH,STOP_TOO_WIDE,75.98060801473974,2026-09-22,c0.003
ABBOTINDIA,WATCH,NOT_AFFORDABLE,75.66704283740212,2026-09-22,c0.003
ZYDUSLIFE,WATCH,NO_SLOT,75.42003684937816,2026-09-22,c0.003
JSWINFRA,WATCH,NO_SLOT,75.2185628742515,2026-09-22,c0.003
AEGISLOG,WATCH,STOP_TOO_WIDE,73.75888991248273,2026-09-22,c0.003
MANKIND,WATCH,NO_SLOT,73.72093505297097,2026-09-22,c0.003
AUROPHARMA,KEEP,,84.74638415476738,2026-09-22,c0.006
ACMESOLAR,KEEP,,80.64880239520957,2026-09-22,c0.006
EMCURE,KEEP,,72.58321050207279,2026-09-22,c0.006
LAURUSLABS,KEEP,,85.76434822662367,2026-09-22,c0.006
ANTHEM,KEEP,,64.60416858590511,2026-09-22,c0.006
RBLBANK,KEEP,,77.76315062183328,2026-09-22,c0.006
SHYAMMETL,KEEP,,75.45665591893136,2026-09-22,c0.006
RADICO,KEEP,,66.58284200829111,2026-09-22,c0.006
PAYTM,KEEP,,71.75267157991709,2026-09-22,c0.006
APLAPOLLO,KEEP,,72.11084753569783,2026-09-22,c0.006
ANANDRATHI,KEEP,,70.7098883651383,2026-09-22,c0.006
REDINGTON,KEEP,,80.34580838323353,2026-09-22,c0.006
PVRINOX,KEEP,,79.87339935513587,2026-09-22,c0.006
WELSPUNLIV,WATCH,NO_SLOT,78.74251497005989,2026-09-22,c0.006
PFOCUS,WATCH,NO_SLOT,78.5934592353754,2026-09-22,c0.006
GLENMARK,WATCH,NO_SLOT,78.30177337632426,2026-09-22,c0.006
ACE,WATCH,NO_SLOT,77.1333026255182,2026-09-22,c0.006
FINCABLES,WATCH,STOP_TOO_WIDE,77.12581759557807,2026-09-22,c0.006
AEGISVOPAK,WATCH,STOP_TOO_WIDE,77.0148779364348,2026-09-22,c0.006
ETERNAL,WATCH,NO_SLOT,76.85193459235376,2026-09-22,c0.006
VIJAYA,WATCH,NO_SLOT,76.84967756794104,2026-09-22,c0.006
CASTROLIND,WATCH,NO_SLOT,75.99691386457853,2026-09-22,c0.006
APARINDS,WATCH,STOP_TOO_WIDE,75.98060801473974,2026-09-22,c0.006
ABBOTINDIA,WATCH,NOT_AFFORDABLE,75.66704283740212,2026-09-22,c0.006
ZYDUSLIFE,WATCH,NO_SLOT,75.42003684937816,2026-09-22,c0.006
JSWINFRA,WATCH,NO_SLOT,75.2185628742515,2026-09-22,c0.006
AEGISLOG,WATCH,STOP_TOO_WIDE,73.75888991248273,2026-09-22,c0.006
MANKIND,WATCH,NO_SLOT,73.72093505297097,2026-09-22,c0.006
AUROPHARMA,KEEP,,84.74638415476738,2026-09-22,c0.010
ACMESOLAR,KEEP,,80.64880239520957,2026-09-22,c0.010
EMCURE,KEEP,,72.58321050207279,2026-09-22,c0.010
LAURUSLABS,KEEP,,85.76434822662367,2026-09-22,c0.010
ANTHEM,KEEP,,64.60416858590511,2026-09-22,c0.010
RBLBANK,KEEP,,77.76315062183328,2026-09-22,c0.010
SHYAMMETL,KEEP,,75.45665591893136,2026-09-22,c0.010
RADICO,KEEP,,66.58284200829111,2026-09-22,c0.010
PAYTM,KEEP,,71.75267157991709,2026-09-22,c0.010
APLAPOLLO,KEEP,,72.11084753569783,2026-09-22,c0.010
ANANDRATHI,KEEP,,70.7098883651383,2026-09-22,c0.010
REDINGTON,KEEP,,80.34580838323353,2026-09-22,c0.010
PVRINOX,KEEP,,79.87339935513587,2026-09-22,c0.010
WELSPUNLIV,WATCH,NO_SLOT,78.74251497005989,2026-09-22,c0.010
PFOCUS,WATCH,NO_SLOT,78.5934592353754,2026-09-22,c0.010
GLENMARK,WATCH,NO_SLOT,78.30177337632426,2026-09-22,c0.010
ACE,WATCH,NO_SLOT,77.1333026255182,2026-09-22,c0.010
FINCABLES,WATCH,STOP_TOO_WIDE,77.12581759557807,2026-09-22,c0.010
AEGISVOPAK,WATCH,STOP_TOO_WIDE,77.0148779364348,2026-09-22,c0.010
ETERNAL,WATCH,NO_SLOT,76.85193459235376,2026-09-22,c0.010
VIJAYA,WATCH,NO_SLOT,76.84967756794104,2026-09-22,c0.010
CASTROLIND,WATCH,NO_SLOT,75.99691386457853,2026-09-22,c0.010
APARINDS,WATCH,STOP_TOO_WIDE,75.98060801473974,2026-09-22,c0.010
ABBOTINDIA,WATCH,NOT_AFFORDABLE,75.66704283740212,2026-09-22,c0.010
ZYDUSLIFE,WATCH,NO_SLOT,75.42003684937816,2026-09-22,c0.010
JSWINFRA,WATCH,NO_SLOT,75.2185628742515,2026-09-22,c0.010
AEGISLOG,WATCH,STOP_TOO_WIDE,73.75888991248273,2026-09-22,c0.010
MANKIND,WATCH,NO_SLOT,73.72093505297097,2026-09-22,c0.010
AUROPHARMA,KEEP,,84.74638415476738,2026-09-22,frac0.006
ACMESOLAR,KEEP,,80.64880239520957,2026-09-22,frac0.006
EMCURE,KEEP,,72.58321050207279,2026-09-22,frac0.006
LAURUSLABS,KEEP,,85.76434822662367,2026-09-22,frac0.006
ANTHEM,KEEP,,64.60416858590511,2026-09-22,frac0.006
RBLBANK,KEEP,,77.76315062183328,2026-09-22,frac0.006
SHYAMMETL,KEEP,,75.45665591893136,2026-09-22,frac0.006
RADICO,KEEP,,66.58284200829111,2026-09-22,frac0.006
PAYTM,KEEP,,71.75267157991709,2026-09-22,frac0.006
APLAPOLLO,KEEP,,72.11084753569783,2026-09-22,frac0.006
ANANDRATHI,KEEP,,70.7098883651383,2026-09-22,frac0.006
REDINGTON,KEEP,,80.34580838323353,2026-09-22,frac0.006
PVRINOX,KEEP,,79.87339935513587,2026-09-22,frac0.006
WELSPUNLIV,WATCH,NO_SLOT,78.74251497005989,2026-09-22,frac0.006
PFOCUS,WATCH,NO_SLOT,78.5934592353754,2026-09-22,frac0.006
GLENMARK,WATCH,NO_SLOT,78.30177337632426,2026-09-22,frac0.006
ACE,WATCH,NO_SLOT,77.1333026255182,2026-09-22,frac0.006
FINCABLES,WATCH,STOP_TOO_WIDE,77.12581759557807,2026-09-22,frac0.006
AEGISVOPAK,WATCH,STOP_TOO_WIDE,77.0148779364348,2026-09-22,frac0.006
ETERNAL,WATCH,NO_SLOT,76.85193459235376,2026-09-22,frac0.006
VIJAYA,WATCH,NO_SLOT,76.84967756794104,2026-09-22,frac0.006
CASTROLIND,WATCH,NO_SLOT,75.99691386457853,2026-09-22,frac0.006
APARINDS,WATCH,STOP_TOO_WIDE,75.98060801473974,2026-09-22,frac0.006
ABBOTINDIA,WATCH,NOT_AFFORDABLE,75.66704283740212,2026-09-22,frac0.006
ZYDUSLIFE,WATCH,NO_SLOT,75.42003684937816,2026-09-22,frac0.006
JSWINFRA,WATCH,NO_SLOT,75.2185628742515,2026-09-22,frac0.006
AEGISLOG,WATCH,STOP_TOO_WIDE,73.75888991248273,2026-09-22,frac0.006
MANKIND,WATCH,NO_SLOT,73.72093505297097,2026-09-22,frac0.006
ANTHEM,REPLACED,BY_DIVISLAB,60.86898889999916,2026-09-23,c0.003
DIVISLAB,ADD,REPLACES_ANTHEM,81.26297170802208,2026-09-23,c0.003
APLAPOLLO,REPLACED,BY_GLENMARK,64.72495777630263,2026-09-23,c0.003
GLENMARK,ADD,REPLACES_APLAPOLLO,80.87615222378139,2026-09-23,c0.003
AUROPHARMA,KEEP,,80.90480551891034,2026-09-23,c0.003
ACMESOLAR,KEEP,,77.42004806359184,2026-09-23,c0.003
EMCURE,KEEP,,67.48790007478426,2026-09-23,c0.003
LAURUSLABS,KEEP,,83.51225537564386,2026-09-23,c0.003
RBLBANK,KEEP,,73.36835869556086,2026-09-23,c0.003
SHYAMMETL,KEEP,,68.07739330638859,2026-09-23,c0.003
RADICO,KEEP,,76.2821089161324,2026-09-23,c0.003
PAYTM,KEEP,,73.44715525716543,2026-09-23,c0.003
ANANDRATHI,KEEP,,68.84530181609306,2026-09-23,c0.003
REDINGTON,KEEP,,75.00201665420262,2026-09-23,c0.003
PVRINOX,KEEP,,72.4572511322673,2026-09-23,c0.003
MCX,WATCH,CHURN_GUARD,78.9342612743574,2026-09-23,c0.003
WOCKPHARMA,WATCH,CHURN_GUARD,78.89907485988455,2026-09-23,c0.003
POLICYBZR,WATCH,CHURN_GUARD,78.3397054004319,2026-09-23,c0.003
VIJAYA,WATCH,CHURN_GUARD,77.59534993151779,2026-09-23,c0.003
ETERNAL,WATCH,CHURN_GUARD,77.3778243662244,2026-09-23,c0.003
SONACOMS,WATCH,CHURN_GUARD,76.86282129922947,2026-09-23,c0.003
ACE,WATCH,CHURN_GUARD,76.18627582787856,2026-09-23,c0.003
USHAMART,WATCH,CHURN_GUARD,75.34816694535708,2026-09-23,c0.003
APOLLOHOSP,WATCH,CHURN_GUARD,74.8732868942685,2026-09-23,c0.003
SANSERA,WATCH,CHURN_GUARD,74.4487811846163,2026-09-23,c0.003
WELSPUNLIV,WATCH,CHURN_GUARD,74.42693409742121,2026-09-23,c0.003
ZYDUSLIFE,WATCH,CHURN_GUARD,74.19277113495617,2026-09-23,c0.003
IDFCFIRSTB,WATCH,CHURN_GUARD,73.84113806518835,2026-09-23,c0.003
CARBORUNIV,WATCH,CHURN_GUARD,73.47137611441151,2026-09-23,c0.003
ENGINERSIN,WATCH,CHURN_GUARD,73.31191338470201,2026-09-23,c0.003
ANTHEM,REPLACED,BY_DIVISLAB,60.86898889999916,2026-09-23,c0.006
DIVISLAB,ADD,REPLACES_ANTHEM,81.26297170802208,2026-09-23,c0.006
APLAPOLLO,REPLACED,BY_GLENMARK,64.72495777630263,2026-09-23,c0.006
GLENMARK,ADD,REPLACES_APLAPOLLO,80.87615222378139,2026-09-23,c0.006
AUROPHARMA,KEEP,,80.90480551891034,2026-09-23,c0.006
ACMESOLAR,KEEP,,77.42004806359184,2026-09-23,c0.006
EMCURE,KEEP,,67.48790007478426,2026-09-23,c0.006
LAURUSLABS,KEEP,,83.51225537564386,2026-09-23,c0.006
RBLBANK,KEEP,,73.36835869556086,2026-09-23,c0.006
SHYAMMETL,KEEP,,68.07739330638859,2026-09-23,c0.006
RADICO,KEEP,,76.2821089161324,2026-09-23,c0.006
PAYTM,KEEP,,73.44715525716543,2026-09-23,c0.006
ANANDRATHI,KEEP,,68.84530181609306,2026-09-23,c0.006
REDINGTON,KEEP,,75.00201665420262,2026-09-23,c0.006
PVRINOX,KEEP,,72.4572511322673,2026-09-23,c0.006
MCX,WATCH,CHURN_GUARD,78.9342612743574,2026-09-23,c0.006
WOCKPHARMA,WATCH,CHURN_GUARD,78.89907485988455,2026-09-23,c0.006
POLICYBZR,WATCH,CHURN_GUARD,78.3397054004319,2026-09-23,c0.006
VIJAYA,WATCH,CHURN_GUARD,77.59534993151779,2026-09-23,c0.006
ETERNAL,WATCH,CHURN_GUARD,77.3778243662244,2026-09-23,c0.006
SONACOMS,WATCH,CHURN_GUARD,76.86282129922947,2026-09-23,c0.006
ACE,WATCH,CHURN_GUARD,76.18627582787856,2026-09-23,c0.006
USHAMART,WATCH,CHURN_GUARD,75.34816694535708,2026-09-23,c0.006
APOLLOHOSP,WATCH,CHURN_GUARD,74.8732868942685,2026-09-23,c0.006
SANSERA,WATCH,CHURN_GUARD,74.4487811846163,2026-09-23,c0.006
WELSPUNLIV,WATCH,CHURN_GUARD,74.42693409742121,2026-09-23,c0.006
ZYDUSLIFE,WATCH,CHURN_GUARD,74.19277113495617,2026-09-23,c0.006
IDFCFIRSTB,WATCH,CHURN_GUARD,73.84113806518835,2026-09-23,c0.006
CARBORUNIV,WATCH,CHURN_GUARD,73.47137611441151,2026-09-23,c0.006
ENGINERSIN,WATCH,CHURN_GUARD,73.31191338470201,2026-09-23,c0.006
ANTHEM,REPLACED,BY_DIVISLAB,60.86898889999916,2026-09-23,c0.010
DIVISLAB,ADD,REPLACES_ANTHEM,81.26297170802208,2026-09-23,c0.010
APLAPOLLO,REPLACED,BY_GLENMARK,64.72495777630263,2026-09-23,c0.010
GLENMARK,ADD,REPLACES_APLAPOLLO,80.87615222378139,2026-09-23,c0.010
AUROPHARMA,KEEP,,80.90480551891034,2026-09-23,c0.010
ACMESOLAR,KEEP,,77.42004806359184,2026-09-23,c0.010
EMCURE,KEEP,,67.48790007478426,2026-09-23,c0.010
LAURUSLABS,KEEP,,83.51225537564386,2026-09-23,c0.010
RBLBANK,KEEP,,73.36835869556086,2026-09-23,c0.010
SHYAMMETL,KEEP,,68.07739330638859,2026-09-23,c0.010
RADICO,KEEP,,76.2821089161324,2026-09-23,c0.010
PAYTM,KEEP,,73.44715525716543,2026-09-23,c0.010
ANANDRATHI,KEEP,,68.84530181609306,2026-09-23,c0.010
REDINGTON,KEEP,,75.00201665420262,2026-09-23,c0.010
PVRINOX,KEEP,,72.4572511322673,2026-09-23,c0.010
MCX,WATCH,CHURN_GUARD,78.9342612743574,2026-09-23,c0.010
WOCKPHARMA,WATCH,CHURN_GUARD,78.89907485988455,2026-09-23,c0.010
POLICYBZR,WATCH,CHURN_GUARD,78.3397054004319,2026-09-23,c0.010
VIJAYA,WATCH,CHURN_GUARD,77.59534993151779,2026-09-23,c0.010
ETERNAL,WATCH,CHURN_GUARD,77.3778243662244,2026-09-23,c0.010
SONACOMS,WATCH,CHURN_GUARD,76.86282129922947,2026-09-23,c0.010
ACE,WATCH,CHURN_GUARD,76.18627582787856,2026-09-23,c0.010
USHAMART,WATCH,CHURN_GUARD,75.34816694535708,2026-09-23,c0.010
APOLLOHOSP,WATCH,CHURN_GUARD,74.8732868942685,2026-09-23,c0.010
SANSERA,WATCH,CHURN_GUARD,74.4487811846163,2026-09-23,c0.010
WELSPUNLIV,WATCH,CHURN_GUARD,74.42693409742121,2026-09-23,c0.010
ZYDUSLIFE,WATCH,CHURN_GUARD,74.19277113495617,2026-09-23,c0.010
IDFCFIRSTB,WATCH,CHURN_GUARD,73.84113806518835,2026-09-23,c0.010
CARBORUNIV,WATCH,CHURN_GUARD,73.47137611441151,2026-09-23,c0.010
ENGINERSIN,WATCH,CHURN_GUARD,73.31191338470201,2026-09-23,c0.010
ANTHEM,REPLACED,BY_DIVISLAB,60.86898889999916,2026-09-23,frac0.006
DIVISLAB,ADD,REPLACES_ANTHEM,81.26297170802208,2026-09-23,frac0.006
APLAPOLLO,REPLACED,BY_GLENMARK,64.72495777630263,2026-09-23,frac0.006
GLENMARK,ADD,REPLACES_APLAPOLLO,80.87615222378139,2026-09-23,frac0.006
AUROPHARMA,KEEP,,80.90480551891034,2026-09-23,frac0.006
ACMESOLAR,KEEP,,77.42004806359184,2026-09-23,frac0.006
EMCURE,KEEP,,67.48790007478426,2026-09-23,frac0.006
LAURUSLABS,KEEP,,83.51225537564386,2026-09-23,frac0.006
RBLBANK,KEEP,,73.36835869556086,2026-09-23,frac0.006
SHYAMMETL,KEEP,,68.07739330638859,2026-09-23,frac0.006
RADICO,KEEP,,76.2821089161324,2026-09-23,frac0.006
PAYTM,KEEP,,73.44715525716543,2026-09-23,frac0.006
ANANDRATHI,KEEP,,68.84530181609306,2026-09-23,frac0.006
REDINGTON,KEEP,,75.00201665420262,2026-09-23,frac0.006
PVRINOX,KEEP,,72.4572511322673,2026-09-23,frac0.006
MCX,WATCH,CHURN_GUARD,78.9342612743574,2026-09-23,frac0.006
WOCKPHARMA,WATCH,CHURN_GUARD,78.89907485988455,2026-09-23,frac0.006
POLICYBZR,WATCH,CHURN_GUARD,78.3397054004319,2026-09-23,frac0.006
VIJAYA,WATCH,CHURN_GUARD,77.59534993151779,2026-09-23,frac0.006
ETERNAL,WATCH,CHURN_GUARD,77.3778243662244,2026-09-23,frac0.006
SONACOMS,WATCH,CHURN_GUARD,76.86282129922947,2026-09-23,frac0.006
ACE,WATCH,CHURN_GUARD,76.18627582787856,2026-09-23,frac0.006
USHAMART,WATCH,CHURN_GUARD,75.34816694535708,2026-09-23,frac0.006
APOLLOHOSP,WATCH,CHURN_GUARD,74.8732868942685,2026-09-23,frac0.006
SANSERA,WATCH,CHURN_GUARD,74.4487811846163,2026-09-23,frac0.006
WELSPUNLIV,WATCH,CHURN_GUARD,74.42693409742121,2026-09-23,frac0.006
ZYDUSLIFE,WATCH,CHURN_GUARD,74.19277113495617,2026-09-23,frac0.006
IDFCFIRSTB,WATCH,CHURN_GUARD,73.84113806518835,2026-09-23,frac0.006
CARBORUNIV,WATCH,CHURN_GUARD,73.47137611441151,2026-09-23,frac0.006
ENGINERSIN,WATCH,CHURN_GUARD,73.31191338470201,2026-09-23,frac0.006
ZYDUSLIFE,ADD,FREE_SLOT,79.87896329992817,2026-09-24,c0.003
ANANDRATHI,REPLACED,BY_VIJAYA,60.85479016468359,2026-09-24,c0.003
VIJAYA,ADD,REPLACES_ANANDRATHI,79.87173786640216,2026-09-24,c0.003
EMCURE,REPLACED,BY_CASTROLIND,65.29803844443684,2026-09-24,c0.003
CASTROLIND,ADD,REPLACES_EMCURE,79.32487088278552,2026-09-24,c0.003
AUROPHARMA,KEEP,,77.53792283750043,2026-09-24,c0.003
ACMESOLAR,KEEP,,76.2189178096248,2026-09-24,c0.003
LAURUSLABS,KEEP,,81.8948592536854,2026-09-24,c0.003
RBLBANK,KEEP,,69.77934637616718,2026-09-24,c0.003
SHYAMMETL,KEEP,,72.45724595546739,2026-09-24,c0.003
RADICO,KEEP,,79.11482026199678,2026-09-24,c0.003
REDINGTON,KEEP,,78.83054861989945,2026-09-24,c0.003
PVRINOX,KEEP,,78.2418681807299,2026-09-24,c0.003
DIVISLAB,KEEP,,82.79803844443684,2026-09-24,c0.003
GLENMARK,KEEP,,73.9613332421247,2026-09-24,c0.003
ACE,WATCH,CHURN_GUARD,79.21302630228818,2026-09-24,c0.003
MEDANTA,WATCH,CHURN_GUARD,79.06248931148886,2026-09-24,c0.003
FINCABLES,WATCH,CHURN_GUARD,78.14366214043848,2026-09-24,c0.003
LALPATHLAB,WATCH,CHURN_GUARD,78.0870557854773,2026-09-24,c0.003
SONACOMS,WATCH,CHURN_GUARD,78.05836782159592,2026-09-24,c0.003
ABDL,WATCH,CHURN_GUARD,77.64083182269043,2026-09-24,c0.003
CAPLIPOINT,WATCH,CHURN_GUARD,76.85873208605535,2026-09-24,c0.003
WOCKPHARMA,WATCH,CHURN_GUARD,76.76480145021719,2026-09-24,c0.003
WELSPUNLIV,WATCH,CHURN_GUARD,76.18497109826589,2026-09-24,c0.003
MCX,WATCH,CHURN_GUARD,75.95709204090709,2026-09-24,c0.003
MANKIND,WATCH,CHURN_GUARD,75.46422341553512,2026-09-24,c0.003
IPCALAB,WATCH,CHURN_GUARD,75.31971474501488,2026-09-24,c0.003
WELCORP,WATCH,STOP_TOO_WIDE,75.18845982829976,2026-09-24,c0.003
PAYTM,WATCH,COOLDOWN,74.99610938194755,2026-09-24,c0.003
ETERNAL,WATCH,CHURN_GUARD,74.79499435646612,2026-09-24,c0.003
ZYDUSLIFE,ADD,FREE_SLOT,79.87896329992817,2026-09-24,c0.006
ANANDRATHI,REPLACED,BY_VIJAYA,60.85479016468359,2026-09-24,c0.006
VIJAYA,ADD,REPLACES_ANANDRATHI,79.87173786640216,2026-09-24,c0.006
EMCURE,REPLACED,BY_CASTROLIND,65.29803844443684,2026-09-24,c0.006
CASTROLIND,ADD,REPLACES_EMCURE,79.32487088278552,2026-09-24,c0.006
AUROPHARMA,KEEP,,77.53792283750043,2026-09-24,c0.006
ACMESOLAR,KEEP,,76.2189178096248,2026-09-24,c0.006
LAURUSLABS,KEEP,,81.8948592536854,2026-09-24,c0.006
RBLBANK,KEEP,,69.77934637616718,2026-09-24,c0.006
SHYAMMETL,KEEP,,72.45724595546739,2026-09-24,c0.006
RADICO,KEEP,,79.11482026199678,2026-09-24,c0.006
REDINGTON,KEEP,,78.83054861989945,2026-09-24,c0.006
PVRINOX,KEEP,,78.2418681807299,2026-09-24,c0.006
DIVISLAB,KEEP,,82.79803844443684,2026-09-24,c0.006
GLENMARK,KEEP,,73.9613332421247,2026-09-24,c0.006
ACE,WATCH,CHURN_GUARD,79.21302630228818,2026-09-24,c0.006
MEDANTA,WATCH,CHURN_GUARD,79.06248931148886,2026-09-24,c0.006
FINCABLES,WATCH,CHURN_GUARD,78.14366214043848,2026-09-24,c0.006
LALPATHLAB,WATCH,CHURN_GUARD,78.0870557854773,2026-09-24,c0.006
SONACOMS,WATCH,CHURN_GUARD,78.05836782159592,2026-09-24,c0.006
ABDL,WATCH,CHURN_GUARD,77.64083182269043,2026-09-24,c0.006
CAPLIPOINT,WATCH,CHURN_GUARD,76.85873208605535,2026-09-24,c0.006
WOCKPHARMA,WATCH,CHURN_GUARD,76.76480145021719,2026-09-24,c0.006
WELSPUNLIV,WATCH,CHURN_GUARD,76.18497109826589,2026-09-24,c0.006
MCX,WATCH,CHURN_GUARD,75.95709204090709,2026-09-24,c0.006
MANKIND,WATCH,CHURN_GUARD,75.46422341553512,2026-09-24,c0.006
IPCALAB,WATCH,CHURN_GUARD,75.31971474501488,2026-09-24,c0.006
WELCORP,WATCH,STOP_TOO_WIDE,75.18845982829976,2026-09-24,c0.006
PAYTM,WATCH,COOLDOWN,74.99610938194755,2026-09-24,c0.006
ETERNAL,WATCH,CHURN_GUARD,74.79499435646612,2026-09-24,c0.006
ZYDUSLIFE,ADD,FREE_SLOT,79.87896329992817,2026-09-24,c0.010
ANANDRATHI,REPLACED,BY_VIJAYA,60.85479016468359,2026-09-24,c0.010
VIJAYA,ADD,REPLACES_ANANDRATHI,79.87173786640216,2026-09-24,c0.010
EMCURE,REPLACED,BY_CASTROLIND,65.29803844443684,2026-09-24,c0.010
CASTROLIND,ADD,REPLACES_EMCURE,79.32487088278552,2026-09-24,c0.010
AUROPHARMA,KEEP,,77.53792283750043,2026-09-24,c0.010
ACMESOLAR,KEEP,,76.2189178096248,2026-09-24,c0.010
LAURUSLABS,KEEP,,81.8948592536854,2026-09-24,c0.010
RBLBANK,KEEP,,69.77934637616718,2026-09-24,c0.010
SHYAMMETL,KEEP,,72.45724595546739,2026-09-24,c0.010
RADICO,KEEP,,79.11482026199678,2026-09-24,c0.010
REDINGTON,KEEP,,78.83054861989945,2026-09-24,c0.010
PVRINOX,KEEP,,78.2418681807299,2026-09-24,c0.010
DIVISLAB,KEEP,,82.79803844443684,2026-09-24,c0.010
GLENMARK,KEEP,,73.9613332421247,2026-09-24,c0.010
ACE,WATCH,CHURN_GUARD,79.21302630228818,2026-09-24,c0.010
MEDANTA,WATCH,CHURN_GUARD,79.06248931148886,2026-09-24,c0.010
FINCABLES,WATCH,CHURN_GUARD,78.14366214043848,2026-09-24,c0.010
LALPATHLAB,WATCH,CHURN_GUARD,78.0870557854773,2026-09-24,c0.010
SONACOMS,WATCH,CHURN_GUARD,78.05836782159592,2026-09-24,c0.010
ABDL,WATCH,CHURN_GUARD,77.64083182269043,2026-09-24,c0.010
CAPLIPOINT,WATCH,CHURN_GUARD,76.85873208605535,2026-09-24,c0.010
WOCKPHARMA,WATCH,CHURN_GUARD,76.76480145021719,2026-09-24,c0.010
WELSPUNLIV,WATCH,CHURN_GUARD,76.18497109826589,2026-09-24,c0.010
MCX,WATCH,CHURN_GUARD,75.95709204090709,2026-09-24,c0.010
MANKIND,WATCH,CHURN_GUARD,75.46422341553512,2026-09-24,c0.010
IPCALAB,WATCH,CHURN_GUARD,75.31971474501488,2026-09-24,c0.010
WELCORP,WATCH,STOP_TOO_WIDE,75.18845982829976,2026-09-24,c0.010
PAYTM,WATCH,COOLDOWN,74.99610938194755,2026-09-24,c0.010
ETERNAL,WATCH,CHURN_GUARD,74.79499435646612,2026-09-24,c0.010
ZYDUSLIFE,ADD,FREE_SLOT,79.87896329992817,2026-09-24,frac0.006
ANANDRATHI,REPLACED,BY_VIJAYA,60.85479016468359,2026-09-24,frac0.006
VIJAYA,ADD,REPLACES_ANANDRATHI,79.87173786640216,2026-09-24,frac0.006
EMCURE,REPLACED,BY_CASTROLIND,65.29803844443684,2026-09-24,frac0.006
CASTROLIND,ADD,REPLACES_EMCURE,79.32487088278552,2026-09-24,frac0.006
AUROPHARMA,KEEP,,77.53792283750043,2026-09-24,frac0.006
ACMESOLAR,KEEP,,76.2189178096248,2026-09-24,frac0.006
LAURUSLABS,KEEP,,81.8948592536854,2026-09-24,frac0.006
RBLBANK,KEEP,,69.77934637616718,2026-09-24,frac0.006
SHYAMMETL,KEEP,,72.45724595546739,2026-09-24,frac0.006
RADICO,KEEP,,79.11482026199678,2026-09-24,frac0.006
REDINGTON,KEEP,,78.83054861989945,2026-09-24,frac0.006
PVRINOX,KEEP,,78.2418681807299,2026-09-24,frac0.006
DIVISLAB,KEEP,,82.79803844443684,2026-09-24,frac0.006
GLENMARK,KEEP,,73.9613332421247,2026-09-24,frac0.006
ACE,WATCH,CHURN_GUARD,79.21302630228818,2026-09-24,frac0.006
MEDANTA,WATCH,CHURN_GUARD,79.06248931148886,2026-09-24,frac0.006
FINCABLES,WATCH,CHURN_GUARD,78.14366214043848,2026-09-24,frac0.006
LALPATHLAB,WATCH,CHURN_GUARD,78.0870557854773,2026-09-24,frac0.006
SONACOMS,WATCH,CHURN_GUARD,78.05836782159592,2026-09-24,frac0.006
ABDL,WATCH,CHURN_GUARD,77.64083182269043,2026-09-24,frac0.006
CAPLIPOINT,WATCH,CHURN_GUARD,76.85873208605535,2026-09-24,frac0.006
WOCKPHARMA,WATCH,CHURN_GUARD,76.76480145021719,2026-09-24,frac0.006
WELSPUNLIV,WATCH,CHURN_GUARD,76.18497109826589,2026-09-24,frac0.006
MCX,WATCH,CHURN_GUARD,75.95709204090709,2026-09-24,frac0.006
MANKIND,WATCH,CHURN_GUARD,75.46422341553512,2026-09-24,frac0.006
IPCALAB,WATCH,CHURN_GUARD,75.31971474501488,2026-09-24,frac0.006
WELCORP,WATCH,STOP_TOO_WIDE,75.18845982829976,2026-09-24,frac0.006
PAYTM,WATCH,COOLDOWN,74.99610938194755,2026-09-24,frac0.006
ETERNAL,WATCH,CHURN_GUARD,74.79499435646612,2026-09-24,frac0.006
SONACOMS,ADD,FREE_SLOT,81.21971944968976,2026-09-25,c0.003
RBLBANK,REPLACED,BY_ETERNAL,67.13222731768725,2026-09-25,c0.003
ETERNAL,ADD,REPLACES_RBLBANK,80.15349339088212,2026-09-25,c0.003
PVRINOX,REPLACED,BY_NAVINFLUOR,68.57112669723945,2026-09-25,c0.003
NAVINFLUOR,ADD,REPLACES_PVRINOX,79.83243413362108,2026-09-25,c0.003
AUROPHARMA,KEEP,,75.94595809729341,2026-09-25,c0.003
ACMESOLAR,KEEP,,78.88368851721968,2026-09-25,c0.003
LAURUSLABS,KEEP,,81.5171747145041,2026-09-25,c0.003
SHYAMMETL,KEEP,,74.72848664688426,2026-09-25,c0.003
RADICO,KEEP,,78.08034349429008,2026-09-25,c0.003
REDINGTON,KEEP,,73.86296196385217,2026-09-25,c0.003
DIVISLAB,KEEP,,83.81687797859905,2026-09-25,c0.003
ZYDUSLIFE,KEEP,,81.15367323082457,2026-09-25,c0.003
VIJAYA,KEEP,,75.52310943260498,2026-09-25,c0.003
CASTROLIND,KEEP,,85.51591583490693,2026-09-25,c0.003
TORNTPHARM,WATCH,CHURN_GUARD,78.83171477385127,2026-09-25,c0.003
WELSPUNLIV,WATCH,CHURN_GUARD,78.77596439169139,2026-09-25,c0.003
ENGINERSIN,WATCH,CHURN_GUARD,78.62683211941372,2026-09-25,c0.003
APLAPOLLO,WATCH,CHURN_GUARD,77.69584569732937,2026-09-25,c0.003
WOCKPHARMA,WATCH,CHURN_GUARD,77.02162575307975,2026-09-25,c0.003
LALPATHLAB,WATCH,CHURN_GUARD,76.91034978868807,2026-09-25,c0.003
APOLLOHOSP,WATCH,CHURN_GUARD,76.49491952162576,2026-09-25,c0.003
MEDANTA,WATCH,CHURN_GUARD,76.45782753349518,2026-09-25,c0.003
WELCORP,WATCH,STOP_TOO_WIDE,76.39020771513351,2026-09-25,c0.003
JSL,WATCH,CHURN_GUARD,76.27470551209423,2026-09-25,c0.003
JSWINFRA,WATCH,CHURN_GUARD,75.82141893714594,2026-09-25,c0.003
BOSCHLTD,WATCH,NOT_AFFORDABLE,75.32951173455625,2026-09-25,c0.003
ABDL,WATCH,CHURN_GUARD,75.06105566046219,2026-09-25,c0.003
IPCALAB,WATCH,CHURN_GUARD,74.55871774121032,2026-09-25,c0.003
JYOTICNC,WATCH,CHURN_GUARD,74.55044510385757,2026-09-25,c0.003
SONACOMS,ADD,FREE_SLOT,81.21971944968976,2026-09-25,c0.006
RBLBANK,REPLACED,BY_ETERNAL,67.13222731768725,2026-09-25,c0.006
ETERNAL,ADD,REPLACES_RBLBANK,80.15349339088212,2026-09-25,c0.006
PVRINOX,REPLACED,BY_NAVINFLUOR,68.57112669723945,2026-09-25,c0.006
NAVINFLUOR,ADD,REPLACES_PVRINOX,79.83243413362108,2026-09-25,c0.006
AUROPHARMA,KEEP,,75.94595809729341,2026-09-25,c0.006
ACMESOLAR,KEEP,,78.88368851721968,2026-09-25,c0.006
LAURUSLABS,KEEP,,81.5171747145041,2026-09-25,c0.006
SHYAMMETL,KEEP,,74.72848664688426,2026-09-25,c0.006
RADICO,KEEP,,78.08034349429008,2026-09-25,c0.006
REDINGTON,KEEP,,73.86296196385217,2026-09-25,c0.006
DIVISLAB,KEEP,,83.81687797859905,2026-09-25,c0.006
ZYDUSLIFE,KEEP,,81.15367323082457,2026-09-25,c0.006
VIJAYA,KEEP,,75.52310943260498,2026-09-25,c0.006
CASTROLIND,KEEP,,85.51591583490693,2026-09-25,c0.006
TORNTPHARM,WATCH,CHURN_GUARD,78.83171477385127,2026-09-25,c0.006
WELSPUNLIV,WATCH,CHURN_GUARD,78.77596439169139,2026-09-25,c0.006
ENGINERSIN,WATCH,CHURN_GUARD,78.62683211941372,2026-09-25,c0.006
APLAPOLLO,WATCH,CHURN_GUARD,77.69584569732937,2026-09-25,c0.006
WOCKPHARMA,WATCH,CHURN_GUARD,77.02162575307975,2026-09-25,c0.006
LALPATHLAB,WATCH,CHURN_GUARD,76.91034978868807,2026-09-25,c0.006
APOLLOHOSP,WATCH,CHURN_GUARD,76.49491952162576,2026-09-25,c0.006
MEDANTA,WATCH,CHURN_GUARD,76.45782753349518,2026-09-25,c0.006
WELCORP,WATCH,STOP_TOO_WIDE,76.39020771513351,2026-09-25,c0.006
JSL,WATCH,CHURN_GUARD,76.27470551209423,2026-09-25,c0.006
JSWINFRA,WATCH,CHURN_GUARD,75.82141893714594,2026-09-25,c0.006
BOSCHLTD,WATCH,NOT_AFFORDABLE,75.32951173455625,2026-09-25,c0.006
ABDL,WATCH,CHURN_GUARD,75.06105566046219,2026-09-25,c0.006
IPCALAB,WATCH,CHURN_GUARD,74.55871774121032,2026-09-25,c0.006
JYOTICNC,WATCH,CHURN_GUARD,74.55044510385757,2026-09-25,c0.006
SONACOMS,ADD,FREE_SLOT,81.21971944968976,2026-09-25,c0.010
RBLBANK,REPLACED,BY_ETERNAL,67.13222731768725,2026-09-25,c0.010
ETERNAL,ADD,REPLACES_RBLBANK,80.15349339088212,2026-09-25,c0.010
PVRINOX,REPLACED,BY_NAVINFLUOR,68.57112669723945,2026-09-25,c0.010
NAVINFLUOR,ADD,REPLACES_PVRINOX,79.83243413362108,2026-09-25,c0.010
AUROPHARMA,KEEP,,75.94595809729341,2026-09-25,c0.010
ACMESOLAR,KEEP,,78.88368851721968,2026-09-25,c0.010
LAURUSLABS,KEEP,,81.5171747145041,2026-09-25,c0.010
SHYAMMETL,KEEP,,74.72848664688426,2026-09-25,c0.010
RADICO,KEEP,,78.08034349429008,2026-09-25,c0.010
REDINGTON,KEEP,,73.86296196385217,2026-09-25,c0.010
DIVISLAB,KEEP,,83.81687797859905,2026-09-25,c0.010
ZYDUSLIFE,KEEP,,81.15367323082457,2026-09-25,c0.010
VIJAYA,KEEP,,75.52310943260498,2026-09-25,c0.010
CASTROLIND,KEEP,,85.51591583490693,2026-09-25,c0.010
TORNTPHARM,WATCH,CHURN_GUARD,78.83171477385127,2026-09-25,c0.010
WELSPUNLIV,WATCH,CHURN_GUARD,78.77596439169139,2026-09-25,c0.010
ENGINERSIN,WATCH,CHURN_GUARD,78.62683211941372,2026-09-25,c0.010
APLAPOLLO,WATCH,CHURN_GUARD,77.69584569732937,2026-09-25,c0.010
WOCKPHARMA,WATCH,CHURN_GUARD,77.02162575307975,2026-09-25,c0.010
LALPATHLAB,WATCH,CHURN_GUARD,76.91034978868807,2026-09-25,c0.010
APOLLOHOSP,WATCH,CHURN_GUARD,76.49491952162576,2026-09-25,c0.010
MEDANTA,WATCH,CHURN_GUARD,76.45782753349518,2026-09-25,c0.010
WELCORP,WATCH,STOP_TOO_WIDE,76.39020771513351,2026-09-25,c0.010
JSL,WATCH,CHURN_GUARD,76.27470551209423,2026-09-25,c0.010
JSWINFRA,WATCH,CHURN_GUARD,75.82141893714594,2026-09-25,c0.010
BOSCHLTD,WATCH,NOT_AFFORDABLE,75.32951173455625,2026-09-25,c0.010
ABDL,WATCH,CHURN_GUARD,75.06105566046219,2026-09-25,c0.010
IPCALAB,WATCH,CHURN_GUARD,74.55871774121032,2026-09-25,c0.010
JYOTICNC,WATCH,CHURN_GUARD,74.55044510385757,2026-09-25,c0.010
SONACOMS,ADD,FREE_SLOT,81.21971944968976,2026-09-25,frac0.006
RBLBANK,REPLACED,BY_ETERNAL,67.13222731768725,2026-09-25,frac0.006
ETERNAL,ADD,REPLACES_RBLBANK,80.15349339088212,2026-09-25,frac0.006
PVRINOX,REPLACED,BY_NAVINFLUOR,68.57112669723945,2026-09-25,frac0.006
NAVINFLUOR,ADD,REPLACES_PVRINOX,79.83243413362108,2026-09-25,frac0.006
AUROPHARMA,KEEP,,75.94595809729341,2026-09-25,frac0.006
ACMESOLAR,KEEP,,78.88368851721968,2026-09-25,frac0.006
LAURUSLABS,KEEP,,81.5171747145041,2026-09-25,frac0.006
SHYAMMETL,KEEP,,74.72848664688426,2026-09-25,frac0.006
RADICO,KEEP,,78.08034349429008,2026-09-25,frac0.006
REDINGTON,KEEP,,73.86296196385217,2026-09-25,frac0.006
DIVISLAB,KEEP,,83.81687797859905,2026-09-25,frac0.006
ZYDUSLIFE,KEEP,,81.15367323082457,2026-09-25,frac0.006
VIJAYA,KEEP,,75.52310943260498,2026-09-25,frac0.006
CASTROLIND,KEEP,,85.51591583490693,2026-09-25,frac0.006
TORNTPHARM,WATCH,CHURN_GUARD,78.83171477385127,2026-09-25,frac0.006
WELSPUNLIV,WATCH,CHURN_GUARD,78.77596439169139,2026-09-25,frac0.006
ENGINERSIN,WATCH,CHURN_GUARD,78.62683211941372,2026-09-25,frac0.006
APLAPOLLO,WATCH,CHURN_GUARD,77.69584569732937,2026-09-25,frac0.006
WOCKPHARMA,WATCH,CHURN_GUARD,77.02162575307975,2026-09-25,frac0.006
LALPATHLAB,WATCH,CHURN_GUARD,76.91034978868807,2026-09-25,frac0.006
APOLLOHOSP,WATCH,CHURN_GUARD,76.49491952162576,2026-09-25,frac0.006
MEDANTA,WATCH,CHURN_GUARD,76.45782753349518,2026-09-25,frac0.006
WELCORP,WATCH,STOP_TOO_WIDE,76.39020771513351,2026-09-25,frac0.006
JSL,WATCH,CHURN_GUARD,76.27470551209423,2026-09-25,frac0.006
JSWINFRA,WATCH,CHURN_GUARD,75.82141893714594,2026-09-25,frac0.006
BOSCHLTD,WATCH,NOT_AFFORDABLE,75.32951173455625,2026-09-25,frac0.006
ABDL,WATCH,CHURN_GUARD,75.06105566046219,2026-09-25,frac0.006
IPCALAB,WATCH,CHURN_GUARD,74.55871774121032,2026-09-25,frac0.006
JYOTICNC,WATCH,CHURN_GUARD,74.55044510385757,2026-09-25,frac0.006
WELSPUNLIV,ADD,FREE_SLOT,83.02431610942249,2026-09-28,c0.003
SHYAMMETL,REPLACED,BY_SYRMA,68.95339317886135,2026-09-28,c0.003
SYRMA,ADD,REPLACES_SHYAMMETL,81.40973965904585,2026-09-28,c0.003
AUROPHARMA,KEEP,,78.0379536776437,2026-09-28,c0.003
ACMESOLAR,KEEP,,74.14265891370424,2026-09-28,c0.003
LAURUSLABS,KEEP,,81.34168098321659,2026-09-28,c0.003
RADICO,KEEP,,72.98533104268535,2026-09-28,c0.003
REDINGTON,KEEP,,79.2896788687723,2026-09-28,c0.003
DIVISLAB,KEEP,,80.528611074402,2026-09-28,c0.003
ZYDUSLIFE,KEEP,,84.41158979780627,2026-09-28,c0.003
VIJAYA,KEEP,,76.34168098321659,2026-09-28,c0.003
CASTROLIND,KEEP,,86.2627197039778,2026-09-28,c0.003
SONACOMS,KEEP,,79.59726443768997,2026-09-28,c0.003
ETERNAL,KEEP,,80.00991145764505,2026-09-28,c0.003
ENGINERSIN,WATCH,CHURN_GUARD,78.90081934716531,2026-09-28,c0.003
ABDL,WATCH,CHURN_GUARD,78.41086295757896,2026-09-28,c0.003
PETRONET,WATCH,CHURN_GUARD,78.291595083917,2026-09-28,c0.003
CAPLIPOINT,WATCH,CHURN_GUARD,77.58028280692481,2026-09-28,c0.003
APOLLOHOSP,WATCH,CHURN_GUARD,76.9723800713625,2026-09-28,c0.003
APLAPOLLO,WATCH,CHURN_GUARD,76.82767278974497,2026-09-28,c0.003
GESHIP,WATCH,CHURN_GUARD,75.61946610281485,2026-09-28,c0.003
MANKIND,WATCH,CHURN_GUARD,75.33104268534426,2026-09-28,c0.003
WELCORP,WATCH,STOP_TOO_WIDE,75.1559402669486,2026-09-28,c0.003
LALPATHLAB,WATCH,CHURN_GUARD,74.90551077045063,2026-09-28,c0.003
JSL,WATCH,CHURN_GUARD,74.28835734108628,2026-09-28,c0.003
IPCALAB,WATCH,CHURN_GUARD,73.55292718382451,2026-09-28,c0.003
WOCKPHARMA,WATCH,CHURN_GUARD,73.31736487379409,2026-09-28,c0.003
CARBORUNIV,WATCH,CHURN_GUARD,73.12706488700938,2026-09-28,c0.003
TORNTPHARM,WATCH,CHURN_GUARD,72.99061715342937,2026-09-28,c0.003
WELSPUNLIV,ADD,FREE_SLOT,83.02431610942249,2026-09-28,c0.006
SHYAMMETL,REPLACED,BY_SYRMA,68.95339317886135,2026-09-28,c0.006
SYRMA,ADD,REPLACES_SHYAMMETL,81.40973965904585,2026-09-28,c0.006
AUROPHARMA,KEEP,,78.0379536776437,2026-09-28,c0.006
ACMESOLAR,KEEP,,74.14265891370424,2026-09-28,c0.006
LAURUSLABS,KEEP,,81.34168098321659,2026-09-28,c0.006
RADICO,KEEP,,72.98533104268535,2026-09-28,c0.006
REDINGTON,KEEP,,79.2896788687723,2026-09-28,c0.006
DIVISLAB,KEEP,,80.528611074402,2026-09-28,c0.006
ZYDUSLIFE,KEEP,,84.41158979780627,2026-09-28,c0.006
VIJAYA,KEEP,,76.34168098321659,2026-09-28,c0.006
CASTROLIND,KEEP,,86.2627197039778,2026-09-28,c0.006
SONACOMS,KEEP,,79.59726443768997,2026-09-28,c0.006
ETERNAL,KEEP,,80.00991145764505,2026-09-28,c0.006
ENGINERSIN,WATCH,CHURN_GUARD,78.90081934716531,2026-09-28,c0.006
ABDL,WATCH,CHURN_GUARD,78.41086295757896,2026-09-28,c0.006
PETRONET,WATCH,CHURN_GUARD,78.291595083917,2026-09-28,c0.006
CAPLIPOINT,WATCH,CHURN_GUARD,77.58028280692481,2026-09-28,c0.006
APOLLOHOSP,WATCH,CHURN_GUARD,76.9723800713625,2026-09-28,c0.006
APLAPOLLO,WATCH,CHURN_GUARD,76.82767278974497,2026-09-28,c0.006
GESHIP,WATCH,CHURN_GUARD,75.61946610281485,2026-09-28,c0.006
MANKIND,WATCH,CHURN_GUARD,75.33104268534426,2026-09-28,c0.006
WELCORP,WATCH,STOP_TOO_WIDE,75.1559402669486,2026-09-28,c0.006
LALPATHLAB,WATCH,CHURN_GUARD,74.90551077045063,2026-09-28,c0.006
JSL,WATCH,CHURN_GUARD,74.28835734108628,2026-09-28,c0.006
IPCALAB,WATCH,CHURN_GUARD,73.55292718382451,2026-09-28,c0.006
WOCKPHARMA,WATCH,CHURN_GUARD,73.31736487379409,2026-09-28,c0.006
CARBORUNIV,WATCH,CHURN_GUARD,73.12706488700938,2026-09-28,c0.006
TORNTPHARM,WATCH,CHURN_GUARD,72.99061715342937,2026-09-28,c0.006
WELSPUNLIV,ADD,FREE_SLOT,83.02431610942249,2026-09-28,c0.010
SHYAMMETL,REPLACED,BY_SYRMA,68.95339317886135,2026-09-28,c0.010
SYRMA,ADD,REPLACES_SHYAMMETL,81.40973965904585,2026-09-28,c0.010
AUROPHARMA,KEEP,,78.0379536776437,2026-09-28,c0.010
ACMESOLAR,KEEP,,74.14265891370424,2026-09-28,c0.010
LAURUSLABS,KEEP,,81.34168098321659,2026-09-28,c0.010
RADICO,KEEP,,72.98533104268535,2026-09-28,c0.010
REDINGTON,KEEP,,79.2896788687723,2026-09-28,c0.010
DIVISLAB,KEEP,,80.528611074402,2026-09-28,c0.010
ZYDUSLIFE,KEEP,,84.41158979780627,2026-09-28,c0.010
VIJAYA,KEEP,,76.34168098321659,2026-09-28,c0.010
CASTROLIND,KEEP,,86.2627197039778,2026-09-28,c0.010
SONACOMS,KEEP,,79.59726443768997,2026-09-28,c0.010
ETERNAL,KEEP,,80.00991145764505,2026-09-28,c0.010
ENGINERSIN,WATCH,CHURN_GUARD,78.90081934716531,2026-09-28,c0.010
ABDL,WATCH,CHURN_GUARD,78.41086295757896,2026-09-28,c0.010
PETRONET,WATCH,CHURN_GUARD,78.291595083917,2026-09-28,c0.010
CAPLIPOINT,WATCH,CHURN_GUARD,77.58028280692481,2026-09-28,c0.010
APOLLOHOSP,WATCH,CHURN_GUARD,76.9723800713625,2026-09-28,c0.010
APLAPOLLO,WATCH,CHURN_GUARD,76.82767278974497,2026-09-28,c0.010
GESHIP,WATCH,CHURN_GUARD,75.61946610281485,2026-09-28,c0.010
MANKIND,WATCH,CHURN_GUARD,75.33104268534426,2026-09-28,c0.010
WELCORP,WATCH,STOP_TOO_WIDE,75.1559402669486,2026-09-28,c0.010
LALPATHLAB,WATCH,CHURN_GUARD,74.90551077045063,2026-09-28,c0.010
JSL,WATCH,CHURN_GUARD,74.28835734108628,2026-09-28,c0.010
IPCALAB,WATCH,CHURN_GUARD,73.55292718382451,2026-09-28,c0.010
WOCKPHARMA,WATCH,CHURN_GUARD,73.31736487379409,2026-09-28,c0.010
CARBORUNIV,WATCH,CHURN_GUARD,73.12706488700938,2026-09-28,c0.010
TORNTPHARM,WATCH,CHURN_GUARD,72.99061715342937,2026-09-28,c0.010
SHYAMMETL,REPLACED,BY_WELSPUNLIV,68.95339317886135,2026-09-28,frac0.006
WELSPUNLIV,ADD,REPLACES_SHYAMMETL,83.02431610942249,2026-09-28,frac0.006
AUROPHARMA,KEEP,,78.0379536776437,2026-09-28,frac0.006
ACMESOLAR,KEEP,,74.14265891370424,2026-09-28,frac0.006
LAURUSLABS,KEEP,,81.34168098321659,2026-09-28,frac0.006
RADICO,KEEP,,72.98533104268535,2026-09-28,frac0.006
REDINGTON,KEEP,,79.2896788687723,2026-09-28,frac0.006
DIVISLAB,KEEP,,80.528611074402,2026-09-28,frac0.006
ZYDUSLIFE,KEEP,,84.41158979780627,2026-09-28,frac0.006
VIJAYA,KEEP,,76.34168098321659,2026-09-28,frac0.006
CASTROLIND,KEEP,,86.2627197039778,2026-09-28,frac0.006
SONACOMS,KEEP,,79.59726443768997,2026-09-28,frac0.006
ETERNAL,KEEP,,80.00991145764505,2026-09-28,frac0.006
NAVINFLUOR,KEEP,,72.87729615435444,2026-09-28,frac0.006
SYRMA,WATCH,CHURN_GUARD,81.40973965904585,2026-09-28,frac0.006
ENGINERSIN,WATCH,CHURN_GUARD,78.90081934716531,2026-09-28,frac0.006
ABDL,WATCH,CHURN_GUARD,78.41086295757896,2026-09-28,frac0.006
PETRONET,WATCH,CHURN_GUARD,78.291595083917,2026-09-28,frac0.006
CAPLIPOINT,WATCH,CHURN_GUARD,77.58028280692481,2026-09-28,frac0.006
APOLLOHOSP,WATCH,CHURN_GUARD,76.9723800713625,2026-09-28,frac0.006
APLAPOLLO,WATCH,CHURN_GUARD,76.82767278974497,2026-09-28,frac0.006
GESHIP,WATCH,CHURN_GUARD,75.61946610281485,2026-09-28,frac0.006
MANKIND,WATCH,CHURN_GUARD,75.33104268534426,2026-09-28,frac0.006
WELCORP,WATCH,STOP_TOO_WIDE,75.1559402669486,2026-09-28,frac0.006
LALPATHLAB,WATCH,CHURN_GUARD,74.90551077045063,2026-09-28,frac0.006
JSL,WATCH,CHURN_GUARD,74.28835734108628,2026-09-28,frac0.006
IPCALAB,WATCH,CHURN_GUARD,73.55292718382451,2026-09-28,frac0.006
WOCKPHARMA,WATCH,CHURN_GUARD,73.31736487379409,2026-09-28,frac0.006
CARBORUNIV,WATCH,CHURN_GUARD,73.12706488700938,2026-09-28,frac0.006
ACMESOLAR,REPLACED,BY_MANKIND,63.89656938044035,2026-09-29,c0.003
MANKIND,ADD,REPLACES_ACMESOLAR,80.81592421915003,2026-09-29,c0.003
VIJAYA,REPLACED,BY_LALPATHLAB,64.20481310803892,2026-09-29,c0.003
LALPATHLAB,ADD,REPLACES_VIJAYA,80.784178187404,2026-09-29,c0.003
AUROPHARMA,KEEP,,78.08785449260891,2026-09-29,c0.003
LAURUSLABS,KEEP,,86.10163850486431,2026-09-29,c0.003
RADICO,KEEP,,66.12007168458781,2026-09-29,c0.003
REDINGTON,KEEP,,74.61904761904762,2026-09-29,c0.003
DIVISLAB,KEEP,,82.33179723502303,2026-09-29,c0.003
ZYDUSLIFE,KEEP,,84.45878136200716,2026-09-29,c0.003
CASTROLIND,KEEP,,83.62007168458781,2026-09-29,c0.003
SONACOMS,KEEP,,80.36507936507937,2026-09-29,c0.003
ETERNAL,KEEP,,78.04608294930875,2026-09-29,c0.003
WELSPUNLIV,KEEP,,75.24603174603175,2026-09-29,c0.003
SYRMA,KEEP,,71.63415258576549,2026-09-29,c0.003
CUPID,WATCH,STOP_TOO_WIDE,84.59626216077828,2026-09-29,c0.003
GLENMARK,WATCH,COOLDOWN,80.0857654889913,2026-09-29,c0.003
ADANIPORTS,WATCH,CHURN_GUARD,79.53968253968254,2026-09-29,c0.003
TDPOWERSYS,WATCH,STOP_TOO_WIDE,77.62621607782899,2026-09-29,c0.003
EMCURE,WATCH,CHURN_GUARD,77.30798771121351,2026-09-29,c0.003
DRREDDY,WATCH,CHURN_GUARD,77.23655913978494,2026-09-29,c0.003
GLAND,WATCH,CHURN_GUARD,76.91116231438811,2026-09-29,c0.003
ABBOTINDIA,WATCH,NOT_AFFORDABLE,76.66513056835637,2026-09-29,c0.003
WELCORP,WATCH,STOP_TOO_WIDE,76.63415258576549,2026-09-29,c0.003
GESHIP,WATCH,CHURN_GUARD,74.92063492063491,2026-09-29,c0.003
ENGINERSIN,WATCH,CHURN_GUARD,74.82155657962109,2026-09-29,c0.003
IPCALAB,WATCH,CHURN_GUARD,72.83179723502303,2026-09-29,c0.003
SHRIPISTON,WATCH,CHURN_GUARD,72.65873015873017,2026-09-29,c0.003
FINCABLES,WATCH,STOP_TOO_WIDE,72.61034306195596,2026-09-29,c0.003
APLAPOLLO,WATCH,CHURN_GUARD,72.37224782386072,2026-09-29,c0.003
ACMESOLAR,REPLACED,BY_MANKIND,63.89656938044035,2026-09-29,c0.006
MANKIND,ADD,REPLACES_ACMESOLAR,80.81592421915003,2026-09-29,c0.006
VIJAYA,REPLACED,BY_LALPATHLAB,64.20481310803892,2026-09-29,c0.006
LALPATHLAB,ADD,REPLACES_VIJAYA,80.784178187404,2026-09-29,c0.006
AUROPHARMA,KEEP,,78.08785449260891,2026-09-29,c0.006
LAURUSLABS,KEEP,,86.10163850486431,2026-09-29,c0.006
RADICO,KEEP,,66.12007168458781,2026-09-29,c0.006
REDINGTON,KEEP,,74.61904761904762,2026-09-29,c0.006
DIVISLAB,KEEP,,82.33179723502303,2026-09-29,c0.006
ZYDUSLIFE,KEEP,,84.45878136200716,2026-09-29,c0.006
CASTROLIND,KEEP,,83.62007168458781,2026-09-29,c0.006
SONACOMS,KEEP,,80.36507936507937,2026-09-29,c0.006
ETERNAL,KEEP,,78.04608294930875,2026-09-29,c0.006
WELSPUNLIV,KEEP,,75.24603174603175,2026-09-29,c0.006
SYRMA,KEEP,,71.63415258576549,2026-09-29,c0.006
CUPID,WATCH,STOP_TOO_WIDE,84.59626216077828,2026-09-29,c0.006
GLENMARK,WATCH,COOLDOWN,80.0857654889913,2026-09-29,c0.006
ADANIPORTS,WATCH,CHURN_GUARD,79.53968253968254,2026-09-29,c0.006
TDPOWERSYS,WATCH,STOP_TOO_WIDE,77.62621607782899,2026-09-29,c0.006
EMCURE,WATCH,CHURN_GUARD,77.30798771121351,2026-09-29,c0.006
DRREDDY,WATCH,CHURN_GUARD,77.23655913978494,2026-09-29,c0.006
GLAND,WATCH,CHURN_GUARD,76.91116231438811,2026-09-29,c0.006
ABBOTINDIA,WATCH,NOT_AFFORDABLE,76.66513056835637,2026-09-29,c0.006
WELCORP,WATCH,STOP_TOO_WIDE,76.63415258576549,2026-09-29,c0.006
GESHIP,WATCH,CHURN_GUARD,74.92063492063491,2026-09-29,c0.006
ENGINERSIN,WATCH,CHURN_GUARD,74.82155657962109,2026-09-29,c0.006
IPCALAB,WATCH,CHURN_GUARD,72.83179723502303,2026-09-29,c0.006
SHRIPISTON,WATCH,CHURN_GUARD,72.65873015873017,2026-09-29,c0.006
FINCABLES,WATCH,STOP_TOO_WIDE,72.61034306195596,2026-09-29,c0.006
APLAPOLLO,WATCH,CHURN_GUARD,72.37224782386072,2026-09-29,c0.006
ACMESOLAR,REPLACED,BY_MANKIND,63.89656938044035,2026-09-29,c0.010
MANKIND,ADD,REPLACES_ACMESOLAR,80.81592421915003,2026-09-29,c0.010
VIJAYA,REPLACED,BY_LALPATHLAB,64.20481310803892,2026-09-29,c0.010
LALPATHLAB,ADD,REPLACES_VIJAYA,80.784178187404,2026-09-29,c0.010
AUROPHARMA,KEEP,,78.08785449260891,2026-09-29,c0.010
LAURUSLABS,KEEP,,86.10163850486431,2026-09-29,c0.010
RADICO,KEEP,,66.12007168458781,2026-09-29,c0.010
REDINGTON,KEEP,,74.61904761904762,2026-09-29,c0.010
DIVISLAB,KEEP,,82.33179723502303,2026-09-29,c0.010
ZYDUSLIFE,KEEP,,84.45878136200716,2026-09-29,c0.010
CASTROLIND,KEEP,,83.62007168458781,2026-09-29,c0.010
SONACOMS,KEEP,,80.36507936507937,2026-09-29,c0.010
ETERNAL,KEEP,,78.04608294930875,2026-09-29,c0.010
WELSPUNLIV,KEEP,,75.24603174603175,2026-09-29,c0.010
SYRMA,KEEP,,71.63415258576549,2026-09-29,c0.010
CUPID,WATCH,STOP_TOO_WIDE,84.59626216077828,2026-09-29,c0.010
GLENMARK,WATCH,COOLDOWN,80.0857654889913,2026-09-29,c0.010
ADANIPORTS,WATCH,CHURN_GUARD,79.53968253968254,2026-09-29,c0.010
TDPOWERSYS,WATCH,STOP_TOO_WIDE,77.62621607782899,2026-09-29,c0.010
EMCURE,WATCH,CHURN_GUARD,77.30798771121351,2026-09-29,c0.010
DRREDDY,WATCH,CHURN_GUARD,77.23655913978494,2026-09-29,c0.010
GLAND,WATCH,CHURN_GUARD,76.91116231438811,2026-09-29,c0.010
ABBOTINDIA,WATCH,NOT_AFFORDABLE,76.66513056835637,2026-09-29,c0.010
WELCORP,WATCH,STOP_TOO_WIDE,76.63415258576549,2026-09-29,c0.010
GESHIP,WATCH,CHURN_GUARD,74.92063492063491,2026-09-29,c0.010
ENGINERSIN,WATCH,CHURN_GUARD,74.82155657962109,2026-09-29,c0.010
IPCALAB,WATCH,CHURN_GUARD,72.83179723502303,2026-09-29,c0.010
SHRIPISTON,WATCH,CHURN_GUARD,72.65873015873017,2026-09-29,c0.010
FINCABLES,WATCH,STOP_TOO_WIDE,72.61034306195596,2026-09-29,c0.010
APLAPOLLO,WATCH,CHURN_GUARD,72.37224782386072,2026-09-29,c0.010
ACMESOLAR,REPLACED,BY_MANKIND,63.89656938044035,2026-09-29,frac0.006
MANKIND,ADD,REPLACES_ACMESOLAR,80.81592421915003,2026-09-29,frac0.006
VIJAYA,REPLACED,BY_LALPATHLAB,64.20481310803892,2026-09-29,frac0.006
LALPATHLAB,ADD,REPLACES_VIJAYA,80.784178187404,2026-09-29,frac0.006
AUROPHARMA,KEEP,,78.08785449260891,2026-09-29,frac0.006
LAURUSLABS,KEEP,,86.10163850486431,2026-09-29,frac0.006
RADICO,KEEP,,66.12007168458781,2026-09-29,frac0.006
REDINGTON,KEEP,,74.61904761904762,2026-09-29,frac0.006
DIVISLAB,KEEP,,82.33179723502303,2026-09-29,frac0.006
ZYDUSLIFE,KEEP,,84.45878136200716,2026-09-29,frac0.006
CASTROLIND,KEEP,,83.62007168458781,2026-09-29,frac0.006
SONACOMS,KEEP,,80.36507936507937,2026-09-29,frac0.006
ETERNAL,KEEP,,78.04608294930875,2026-09-29,frac0.006
NAVINFLUOR,KEEP,,62.110599078341004,2026-09-29,frac0.006
WELSPUNLIV,KEEP,,75.24603174603175,2026-09-29,frac0.006
CUPID,WATCH,STOP_TOO_WIDE,84.59626216077828,2026-09-29,frac0.006
GLENMARK,WATCH,COOLDOWN,80.0857654889913,2026-09-29,frac0.006
ADANIPORTS,WATCH,CHURN_GUARD,79.53968253968254,2026-09-29,frac0.006
TDPOWERSYS,WATCH,STOP_TOO_WIDE,77.62621607782899,2026-09-29,frac0.006
EMCURE,WATCH,CHURN_GUARD,77.30798771121351,2026-09-29,frac0.006
DRREDDY,WATCH,CHURN_GUARD,77.23655913978494,2026-09-29,frac0.006
GLAND,WATCH,CHURN_GUARD,76.91116231438811,2026-09-29,frac0.006
ABBOTINDIA,WATCH,NOT_AFFORDABLE,76.66513056835637,2026-09-29,frac0.006
WELCORP,WATCH,STOP_TOO_WIDE,76.63415258576549,2026-09-29,frac0.006
GESHIP,WATCH,CHURN_GUARD,74.92063492063491,2026-09-29,frac0.006
ENGINERSIN,WATCH,CHURN_GUARD,74.82155657962109,2026-09-29,frac0.006
IPCALAB,WATCH,CHURN_GUARD,72.83179723502303,2026-09-29,frac0.006
SHRIPISTON,WATCH,CHURN_GUARD,72.65873015873017,2026-09-29,frac0.006
FINCABLES,WATCH,STOP_TOO_WIDE,72.61034306195596,2026-09-29,frac0.006
APLAPOLLO,WATCH,CHURN_GUARD,72.37224782386072,2026-09-29,frac0.006
KOTAKBANK,ADD,FREE_SLOT,79.58210589171975,2026-09-30,c0.003
AJANTPHARM,ADD,FREE_SLOT,78.67277070063695,2026-09-30,c0.003
LAURUSLABS,KEEP,,75.36808320063695,2026-09-30,c0.003
RADICO,KEEP,,73.43008558917197,2026-09-30,c0.003
REDINGTON,KEEP,,77.04767117834395,2026-09-30,c0.003
DIVISLAB,KEEP,,75.51652070063695,2026-09-30,c0.003
ZYDUSLIFE,KEEP,,75.43058320063695,2026-09-30,c0.003
CASTROLIND,KEEP,,80.382712977707,2026-09-30,c0.003
SONACOMS,KEEP,,77.18162818471338,2026-09-30,c0.003
WELSPUNLIV,KEEP,,76.9453125,2026-09-30,c0.003
SYRMA,KEEP,,74.86659036624204,2026-09-30,c0.003
MANKIND,KEEP,,80.04777070063695,2026-09-30,c0.003
LALPATHLAB,KEEP,,80.37589570063695,2026-09-30,c0.003
CUPID,WATCH,STOP_TOO_WIDE,81.78164808917197,2026-09-30,c0.003
MCX,WATCH,NO_SLOT,77.09773089171975,2026-09-30,c0.003
IPCALAB,WATCH,NO_SLOT,75.78214570063695,2026-09-30,c0.003
PETRONET,WATCH,NO_SLOT,75.320212977707,2026-09-30,c0.003
ADANIPORTS,WATCH,NO_SLOT,75.26642117834395,2026-09-30,c0.003
KAJARIACER,WATCH,NO_SLOT,73.6155951433121,2026-09-30,c0.003
DRREDDY,WATCH,NO_SLOT,73.26652070063695,2026-09-30,c0.003
AZAD,WATCH,STOP_TOO_WIDE,72.96034036624204,2026-09-30,c0.003
FINCABLES,WATCH,STOP_TOO_WIDE,72.85877786624204,2026-09-30,c0.003
AETHER,WATCH,NO_SLOT,72.71228105095541,2026-09-30,c0.003
INDHOTEL,WATCH,NO_SLOT,72.43894307324841,2026-09-30,c0.003
JINDALSTEL,WATCH,NO_SLOT,72.42371616242039,2026-09-30,c0.003
WELCORP,WATCH,STOP_TOO_WIDE,72.16346536624204,2026-09-30,c0.003
DLF,WATCH,NO_SLOT,72.093650477707,2026-09-30,c0.003
ACE,WATCH,NO_SLOT,71.97596536624204,2026-09-30,c0.003
KOTAKBANK,ADD,FREE_SLOT,79.58210589171975,2026-09-30,c0.006
AJANTPHARM,ADD,FREE_SLOT,78.67277070063695,2026-09-30,c0.006
LAURUSLABS,KEEP,,75.36808320063695,2026-09-30,c0.006
RADICO,KEEP,,73.43008558917197,2026-09-30,c0.006
REDINGTON,KEEP,,77.04767117834395,2026-09-30,c0.006
DIVISLAB,KEEP,,75.51652070063695,2026-09-30,c0.006
ZYDUSLIFE,KEEP,,75.43058320063695,2026-09-30,c0.006
CASTROLIND,KEEP,,80.382712977707,2026-09-30,c0.006
SONACOMS,KEEP,,77.18162818471338,2026-09-30,c0.006
WELSPUNLIV,KEEP,,76.9453125,2026-09-30,c0.006
SYRMA,KEEP,,74.86659036624204,2026-09-30,c0.006
MANKIND,KEEP,,80.04777070063695,2026-09-30,c0.006
LALPATHLAB,KEEP,,80.37589570063695,2026-09-30,c0.006
CUPID,WATCH,STOP_TOO_WIDE,81.78164808917197,2026-09-30,c0.006
MCX,WATCH,NO_SLOT,77.09773089171975,2026-09-30,c0.006
IPCALAB,WATCH,NO_SLOT,75.78214570063695,2026-09-30,c0.006
PETRONET,WATCH,NO_SLOT,75.320212977707,2026-09-30,c0.006
ADANIPORTS,WATCH,NO_SLOT,75.26642117834395,2026-09-30,c0.006
KAJARIACER,WATCH,NO_SLOT,73.6155951433121,2026-09-30,c0.006
DRREDDY,WATCH,NO_SLOT,73.26652070063695,2026-09-30,c0.006
AZAD,WATCH,STOP_TOO_WIDE,72.96034036624204,2026-09-30,c0.006
FINCABLES,WATCH,STOP_TOO_WIDE,72.85877786624204,2026-09-30,c0.006
AETHER,WATCH,NO_SLOT,72.71228105095541,2026-09-30,c0.006
INDHOTEL,WATCH,NO_SLOT,72.43894307324841,2026-09-30,c0.006
JINDALSTEL,WATCH,NO_SLOT,72.42371616242039,2026-09-30,c0.006
WELCORP,WATCH,STOP_TOO_WIDE,72.16346536624204,2026-09-30,c0.006
DLF,WATCH,NO_SLOT,72.093650477707,2026-09-30,c0.006
ACE,WATCH,NO_SLOT,71.97596536624204,2026-09-30,c0.006
KOTAKBANK,ADD,FREE_SLOT,79.58210589171975,2026-09-30,c0.010
AJANTPHARM,ADD,FREE_SLOT,78.67277070063695,2026-09-30,c0.010
LAURUSLABS,KEEP,,75.36808320063695,2026-09-30,c0.010
RADICO,KEEP,,73.43008558917197,2026-09-30,c0.010
REDINGTON,KEEP,,77.04767117834395,2026-09-30,c0.010
DIVISLAB,KEEP,,75.51652070063695,2026-09-30,c0.010
ZYDUSLIFE,KEEP,,75.43058320063695,2026-09-30,c0.010
CASTROLIND,KEEP,,80.382712977707,2026-09-30,c0.010
SONACOMS,KEEP,,77.18162818471338,2026-09-30,c0.010
WELSPUNLIV,KEEP,,76.9453125,2026-09-30,c0.010
SYRMA,KEEP,,74.86659036624204,2026-09-30,c0.010
MANKIND,KEEP,,80.04777070063695,2026-09-30,c0.010
LALPATHLAB,KEEP,,80.37589570063695,2026-09-30,c0.010
CUPID,WATCH,STOP_TOO_WIDE,81.78164808917197,2026-09-30,c0.010
MCX,WATCH,NO_SLOT,77.09773089171975,2026-09-30,c0.010
IPCALAB,WATCH,NO_SLOT,75.78214570063695,2026-09-30,c0.010
PETRONET,WATCH,NO_SLOT,75.320212977707,2026-09-30,c0.010
ADANIPORTS,WATCH,NO_SLOT,75.26642117834395,2026-09-30,c0.010
KAJARIACER,WATCH,NO_SLOT,73.6155951433121,2026-09-30,c0.010
DRREDDY,WATCH,NO_SLOT,73.26652070063695,2026-09-30,c0.010
AZAD,WATCH,STOP_TOO_WIDE,72.96034036624204,2026-09-30,c0.010
FINCABLES,WATCH,STOP_TOO_WIDE,72.85877786624204,2026-09-30,c0.010
AETHER,WATCH,NO_SLOT,72.71228105095541,2026-09-30,c0.010
INDHOTEL,WATCH,NO_SLOT,72.43894307324841,2026-09-30,c0.010
JINDALSTEL,WATCH,NO_SLOT,72.42371616242039,2026-09-30,c0.010
WELCORP,WATCH,STOP_TOO_WIDE,72.16346536624204,2026-09-30,c0.010
DLF,WATCH,NO_SLOT,72.093650477707,2026-09-30,c0.010
ACE,WATCH,NO_SLOT,71.97596536624204,2026-09-30,c0.010
KOTAKBANK,ADD,FREE_SLOT,79.58210589171975,2026-09-30,frac0.006
AJANTPHARM,ADD,FREE_SLOT,78.67277070063695,2026-09-30,frac0.006
LAURUSLABS,KEEP,,75.36808320063695,2026-09-30,frac0.006
RADICO,KEEP,,73.43008558917197,2026-09-30,frac0.006
REDINGTON,KEEP,,77.04767117834395,2026-09-30,frac0.006
DIVISLAB,KEEP,,75.51652070063695,2026-09-30,frac0.006
ZYDUSLIFE,KEEP,,75.43058320063695,2026-09-30,frac0.006
CASTROLIND,KEEP,,80.382712977707,2026-09-30,frac0.006
SONACOMS,KEEP,,77.18162818471338,2026-09-30,frac0.006
NAVINFLUOR,KEEP,,68.95446855095541,2026-09-30,frac0.006
WELSPUNLIV,KEEP,,76.9453125,2026-09-30,frac0.006
MANKIND,KEEP,,80.04777070063695,2026-09-30,frac0.006
LALPATHLAB,KEEP,,80.37589570063695,2026-09-30,frac0.006
CUPID,WATCH,STOP_TOO_WIDE,81.78164808917197,2026-09-30,frac0.006
MCX,WATCH,NO_SLOT,77.09773089171975,2026-09-30,frac0.006
IPCALAB,WATCH,NO_SLOT,75.78214570063695,2026-09-30,frac0.006
PETRONET,WATCH,NO_SLOT,75.320212977707,2026-09-30,frac0.006
ADANIPORTS,WATCH,NO_SLOT,75.26642117834395,2026-09-30,frac0.006
SYRMA,WATCH,NO_SLOT,74.86659036624204,2026-09-30,frac0.006
KAJARIACER,WATCH,NO_SLOT,73.6155951433121,2026-09-30,frac0.006
DRREDDY,WATCH,NO_SLOT,73.26652070063695,2026-09-30,frac0.006
AZAD,WATCH,STOP_TOO_WIDE,72.96034036624204,2026-09-30,frac0.006
FINCABLES,WATCH,STOP_TOO_WIDE,72.85877786624204,2026-09-30,frac0.006
AETHER,WATCH,NO_SLOT,72.71228105095541,2026-09-30,frac0.006
INDHOTEL,WATCH,NO_SLOT,72.43894307324841,2026-09-30,frac0.006
JINDALSTEL,WATCH,NO_SLOT,72.42371616242039,2026-09-30,frac0.006
WELCORP,WATCH,STOP_TOO_WIDE,72.16346536624204,2026-09-30,frac0.006
DLF,WATCH,NO_SLOT,72.093650477707,2026-09-30,frac0.006
IPCALAB,ADD,FREE_SLOT,82.1070176420126,2026-10-01,c0.003
PETRONET,ADD,FREE_SLOT,76.99395770392749,2026-10-01,c0.003
MCX,ADD,FREE_SLOT,76.22757450300251,2026-10-01,c0.003
LAURUSLABS,KEEP,,81.04206295923315,2026-10-01,c0.003
REDINGTON,KEEP,,70.2794095706986,2026-10-01,c0.003
CASTROLIND,KEEP,,79.35800604229607,2026-10-01,c0.003
SONACOMS,KEEP,,75.53685987094848,2026-10-01,c0.003
WELSPUNLIV,KEEP,,78.9501510574018,2026-10-01,c0.003
SYRMA,KEEP,,71.36110178658014,2026-10-01,c0.003
MANKIND,KEEP,,78.29281824624222,2026-10-01,c0.003
LALPATHLAB,KEEP,,83.31547685651411,2026-10-01,c0.003
KOTAKBANK,KEEP,,84.07500652717168,2026-10-01,c0.003
AJANTPHARM,KEEP,,76.19312036104584,2026-10-01,c0.003
ZYDUSLIFE,WATCH,COOLDOWN,81.56321099548694,2026-10-01,c0.003
DIVISLAB,WATCH,COOLDOWN,79.66744060273768,2026-10-01,c0.003
AUROPHARMA,WATCH,COOLDOWN,76.88043153929357,2026-10-01,c0.003
CUPID,WATCH,STOP_TOO_WIDE,76.85889187273881,2026-10-01,c0.003
KAJARIACER,WATCH,NO_SLOT,75.77477527880347,2026-10-01,c0.003
ABDL,WATCH,NO_SLOT,74.31357465219499,2026-10-01,c0.003
PRIVISCL,WATCH,NO_SLOT,73.60975905411958,2026-10-01,c0.003
KARURVYSYA,WATCH,NO_SLOT,73.49343553019283,2026-10-01,c0.003
FINCABLES,WATCH,NO_SLOT,73.36261236059828,2026-10-01,c0.003
ENGINERSIN,WATCH,NO_SLOT,73.24223266569692,2026-10-01,c0.003
AETHER,WATCH,NO_SLOT,72.97531796650628,2026-10-01,c0.003
DRREDDY,WATCH,NO_SLOT,72.72635298944463,2026-10-01,c0.003
CYIENT,WATCH,NO_SLOT,72.7123195703256,2026-10-01,c0.003
GLAND,WATCH,NO_SLOT,72.49221401663496,2026-10-01,c0.003
TDPOWERSYS,WATCH,STOP_TOO_WIDE,72.48647943008466,2026-10-01,c0.003
IPCALAB,ADD,FREE_SLOT,82.1070176420126,2026-10-01,c0.006
PETRONET,ADD,FREE_SLOT,76.99395770392749,2026-10-01,c0.006
MCX,ADD,FREE_SLOT,76.22757450300251,2026-10-01,c0.006
LAURUSLABS,KEEP,,81.04206295923315,2026-10-01,c0.006
REDINGTON,KEEP,,70.2794095706986,2026-10-01,c0.006
CASTROLIND,KEEP,,79.35800604229607,2026-10-01,c0.006
SONACOMS,KEEP,,75.53685987094848,2026-10-01,c0.006
WELSPUNLIV,KEEP,,78.9501510574018,2026-10-01,c0.006
SYRMA,KEEP,,71.36110178658014,2026-10-01,c0.006
MANKIND,KEEP,,78.29281824624222,2026-10-01,c0.006
LALPATHLAB,KEEP,,83.31547685651411,2026-10-01,c0.006
KOTAKBANK,KEEP,,84.07500652717168,2026-10-01,c0.006
AJANTPHARM,KEEP,,76.19312036104584,2026-10-01,c0.006
ZYDUSLIFE,WATCH,COOLDOWN,81.56321099548694,2026-10-01,c0.006
DIVISLAB,WATCH,COOLDOWN,79.66744060273768,2026-10-01,c0.006
AUROPHARMA,WATCH,COOLDOWN,76.88043153929357,2026-10-01,c0.006
CUPID,WATCH,STOP_TOO_WIDE,76.85889187273881,2026-10-01,c0.006
KAJARIACER,WATCH,NO_SLOT,75.77477527880347,2026-10-01,c0.006
ABDL,WATCH,NO_SLOT,74.31357465219499,2026-10-01,c0.006
PRIVISCL,WATCH,NO_SLOT,73.60975905411958,2026-10-01,c0.006
KARURVYSYA,WATCH,NO_SLOT,73.49343553019283,2026-10-01,c0.006
FINCABLES,WATCH,NO_SLOT,73.36261236059828,2026-10-01,c0.006
ENGINERSIN,WATCH,NO_SLOT,73.24223266569692,2026-10-01,c0.006
AETHER,WATCH,NO_SLOT,72.97531796650628,2026-10-01,c0.006
DRREDDY,WATCH,NO_SLOT,72.72635298944463,2026-10-01,c0.006
CYIENT,WATCH,NO_SLOT,72.7123195703256,2026-10-01,c0.006
GLAND,WATCH,NO_SLOT,72.49221401663496,2026-10-01,c0.006
TDPOWERSYS,WATCH,STOP_TOO_WIDE,72.48647943008466,2026-10-01,c0.006
IPCALAB,ADD,FREE_SLOT,82.1070176420126,2026-10-01,c0.010
PETRONET,ADD,FREE_SLOT,76.99395770392749,2026-10-01,c0.010
MCX,ADD,FREE_SLOT,76.22757450300251,2026-10-01,c0.010
LAURUSLABS,KEEP,,81.04206295923315,2026-10-01,c0.010
REDINGTON,KEEP,,70.2794095706986,2026-10-01,c0.010
CASTROLIND,KEEP,,79.35800604229607,2026-10-01,c0.010
SONACOMS,KEEP,,75.53685987094848,2026-10-01,c0.010
WELSPUNLIV,KEEP,,78.9501510574018,2026-10-01,c0.010
SYRMA,KEEP,,71.36110178658014,2026-10-01,c0.010
MANKIND,KEEP,,78.29281824624222,2026-10-01,c0.010
LALPATHLAB,KEEP,,83.31547685651411,2026-10-01,c0.010
KOTAKBANK,KEEP,,84.07500652717168,2026-10-01,c0.010
AJANTPHARM,KEEP,,76.19312036104584,2026-10-01,c0.010
ZYDUSLIFE,WATCH,COOLDOWN,81.56321099548694,2026-10-01,c0.010
DIVISLAB,WATCH,COOLDOWN,79.66744060273768,2026-10-01,c0.010
AUROPHARMA,WATCH,COOLDOWN,76.88043153929357,2026-10-01,c0.010
CUPID,WATCH,STOP_TOO_WIDE,76.85889187273881,2026-10-01,c0.010
KAJARIACER,WATCH,NO_SLOT,75.77477527880347,2026-10-01,c0.010
ABDL,WATCH,NO_SLOT,74.31357465219499,2026-10-01,c0.010
PRIVISCL,WATCH,NO_SLOT,73.60975905411958,2026-10-01,c0.010
KARURVYSYA,WATCH,NO_SLOT,73.49343553019283,2026-10-01,c0.010
FINCABLES,WATCH,NO_SLOT,73.36261236059828,2026-10-01,c0.010
ENGINERSIN,WATCH,NO_SLOT,73.24223266569692,2026-10-01,c0.010
AETHER,WATCH,NO_SLOT,72.97531796650628,2026-10-01,c0.010
DRREDDY,WATCH,NO_SLOT,72.72635298944463,2026-10-01,c0.010
CYIENT,WATCH,NO_SLOT,72.7123195703256,2026-10-01,c0.010
GLAND,WATCH,NO_SLOT,72.49221401663496,2026-10-01,c0.010
TDPOWERSYS,WATCH,STOP_TOO_WIDE,72.48647943008466,2026-10-01,c0.010
IPCALAB,ADD,FREE_SLOT,82.1070176420126,2026-10-01,frac0.006
PETRONET,ADD,FREE_SLOT,76.99395770392749,2026-10-01,frac0.006
MCX,ADD,FREE_SLOT,76.22757450300251,2026-10-01,frac0.006
KAJARIACER,ADD,FREE_SLOT,75.77477527880347,2026-10-01,frac0.006
LAURUSLABS,KEEP,,81.04206295923315,2026-10-01,frac0.006
REDINGTON,KEEP,,70.2794095706986,2026-10-01,frac0.006
CASTROLIND,KEEP,,79.35800604229607,2026-10-01,frac0.006
SONACOMS,KEEP,,75.53685987094848,2026-10-01,frac0.006
WELSPUNLIV,KEEP,,78.9501510574018,2026-10-01,frac0.006
MANKIND,KEEP,,78.29281824624222,2026-10-01,frac0.006
LALPATHLAB,KEEP,,83.31547685651411,2026-10-01,frac0.006
KOTAKBANK,KEEP,,84.07500652717168,2026-10-01,frac0.006
AJANTPHARM,KEEP,,76.19312036104584,2026-10-01,frac0.006
ZYDUSLIFE,WATCH,COOLDOWN,81.56321099548694,2026-10-01,frac0.006
DIVISLAB,WATCH,COOLDOWN,79.66744060273768,2026-10-01,frac0.006
AUROPHARMA,WATCH,COOLDOWN,76.88043153929357,2026-10-01,frac0.006
CUPID,WATCH,STOP_TOO_WIDE,76.85889187273881,2026-10-01,frac0.006
ABDL,WATCH,NO_SLOT,74.31357465219499,2026-10-01,frac0.006
PRIVISCL,WATCH,NO_SLOT,73.60975905411958,2026-10-01,frac0.006
KARURVYSYA,WATCH,NO_SLOT,73.49343553019283,2026-10-01,frac0.006
FINCABLES,WATCH,NO_SLOT,73.36261236059828,2026-10-01,frac0.006
ENGINERSIN,WATCH,NO_SLOT,73.24223266569692,2026-10-01,frac0.006
AETHER,WATCH,NO_SLOT,72.97531796650628,2026-10-01,frac0.006
DRREDDY,WATCH,NO_SLOT,72.72635298944463,2026-10-01,frac0.006
CYIENT,WATCH,NO_SLOT,72.7123195703256,2026-10-01,frac0.006
GLAND,WATCH,NO_SLOT,72.49221401663496,2026-10-01,frac0.006
TDPOWERSYS,WATCH,STOP_TOO_WIDE,72.48647943008466,2026-10-01,frac0.006
MOTILALOFS,WATCH,NO_SLOT,72.20189474469434,2026-10-01,frac0.006
LALPATHLAB,REMOVE,INELIGIBLE,,2026-10-02,c0.003
AJANTPHARM,REMOVE,INELIGIBLE,,2026-10-02,c0.003
PETRONET,REMOVE,INELIGIBLE,,2026-10-02,c0.003
LAURUSLABS,KEEP,,82.99111512687297,2026-10-02,c0.003
REDINGTON,KEEP,,70.14146148633387,2026-10-02,c0.003
CASTROLIND,KEEP,,79.14586627512989,2026-10-02,c0.003
SONACOMS,KEEP,,72.42169264362623,2026-10-02,c0.003
WELSPUNLIV,KEEP,,79.27038626609442,2026-10-02,c0.003
SYRMA,KEEP,,71.1831752127099,2026-10-02,c0.003
MANKIND,KEEP,,78.46321813116484,2026-10-02,c0.003
KOTAKBANK,KEEP,,84.17984338528726,2026-10-02,c0.003
IPCALAB,KEEP,,81.38167306678714,2026-10-02,c0.003
MCX,KEEP,,74.08327686168211,2026-10-02,c0.003
AUROPHARMA,WATCH,COOLDOWN,80.75935547022061,2026-10-02,c0.003
CUPID,WATCH,STOP_TOO_WIDE,76.73885626082374,2026-10-02,c0.003
ENGINERSIN,WATCH,NO_SLOT,75.10908440629471,2026-10-02,c0.003
RBLBANK,WATCH,NO_SLOT,74.36224681876365,2026-10-02,c0.003
ABDL,WATCH,NO_SLOT,73.70237557412844,2026-10-02,c0.003
SAILIFE,WATCH,NO_SLOT,73.68854001957685,2026-10-02,c0.003
TDPOWERSYS,WATCH,STOP_TOO_WIDE,73.49004216549959,2026-10-02,c0.003
JSWINFRA,WATCH,NO_SLOT,73.32815676530382,2026-10-02,c0.003
KARURVYSYA,WATCH,NO_SLOT,72.96739703335591,2026-10-02,c0.003
DRREDDY,WATCH,NO_SLOT,72.21858293803177,2026-10-02,c0.003
AETHER,WATCH,NO_SLOT,72.14949928469242,2026-10-02,c0.003
GLAND,WATCH,NO_SLOT,71.38167306678714,2026-10-02,c0.003
EMCURE,WATCH,NO_SLOT,71.23145847451246,2026-10-02,c0.003
KAJARIACER,WATCH,NO_SLOT,70.82043897296892,2026-10-02,c0.003
GLENMARK,WATCH,NO_SLOT,70.79154431142234,2026-10-02,c0.003
LALPATHLAB,REMOVE,INELIGIBLE,,2026-10-02,c0.006
AJANTPHARM,REMOVE,INELIGIBLE,,2026-10-02,c0.006
PETRONET,REMOVE,INELIGIBLE,,2026-10-02,c0.006
LAURUSLABS,KEEP,,82.99111512687297,2026-10-02,c0.006
REDINGTON,KEEP,,70.14146148633387,2026-10-02,c0.006
CASTROLIND,KEEP,,79.14586627512989,2026-10-02,c0.006
SONACOMS,KEEP,,72.42169264362623,2026-10-02,c0.006
WELSPUNLIV,KEEP,,79.27038626609442,2026-10-02,c0.006
SYRMA,KEEP,,71.1831752127099,2026-10-02,c0.006
MANKIND,KEEP,,78.46321813116484,2026-10-02,c0.006
KOTAKBANK,KEEP,,84.17984338528726,2026-10-02,c0.006
IPCALAB,KEEP,,81.38167306678714,2026-10-02,c0.006
MCX,KEEP,,74.08327686168211,2026-10-02,c0.006
AUROPHARMA,WATCH,COOLDOWN,80.75935547022061,2026-10-02,c0.006
CUPID,WATCH,STOP_TOO_WIDE,76.73885626082374,2026-10-02,c0.006
ENGINERSIN,WATCH,NO_SLOT,75.10908440629471,2026-10-02,c0.006
RBLBANK,WATCH,NO_SLOT,74.36224681876365,2026-10-02,c0.006
ABDL,WATCH,NO_SLOT,73.70237557412844,2026-10-02,c0.006
SAILIFE,WATCH,NO_SLOT,73.68854001957685,2026-10-02,c0.006
TDPOWERSYS,WATCH,STOP_TOO_WIDE,73.49004216549959,2026-10-02,c0.006
JSWINFRA,WATCH,NO_SLOT,73.32815676530382,2026-10-02,c0.006
KARURVYSYA,WATCH,NO_SLOT,72.96739703335591,2026-10-02,c0.006
DRREDDY,WATCH,NO_SLOT,72.21858293803177,2026-10-02,c0.006
AETHER,WATCH,NO_SLOT,72.14949928469242,2026-10-02,c0.006
GLAND,WATCH,NO_SLOT,71.38167306678714,2026-10-02,c0.006
EMCURE,WATCH,NO_SLOT,71.23145847451246,2026-10-02,c0.006
KAJARIACER,WATCH,NO_SLOT,70.82043897296892,2026-10-02,c0.006
GLENMARK,WATCH,NO_SLOT,70.79154431142234,2026-10-02,c0.006
LALPATHLAB,REMOVE,INELIGIBLE,,2026-10-02,c0.010
AJANTPHARM,REMOVE,INELIGIBLE,,2026-10-02,c0.010
PETRONET,REMOVE,INELIGIBLE,,2026-10-02,c0.010
LAURUSLABS,KEEP,,82.99111512687297,2026-10-02,c0.010
REDINGTON,KEEP,,70.14146148633387,2026-10-02,c0.010
CASTROLIND,KEEP,,79.14586627512989,2026-10-02,c0.010
SONACOMS,KEEP,,72.42169264362623,2026-10-02,c0.010
WELSPUNLIV,KEEP,,79.27038626609442,2026-10-02,c0.010
SYRMA,KEEP,,71.1831752127099,2026-10-02,c0.010
MANKIND,KEEP,,78.46321813116484,2026-10-02,c0.010
KOTAKBANK,KEEP,,84.17984338528726,2026-10-02,c0.010
IPCALAB,KEEP,,81.38167306678714,2026-10-02,c0.010
MCX,KEEP,,74.08327686168211,2026-10-02,c0.010
AUROPHARMA,WATCH,COOLDOWN,80.75935547022061,2026-10-02,c0.010
CUPID,WATCH,STOP_TOO_WIDE,76.73885626082374,2026-10-02,c0.010
ENGINERSIN,WATCH,NO_SLOT,75.10908440629471,2026-10-02,c0.010
RBLBANK,WATCH,NO_SLOT,74.36224681876365,2026-10-02,c0.010
ABDL,WATCH,NO_SLOT,73.70237557412844,2026-10-02,c0.010
SAILIFE,WATCH,NO_SLOT,73.68854001957685,2026-10-02,c0.010
TDPOWERSYS,WATCH,STOP_TOO_WIDE,73.49004216549959,2026-10-02,c0.010
JSWINFRA,WATCH,NO_SLOT,73.32815676530382,2026-10-02,c0.010
KARURVYSYA,WATCH,NO_SLOT,72.96739703335591,2026-10-02,c0.010
DRREDDY,WATCH,NO_SLOT,72.21858293803177,2026-10-02,c0.010
AETHER,WATCH,NO_SLOT,72.14949928469242,2026-10-02,c0.010
GLAND,WATCH,NO_SLOT,71.38167306678714,2026-10-02,c0.010
EMCURE,WATCH,NO_SLOT,71.23145847451246,2026-10-02,c0.010
KAJARIACER,WATCH,NO_SLOT,70.82043897296892,2026-10-02,c0.010
GLENMARK,WATCH,NO_SLOT,70.79154431142234,2026-10-02,c0.010
LALPATHLAB,REMOVE,INELIGIBLE,,2026-10-02,frac0.006
AJANTPHARM,REMOVE,INELIGIBLE,,2026-10-02,frac0.006
PETRONET,REMOVE,INELIGIBLE,,2026-10-02,frac0.006
LAURUSLABS,KEEP,,82.99111512687297,2026-10-02,frac0.006
REDINGTON,KEEP,,70.14146148633387,2026-10-02,frac0.006
CASTROLIND,KEEP,,79.14586627512989,2026-10-02,frac0.006
SONACOMS,KEEP,,72.42169264362623,2026-10-02,frac0.006
WELSPUNLIV,KEEP,,79.27038626609442,2026-10-02,frac0.006
MANKIND,KEEP,,78.46321813116484,2026-10-02,frac0.006
KOTAKBANK,KEEP,,84.17984338528726,2026-10-02,frac0.006
IPCALAB,KEEP,,81.38167306678714,2026-10-02,frac0.006
MCX,KEEP,,74.08327686168211,2026-10-02,frac0.006
KAJARIACER,KEEP,,70.82043897296892,2026-10-02,frac0.006
AUROPHARMA,WATCH,COOLDOWN,80.75935547022061,2026-10-02,frac0.006
CUPID,WATCH,STOP_TOO_WIDE,76.73885626082374,2026-10-02,frac0.006
ENGINERSIN,WATCH,NO_SLOT,75.10908440629471,2026-10-02,frac0.006
RBLBANK,WATCH,NO_SLOT,74.36224681876365,2026-10-02,frac0.006
ABDL,WATCH,NO_SLOT,73.70237557412844,2026-10-02,frac0.006
SAILIFE,WATCH,NO_SLOT,73.68854001957685,2026-10-02,frac0.006
TDPOWERSYS,WATCH,STOP_TOO_WIDE,73.49004216549959,2026-10-02,frac0.006
JSWINFRA,WATCH,NO_SLOT,73.32815676530382,2026-10-02,frac0.006
KARURVYSYA,WATCH,NO_SLOT,72.96739703335591,2026-10-02,frac0.006
DRREDDY,WATCH,NO_SLOT,72.21858293803177,2026-10-02,frac0.006
AETHER,WATCH,NO_SLOT,72.14949928469242,2026-10-02,frac0.006
GLAND,WATCH,NO_SLOT,71.38167306678714,2026-10-02,frac0.006
EMCURE,WATCH,NO_SLOT,71.23145847451246,2026-10-02,frac0.006
SYRMA,WATCH,NO_SLOT,71.1831752127099,2026-10-02,frac0.006
GLENMARK,WATCH,NO_SLOT,70.79154431142234,2026-10-02,frac0.006
LALPATHLAB,ADD,FREE_SLOT,84.09326093899712,2026-10-05,c0.003
GESHIP,ADD,FREE_SLOT,77.63438198658575,2026-10-05,c0.003
RBLBANK,ADD,FREE_SLOT,77.0494251038007,2026-10-05,c0.003
SONACOMS,REPLACED,BY_ADANIPORTS,66.20137336314276,2026-10-05,c0.003
ADANIPORTS,ADD,REPLACES_SONACOMS,76.30373682529543,2026-10-05,c0.003
LAURUSLABS,KEEP,,81.77874480996486,2026-10-05,c0.003
REDINGTON,KEEP,,78.59405940594058,2026-10-05,c0.003
CASTROLIND,KEEP,,71.32840945384862,2026-10-05,c0.003
WELSPUNLIV,KEEP,,79.84677419354838,2026-10-05,c0.003
SYRMA,KEEP,,71.68420632385819,2026-10-05,c0.003
MANKIND,KEEP,,78.64971255190035,2026-10-05,c0.003
KOTAKBANK,KEEP,,83.5978122005749,2026-10-05,c0.003
IPCALAB,KEEP,,78.07713190673906,2026-10-05,c0.003
MCX,KEEP,,66.2752315554136,2026-10-05,c0.003
AUROPHARMA,WATCH,COOLDOWN,81.2142286809326,2026-10-05,c0.003
CUPID,WATCH,STOP_TOO_WIDE,77.692297455552,2026-10-05,c0.003
CPPLUS,WATCH,CHURN_GUARD,75.99872245289045,2026-10-05,c0.003
ENGINERSIN,WATCH,CHURN_GUARD,75.9872245289045,2026-10-05,c0.003
PETRONET,WATCH,CHURN_GUARD,75.9735707441712,2026-10-05,c0.003
BHEL,WATCH,CHURN_GUARD,75.75678696901947,2026-10-05,c0.003
NYKAA,WATCH,CHURN_GUARD,75.20142659427233,2026-10-05,c0.003
TDPOWERSYS,WATCH,STOP_TOO_WIDE,74.92614180772915,2026-10-05,c0.003
APARINDS,WATCH,NOT_AFFORDABLE,73.93420632385819,2026-10-05,c0.003
GLAND,WATCH,CHURN_GUARD,73.48035771319068,2026-10-05,c0.003
FINCABLES,WATCH,CHURN_GUARD,73.3132385819227,2026-10-05,c0.003
JSWINFRA,WATCH,CHURN_GUARD,73.0940594059406,2026-10-05,c0.003
NEULANDLAB,WATCH,NOT_AFFORDABLE,72.1093899712552,2026-10-05,c0.003
GRAPHITE,WATCH,CHURN_GUARD,72.09549664643885,2026-10-05,c0.003
AJANTPHARM,WATCH,CHURN_GUARD,71.97229319706165,2026-10-05,c0.003
LALPATHLAB,ADD,FREE_SLOT,84.09326093899712,2026-10-05,c0.006
GESHIP,ADD,FREE_SLOT,77.63438198658575,2026-10-05,c0.006
RBLBANK,ADD,FREE_SLOT,77.0494251038007,2026-10-05,c0.006
SONACOMS,REPLACED,BY_ADANIPORTS,66.20137336314276,2026-10-05,c0.006
ADANIPORTS,ADD,REPLACES_SONACOMS,76.30373682529543,2026-10-05,c0.006
LAURUSLABS,KEEP,,81.77874480996486,2026-10-05,c0.006
REDINGTON,KEEP,,78.59405940594058,2026-10-05,c0.006
CASTROLIND,KEEP,,71.32840945384862,2026-10-05,c0.006
WELSPUNLIV,KEEP,,79.84677419354838,2026-10-05,c0.006
SYRMA,KEEP,,71.68420632385819,2026-10-05,c0.006
MANKIND,KEEP,,78.64971255190035,2026-10-05,c0.006
KOTAKBANK,KEEP,,83.5978122005749,2026-10-05,c0.006
IPCALAB,KEEP,,78.07713190673906,2026-10-05,c0.006
MCX,KEEP,,66.2752315554136,2026-10-05,c0.006
AUROPHARMA,WATCH,COOLDOWN,81.2142286809326,2026-10-05,c0.006
CUPID,WATCH,STOP_TOO_WIDE,77.692297455552,2026-10-05,c0.006
CPPLUS,WATCH,CHURN_GUARD,75.99872245289045,2026-10-05,c0.006
ENGINERSIN,WATCH,CHURN_GUARD,75.9872245289045,2026-10-05,c0.006
PETRONET,WATCH,CHURN_GUARD,75.9735707441712,2026-10-05,c0.006
BHEL,WATCH,CHURN_GUARD,75.75678696901947,2026-10-05,c0.006
NYKAA,WATCH,CHURN_GUARD,75.20142659427233,2026-10-05,c0.006
TDPOWERSYS,WATCH,STOP_TOO_WIDE,74.92614180772915,2026-10-05,c0.006
APARINDS,WATCH,NOT_AFFORDABLE,73.93420632385819,2026-10-05,c0.006
GLAND,WATCH,CHURN_GUARD,73.48035771319068,2026-10-05,c0.006
FINCABLES,WATCH,CHURN_GUARD,73.3132385819227,2026-10-05,c0.006
JSWINFRA,WATCH,CHURN_GUARD,73.0940594059406,2026-10-05,c0.006
NEULANDLAB,WATCH,NOT_AFFORDABLE,72.1093899712552,2026-10-05,c0.006
GRAPHITE,WATCH,CHURN_GUARD,72.09549664643885,2026-10-05,c0.006
AJANTPHARM,WATCH,CHURN_GUARD,71.97229319706165,2026-10-05,c0.006
LALPATHLAB,ADD,FREE_SLOT,84.09326093899712,2026-10-05,c0.010
GESHIP,ADD,FREE_SLOT,77.63438198658575,2026-10-05,c0.010
RBLBANK,ADD,FREE_SLOT,77.0494251038007,2026-10-05,c0.010
SONACOMS,REPLACED,BY_ADANIPORTS,66.20137336314276,2026-10-05,c0.010
ADANIPORTS,ADD,REPLACES_SONACOMS,76.30373682529543,2026-10-05,c0.010
LAURUSLABS,KEEP,,81.77874480996486,2026-10-05,c0.010
REDINGTON,KEEP,,78.59405940594058,2026-10-05,c0.010
CASTROLIND,KEEP,,71.32840945384862,2026-10-05,c0.010
WELSPUNLIV,KEEP,,79.84677419354838,2026-10-05,c0.010
SYRMA,KEEP,,71.68420632385819,2026-10-05,c0.010
MANKIND,KEEP,,78.64971255190035,2026-10-05,c0.010
KOTAKBANK,KEEP,,83.5978122005749,2026-10-05,c0.010
IPCALAB,KEEP,,78.07713190673906,2026-10-05,c0.010
MCX,KEEP,,66.2752315554136,2026-10-05,c0.010
AUROPHARMA,WATCH,COOLDOWN,81.2142286809326,2026-10-05,c0.010
CUPID,WATCH,STOP_TOO_WIDE,77.692297455552,2026-10-05,c0.010
CPPLUS,WATCH,CHURN_GUARD,75.99872245289045,2026-10-05,c0.010
ENGINERSIN,WATCH,CHURN_GUARD,75.9872245289045,2026-10-05,c0.010
PETRONET,WATCH,CHURN_GUARD,75.9735707441712,2026-10-05,c0.010
BHEL,WATCH,CHURN_GUARD,75.75678696901947,2026-10-05,c0.010
NYKAA,WATCH,CHURN_GUARD,75.20142659427233,2026-10-05,c0.010
TDPOWERSYS,WATCH,STOP_TOO_WIDE,74.92614180772915,2026-10-05,c0.010
APARINDS,WATCH,NOT_AFFORDABLE,73.93420632385819,2026-10-05,c0.010
GLAND,WATCH,CHURN_GUARD,73.48035771319068,2026-10-05,c0.010
FINCABLES,WATCH,CHURN_GUARD,73.3132385819227,2026-10-05,c0.010
JSWINFRA,WATCH,CHURN_GUARD,73.0940594059406,2026-10-05,c0.010
NEULANDLAB,WATCH,NOT_AFFORDABLE,72.1093899712552,2026-10-05,c0.010
GRAPHITE,WATCH,CHURN_GUARD,72.09549664643885,2026-10-05,c0.010
AJANTPHARM,WATCH,CHURN_GUARD,71.97229319706165,2026-10-05,c0.010
LALPATHLAB,ADD,FREE_SLOT,84.09326093899712,2026-10-05,frac0.006
GESHIP,ADD,FREE_SLOT,77.63438198658575,2026-10-05,frac0.006
RBLBANK,ADD,FREE_SLOT,77.0494251038007,2026-10-05,frac0.006
SONACOMS,REPLACED,BY_ADANIPORTS,66.20137336314276,2026-10-05,frac0.006
ADANIPORTS,ADD,REPLACES_SONACOMS,76.30373682529543,2026-10-05,frac0.006
LAURUSLABS,KEEP,,81.77874480996486,2026-10-05,frac0.006
REDINGTON,KEEP,,78.59405940594058,2026-10-05,frac0.006
CASTROLIND,KEEP,,71.32840945384862,2026-10-05,frac0.006
WELSPUNLIV,KEEP,,79.84677419354838,2026-10-05,frac0.006
MANKIND,KEEP,,78.64971255190035,2026-10-05,frac0.006
KOTAKBANK,KEEP,,83.5978122005749,2026-10-05,frac0.006
IPCALAB,KEEP,,78.07713190673906,2026-10-05,frac0.006
MCX,KEEP,,66.2752315554136,2026-10-05,frac0.006
KAJARIACER,KEEP,,57.68093260938997,2026-10-05,frac0.006
AUROPHARMA,WATCH,COOLDOWN,81.2142286809326,2026-10-05,frac0.006
CUPID,WATCH,STOP_TOO_WIDE,77.692297455552,2026-10-05,frac0.006
CPPLUS,WATCH,CHURN_GUARD,75.99872245289045,2026-10-05,frac0.006
ENGINERSIN,WATCH,CHURN_GUARD,75.9872245289045,2026-10-05,frac0.006
PETRONET,WATCH,CHURN_GUARD,75.9735707441712,2026-10-05,frac0.006
BHEL,WATCH,CHURN_GUARD,75.75678696901947,2026-10-05,frac0.006
NYKAA,WATCH,CHURN_GUARD,75.20142659427233,2026-10-05,frac0.006
TDPOWERSYS,WATCH,STOP_TOO_WIDE,74.92614180772915,2026-10-05,frac0.006
APARINDS,WATCH,NOT_AFFORDABLE,73.93420632385819,2026-10-05,frac0.006
GLAND,WATCH,CHURN_GUARD,73.48035771319068,2026-10-05,frac0.006
FINCABLES,WATCH,CHURN_GUARD,73.3132385819227,2026-10-05,frac0.006
JSWINFRA,WATCH,CHURN_GUARD,73.0940594059406,2026-10-05,frac0.006
NEULANDLAB,WATCH,NOT_AFFORDABLE,72.1093899712552,2026-10-05,frac0.006
GRAPHITE,WATCH,CHURN_GUARD,72.09549664643885,2026-10-05,frac0.006
AJANTPHARM,WATCH,CHURN_GUARD,71.97229319706165,2026-10-05,frac0.006
SYRMA,REPLACED,BY_PETRONET,64.41910305941317,2026-10-06,c0.003
PETRONET,ADD,REPLACES_SYRMA,83.28777278897358,2026-10-06,c0.003
CASTROLIND,REPLACED,BY_GLAND,69.09554544340624,2026-10-06,c0.003
GLAND,ADD,REPLACES_CASTROLIND,81.21943197243397,2026-10-06,c0.003
LAURUSLABS,KEEP,,91.33089694058683,2026-10-06,c0.003
REDINGTON,KEEP,,69.51485329435106,2026-10-06,c0.003
WELSPUNLIV,KEEP,,76.99044585987262,2026-10-06,c0.003
MANKIND,KEEP,,72.16688420173332,2026-10-06,c0.003
KOTAKBANK,KEEP,,84.859193902057,2026-10-06,c0.003
IPCALAB,KEEP,,79.73057846924925,2026-10-06,c0.003
MCX,KEEP,,71.46747415683407,2026-10-06,c0.003
LALPATHLAB,KEEP,,75.91688420173332,2026-10-06,c0.003
GESHIP,KEEP,,72.7234520204657,2026-10-06,c0.003
RBLBANK,KEEP,,77.66174167275766,2026-10-06,c0.003
ADANIPORTS,KEEP,,70.70115902683513,2026-10-06,c0.003
AUROPHARMA,WATCH,COOLDOWN,82.98694789600084,2026-10-06,c0.003
AJANTPHARM,WATCH,CHURN_GUARD,80.16847655842122,2026-10-06,c0.003
GRAPHITE,WATCH,CHURN_GUARD,78.75031325049598,2026-10-06,c0.003
DIVISLAB,WATCH,COOLDOWN,78.74331732275243,2026-10-06,c0.003
CUPID,WATCH,STOP_TOO_WIDE,78.49798997598413,2026-10-06,c0.003
BHEL,WATCH,CHURN_GUARD,77.93024955622846,2026-10-06,c0.003
ABDL,WATCH,CHURN_GUARD,77.72569698235355,2026-10-06,c0.003
MOTILALOFS,WATCH,CHURN_GUARD,76.96906651352198,2026-10-06,c0.003
PTCIL,WATCH,NOT_AFFORDABLE,76.41751070272527,2026-10-06,c0.003
ENGINERSIN,WATCH,CHURN_GUARD,75.41445651038948,2026-10-06,c0.003
ETERNAL,WATCH,COOLDOWN,74.9905763809126,2026-10-06,c0.003
JSWINFRA,WATCH,CHURN_GUARD,74.21230552365041,2026-10-06,c0.003
HAL,WATCH,CHURN_GUARD,73.61496293202464,2026-10-06,c0.003
FINCABLES,WATCH,CHURN_GUARD,73.28852981100553,2026-10-06,c0.003
RADICO,WATCH,COOLDOWN,73.21932755560196,2026-10-06,c0.003
SYRMA,REPLACED,BY_PETRONET,64.41910305941317,2026-10-06,c0.006
PETRONET,ADD,REPLACES_SYRMA,83.28777278897358,2026-10-06,c0.006
CASTROLIND,REPLACED,BY_GLAND,69.09554544340624,2026-10-06,c0.006
GLAND,ADD,REPLACES_CASTROLIND,81.21943197243397,2026-10-06,c0.006
LAURUSLABS,KEEP,,91.33089694058683,2026-10-06,c0.006
REDINGTON,KEEP,,69.51485329435106,2026-10-06,c0.006
WELSPUNLIV,KEEP,,76.99044585987262,2026-10-06,c0.006
MANKIND,KEEP,,72.16688420173332,2026-10-06,c0.006
KOTAKBANK,KEEP,,84.859193902057,2026-10-06,c0.006
IPCALAB,KEEP,,79.73057846924925,2026-10-06,c0.006
MCX,KEEP,,71.46747415683407,2026-10-06,c0.006
LALPATHLAB,KEEP,,75.91688420173332,2026-10-06,c0.006
GESHIP,KEEP,,72.7234520204657,2026-10-06,c0.006
RBLBANK,KEEP,,77.66174167275766,2026-10-06,c0.006
ADANIPORTS,KEEP,,70.70115902683513,2026-10-06,c0.006
AUROPHARMA,WATCH,COOLDOWN,82.98694789600084,2026-10-06,c0.006
AJANTPHARM,WATCH,CHURN_GUARD,80.16847655842122,2026-10-06,c0.006
GRAPHITE,WATCH,CHURN_GUARD,78.75031325049598,2026-10-06,c0.006
DIVISLAB,WATCH,COOLDOWN,78.74331732275243,2026-10-06,c0.006
CUPID,WATCH,STOP_TOO_WIDE,78.49798997598413,2026-10-06,c0.006
BHEL,WATCH,CHURN_GUARD,77.93024955622846,2026-10-06,c0.006
ABDL,WATCH,CHURN_GUARD,77.72569698235355,2026-10-06,c0.006
MOTILALOFS,WATCH,CHURN_GUARD,76.96906651352198,2026-10-06,c0.006
PTCIL,WATCH,NOT_AFFORDABLE,76.41751070272527,2026-10-06,c0.006
ENGINERSIN,WATCH,CHURN_GUARD,75.41445651038948,2026-10-06,c0.006
ETERNAL,WATCH,COOLDOWN,74.9905763809126,2026-10-06,c0.006
JSWINFRA,WATCH,CHURN_GUARD,74.21230552365041,2026-10-06,c0.006
HAL,WATCH,CHURN_GUARD,73.61496293202464,2026-10-06,c0.006
FINCABLES,WATCH,CHURN_GUARD,73.28852981100553,2026-10-06,c0.006
RADICO,WATCH,COOLDOWN,73.21932755560196,2026-10-06,c0.006
SYRMA,REPLACED,BY_PETRONET,64.41910305941317,2026-10-06,c0.010
PETRONET,ADD,REPLACES_SYRMA,83.28777278897358,2026-10-06,c0.010
CASTROLIND,REPLACED,BY_GLAND,69.09554544340624,2026-10-06,c0.010
GLAND,ADD,REPLACES_CASTROLIND,81.21943197243397,2026-10-06,c0.010
LAURUSLABS,KEEP,,91.33089694058683,2026-10-06,c0.010
REDINGTON,KEEP,,69.51485329435106,2026-10-06,c0.010
WELSPUNLIV,KEEP,,76.99044585987262,2026-10-06,c0.010
MANKIND,KEEP,,72.16688420173332,2026-10-06,c0.010
KOTAKBANK,KEEP,,84.859193902057,2026-10-06,c0.010
IPCALAB,KEEP,,79.73057846924925,2026-10-06,c0.010
MCX,KEEP,,71.46747415683407,2026-10-06,c0.010
LALPATHLAB,KEEP,,75.91688420173332,2026-10-06,c0.010
GESHIP,KEEP,,72.7234520204657,2026-10-06,c0.010
RBLBANK,KEEP,,77.66174167275766,2026-10-06,c0.010
ADANIPORTS,KEEP,,70.70115902683513,2026-10-06,c0.010
AUROPHARMA,WATCH,COOLDOWN,82.98694789600084,2026-10-06,c0.010
AJANTPHARM,WATCH,CHURN_GUARD,80.16847655842122,2026-10-06,c0.010
GRAPHITE,WATCH,CHURN_GUARD,78.75031325049598,2026-10-06,c0.010
DIVISLAB,WATCH,COOLDOWN,78.74331732275243,2026-10-06,c0.010
CUPID,WATCH,STOP_TOO_WIDE,78.49798997598413,2026-10-06,c0.010
BHEL,WATCH,CHURN_GUARD,77.93024955622846,2026-10-06,c0.010
ABDL,WATCH,CHURN_GUARD,77.72569698235355,2026-10-06,c0.010
MOTILALOFS,WATCH,CHURN_GUARD,76.96906651352198,2026-10-06,c0.010
PTCIL,WATCH,NOT_AFFORDABLE,76.41751070272527,2026-10-06,c0.010
ENGINERSIN,WATCH,CHURN_GUARD,75.41445651038948,2026-10-06,c0.010
ETERNAL,WATCH,COOLDOWN,74.9905763809126,2026-10-06,c0.010
JSWINFRA,WATCH,CHURN_GUARD,74.21230552365041,2026-10-06,c0.010
HAL,WATCH,CHURN_GUARD,73.61496293202464,2026-10-06,c0.010
FINCABLES,WATCH,CHURN_GUARD,73.28852981100553,2026-10-06,c0.010
RADICO,WATCH,COOLDOWN,73.21932755560196,2026-10-06,c0.010
KAJARIACER,REPLACED,BY_PETRONET,58.54643938602902,2026-10-06,frac0.006
PETRONET,ADD,REPLACES_KAJARIACER,83.28777278897358,2026-10-06,frac0.006
CASTROLIND,REPLACED,BY_GLAND,69.09554544340624,2026-10-06,frac0.006
GLAND,ADD,REPLACES_CASTROLIND,81.21943197243397,2026-10-06,frac0.006
LAURUSLABS,KEEP,,91.33089694058683,2026-10-06,frac0.006
REDINGTON,KEEP,,69.51485329435106,2026-10-06,frac0.006
WELSPUNLIV,KEEP,,76.99044585987262,2026-10-06,frac0.006
MANKIND,KEEP,,72.16688420173332,2026-10-06,frac0.006
KOTAKBANK,KEEP,,84.859193902057,2026-10-06,frac0.006
IPCALAB,KEEP,,79.73057846924925,2026-10-06,frac0.006
MCX,KEEP,,71.46747415683407,2026-10-06,frac0.006
LALPATHLAB,KEEP,,75.91688420173332,2026-10-06,frac0.006
GESHIP,KEEP,,72.7234520204657,2026-10-06,frac0.006
RBLBANK,KEEP,,77.66174167275766,2026-10-06,frac0.006
ADANIPORTS,KEEP,,70.70115902683513,2026-10-06,frac0.006
AUROPHARMA,WATCH,COOLDOWN,82.98694789600084,2026-10-06,frac0.006
AJANTPHARM,WATCH,CHURN_GUARD,80.16847655842122,2026-10-06,frac0.006
GRAPHITE,WATCH,CHURN_GUARD,78.75031325049598,2026-10-06,frac0.006
DIVISLAB,WATCH,COOLDOWN,78.74331732275243,2026-10-06,frac0.006
CUPID,WATCH,STOP_TOO_WIDE,78.49798997598413,2026-10-06,frac0.006
BHEL,WATCH,CHURN_GUARD,77.93024955622846,2026-10-06,frac0.006
ABDL,WATCH,CHURN_GUARD,77.72569698235355,2026-10-06,frac0.006
MOTILALOFS,WATCH,CHURN_GUARD,76.96906651352198,2026-10-06,frac0.006
PTCIL,WATCH,NOT_AFFORDABLE,76.41751070272527,2026-10-06,frac0.006
ENGINERSIN,WATCH,CHURN_GUARD,75.41445651038948,2026-10-06,frac0.006
ETERNAL,WATCH,COOLDOWN,74.9905763809126,2026-10-06,frac0.006
JSWINFRA,WATCH,CHURN_GUARD,74.21230552365041,2026-10-06,frac0.006
HAL,WATCH,CHURN_GUARD,73.61496293202464,2026-10-06,frac0.006
FINCABLES,WATCH,CHURN_GUARD,73.28852981100553,2026-10-06,frac0.006
RADICO,WATCH,COOLDOWN,73.21932755560196,2026-10-06,frac0.006
REDINGTON,REPLACED,BY_BHEL,70.73960630564405,2026-10-07,c0.003
BHEL,ADD,REPLACES_REDINGTON,80.76063873233684,2026-10-07,c0.003
LAURUSLABS,KEEP,,84.79927305399002,2026-10-07,c0.003
WELSPUNLIV,KEEP,,78.87578616352202,2026-10-07,c0.003
MANKIND,KEEP,,73.84801519235482,2026-10-07,c0.003
KOTAKBANK,KEEP,,88.60808216940292,2026-10-07,c0.003
IPCALAB,KEEP,,75.82914726782651,2026-10-07,c0.003
MCX,KEEP,,80.63638405619538,2026-10-07,c0.003
LALPATHLAB,KEEP,,79.72065670178878,2026-10-07,c0.003
GESHIP,KEEP,,72.17828555092706,2026-10-07,c0.003
RBLBANK,KEEP,,69.13481172915135,2026-10-07,c0.003
ADANIPORTS,KEEP,,63.46759372702769,2026-10-07,c0.003
PETRONET,KEEP,,80.97259658580413,2026-10-07,c0.003
GLAND,KEEP,,83.7536755697133,2026-10-07,c0.003
SAILIFE,WATCH,CHURN_GUARD,79.92505921751204,2026-10-07,c0.003
DIVISLAB,WATCH,COOLDOWN,79.79927305399004,2026-10-07,c0.003
AJANTPHARM,WATCH,CHURN_GUARD,78.59644286531079,2026-10-07,c0.003
RADICO,WATCH,COOLDOWN,78.49812137547985,2026-10-07,c0.003
PVRINOX,WATCH,CHURN_GUARD,77.75004083966348,2026-10-07,c0.003
BALRAMCHIN,WATCH,CHURN_GUARD,77.60975659560565,2026-10-07,c0.003
PTCIL,WATCH,NOT_AFFORDABLE,76.72761986441232,2026-10-07,c0.003
KARURVYSYA,WATCH,CHURN_GUARD,75.83292493669853,2026-10-07,c0.003
JSWINFRA,WATCH,CHURN_GUARD,75.09495221759374,2026-10-07,c0.003
TBOTEK,WATCH,CHURN_GUARD,74.91239892183289,2026-10-07,c0.003
AUROPHARMA,WATCH,CHURN_GUARD,74.79927305399005,2026-10-07,c0.003
NYKAA,WATCH,CHURN_GUARD,74.71585804132974,2026-10-07,c0.003
MOTILALOFS,WATCH,CHURN_GUARD,74.64581801845952,2026-10-07,c0.003
TEGA,WATCH,STOP_TOO_WIDE,74.3769909335947,2026-10-07,c0.003
ABDL,WATCH,CHURN_GUARD,73.73397043208364,2026-10-07,c0.003
REDINGTON,REPLACED,BY_BHEL,70.73960630564405,2026-10-07,c0.006
BHEL,ADD,REPLACES_REDINGTON,80.76063873233684,2026-10-07,c0.006
LAURUSLABS,KEEP,,84.79927305399002,2026-10-07,c0.006
WELSPUNLIV,KEEP,,78.87578616352202,2026-10-07,c0.006
MANKIND,KEEP,,73.84801519235482,2026-10-07,c0.006
KOTAKBANK,KEEP,,88.60808216940292,2026-10-07,c0.006
IPCALAB,KEEP,,75.82914726782651,2026-10-07,c0.006
MCX,KEEP,,80.63638405619538,2026-10-07,c0.006
LALPATHLAB,KEEP,,79.72065670178878,2026-10-07,c0.006
GESHIP,KEEP,,72.17828555092706,2026-10-07,c0.006
RBLBANK,KEEP,,69.13481172915135,2026-10-07,c0.006
ADANIPORTS,KEEP,,63.46759372702769,2026-10-07,c0.006
PETRONET,KEEP,,80.97259658580413,2026-10-07,c0.006
GLAND,KEEP,,83.7536755697133,2026-10-07,c0.006
SAILIFE,WATCH,CHURN_GUARD,79.92505921751204,2026-10-07,c0.006
DIVISLAB,WATCH,COOLDOWN,79.79927305399004,2026-10-07,c0.006
AJANTPHARM,WATCH,CHURN_GUARD,78.59644286531079,2026-10-07,c0.006
RADICO,WATCH,COOLDOWN,78.49812137547985,2026-10-07,c0.006
PVRINOX,WATCH,CHURN_GUARD,77.75004083966348,2026-10-07,c0.006
BALRAMCHIN,WATCH,CHURN_GUARD,77.60975659560565,2026-10-07,c0.006
PTCIL,WATCH,NOT_AFFORDABLE,76.72761986441232,2026-10-07,c0.006
KARURVYSYA,WATCH,CHURN_GUARD,75.83292493669853,2026-10-07,c0.006
JSWINFRA,WATCH,CHURN_GUARD,75.09495221759374,2026-10-07,c0.006
TBOTEK,WATCH,CHURN_GUARD,74.91239892183289,2026-10-07,c0.006
AUROPHARMA,WATCH,CHURN_GUARD,74.79927305399005,2026-10-07,c0.006
NYKAA,WATCH,CHURN_GUARD,74.71585804132974,2026-10-07,c0.006
MOTILALOFS,WATCH,CHURN_GUARD,74.64581801845952,2026-10-07,c0.006
TEGA,WATCH,STOP_TOO_WIDE,74.3769909335947,2026-10-07,c0.006
ABDL,WATCH,CHURN_GUARD,73.73397043208364,2026-10-07,c0.006
REDINGTON,REPLACED,BY_BHEL,70.73960630564405,2026-10-07,c0.010
BHEL,ADD,REPLACES_REDINGTON,80.76063873233684,2026-10-07,c0.010
LAURUSLABS,KEEP,,84.79927305399002,2026-10-07,c0.010
WELSPUNLIV,KEEP,,78.87578616352202,2026-10-07,c0.010
MANKIND,KEEP,,73.84801519235482,2026-10-07,c0.010
KOTAKBANK,KEEP,,88.60808216940292,2026-10-07,c0.010
IPCALAB,KEEP,,75.82914726782651,2026-10-07,c0.010
MCX,KEEP,,80.63638405619538,2026-10-07,c0.010
LALPATHLAB,KEEP,,79.72065670178878,2026-10-07,c0.010
GESHIP,KEEP,,72.17828555092706,2026-10-07,c0.010
RBLBANK,KEEP,,69.13481172915135,2026-10-07,c0.010
ADANIPORTS,KEEP,,63.46759372702769,2026-10-07,c0.010
PETRONET,KEEP,,80.97259658580413,2026-10-07,c0.010
GLAND,KEEP,,83.7536755697133,2026-10-07,c0.010
SAILIFE,WATCH,CHURN_GUARD,79.92505921751204,2026-10-07,c0.010
DIVISLAB,WATCH,COOLDOWN,79.79927305399004,2026-10-07,c0.010
AJANTPHARM,WATCH,CHURN_GUARD,78.59644286531079,2026-10-07,c0.010
RADICO,WATCH,COOLDOWN,78.49812137547985,2026-10-07,c0.010
PVRINOX,WATCH,CHURN_GUARD,77.75004083966348,2026-10-07,c0.010
BALRAMCHIN,WATCH,CHURN_GUARD,77.60975659560565,2026-10-07,c0.010
PTCIL,WATCH,NOT_AFFORDABLE,76.72761986441232,2026-10-07,c0.010
KARURVYSYA,WATCH,CHURN_GUARD,75.83292493669853,2026-10-07,c0.010
JSWINFRA,WATCH,CHURN_GUARD,75.09495221759374,2026-10-07,c0.010
TBOTEK,WATCH,CHURN_GUARD,74.91239892183289,2026-10-07,c0.010
AUROPHARMA,WATCH,CHURN_GUARD,74.79927305399005,2026-10-07,c0.010
NYKAA,WATCH,CHURN_GUARD,74.71585804132974,2026-10-07,c0.010
MOTILALOFS,WATCH,CHURN_GUARD,74.64581801845952,2026-10-07,c0.010
TEGA,WATCH,STOP_TOO_WIDE,74.3769909335947,2026-10-07,c0.010
ABDL,WATCH,CHURN_GUARD,73.73397043208364,2026-10-07,c0.010
REDINGTON,REPLACED,BY_BHEL,70.73960630564405,2026-10-07,frac0.006
BHEL,ADD,REPLACES_REDINGTON,80.76063873233684,2026-10-07,frac0.006
LAURUSLABS,KEEP,,84.79927305399002,2026-10-07,frac0.006
WELSPUNLIV,KEEP,,78.87578616352202,2026-10-07,frac0.006
MANKIND,KEEP,,73.84801519235482,2026-10-07,frac0.006
KOTAKBANK,KEEP,,88.60808216940292,2026-10-07,frac0.006
IPCALAB,KEEP,,75.82914726782651,2026-10-07,frac0.006
MCX,KEEP,,80.63638405619538,2026-10-07,frac0.006
LALPATHLAB,KEEP,,79.72065670178878,2026-10-07,frac0.006
GESHIP,KEEP,,72.17828555092706,2026-10-07,frac0.006
RBLBANK,KEEP,,69.13481172915135,2026-10-07,frac0.006
ADANIPORTS,KEEP,,63.46759372702769,2026-10-07,frac0.006
PETRONET,KEEP,,80.97259658580413,2026-10-07,frac0.006
GLAND,KEEP,,83.7536755697133,2026-10-07,frac0.006
SAILIFE,WATCH,CHURN_GUARD,79.92505921751204,2026-10-07,frac0.006
DIVISLAB,WATCH,COOLDOWN,79.79927305399004,2026-10-07,frac0.006
AJANTPHARM,WATCH,CHURN_GUARD,78.59644286531079,2026-10-07,frac0.006
RADICO,WATCH,COOLDOWN,78.49812137547985,2026-10-07,frac0.006
PVRINOX,WATCH,CHURN_GUARD,77.75004083966348,2026-10-07,frac0.006
BALRAMCHIN,WATCH,CHURN_GUARD,77.60975659560565,2026-10-07,frac0.006
PTCIL,WATCH,NOT_AFFORDABLE,76.72761986441232,2026-10-07,frac0.006
KARURVYSYA,WATCH,CHURN_GUARD,75.83292493669853,2026-10-07,frac0.006
JSWINFRA,WATCH,CHURN_GUARD,75.09495221759374,2026-10-07,frac0.006
TBOTEK,WATCH,CHURN_GUARD,74.91239892183289,2026-10-07,frac0.006
AUROPHARMA,WATCH,CHURN_GUARD,74.79927305399005,2026-10-07,frac0.006
NYKAA,WATCH,CHURN_GUARD,74.71585804132974,2026-10-07,frac0.006
MOTILALOFS,WATCH,CHURN_GUARD,74.64581801845952,2026-10-07,frac0.006
TEGA,WATCH,STOP_TOO_WIDE,74.3769909335947,2026-10-07,frac0.006
ABDL,WATCH,CHURN_GUARD,73.73397043208364,2026-10-07,frac0.006
