date,signal_date,book,symbol,industry,qty,entry,last,weight_pct,pnl_pct,stop
2026-10-09,2026-10-09,M11,CUPID,Fast Moving Consumer Goods,17,348.5,366.1,10.5,5.05,301.09
2026-10-09,2026-10-09,M11,TFCILTD,Unknown,39,153.1,147.05,9.7,-3.95,136.38
2026-10-09,2026-10-09,M11,SHREEJISPG,Unknown,7,809.0,811.8,9.6,0.35,736.3
2026-10-09,2026-10-09,M11,IOLCP,Unknown,27,220.41,201.15,9.1,-8.74,188.02
2026-10-09,2026-10-09,M11,GLAND,Healthcare,1,3162.0,3061.8,5.2,-3.17,2875.05
2026-10-09,2026-10-09,M2,CUPID,Fast Moving Consumer Goods,17,348.5,366.1,10.9,5.05,301.09
2026-10-09,2026-10-09,M2,CYIENTDLM,Unknown,6,989.0,952.35,10.0,-3.71,853.25
2026-10-09,2026-10-09,M2,MARINE,Unknown,12,473.9,455.65,9.6,-3.85,401.52
2026-10-09,2026-10-09,M2,IOLCP,Unknown,27,220.41,201.15,9.5,-8.74,188.02
2026-10-09,2026-10-09,M2,INDSWFTLAB,Unknown,15,391.5,360.9,9.5,-7.82,325.91
2026-10-09,2026-10-09,M2,WELCORP,Capital Goods,2,2699.4,2640.4,9.3,-2.19,2299.27
2026-10-09,2026-10-09,M2,MOREPENLAB,Unknown,40,147.48,129.55,9.1,-12.16,125.81
2026-10-09,2026-10-09,M2,SHILPAMED,Unknown,5,1077.5,1021.7,9.0,-5.18,934.44
2026-10-09,2026-10-09,M2,SETL,Unknown,13,426.0,387.95,8.9,-8.93,374.22
2026-10-09,2026-10-09,M2,RAYMOND,Unknown,4,1218.7,1186.6,8.3,-2.63,1010.42
