id,name,cost,total_ret,CAGR,xs_CAGR_vs_B1,xs_CAGR_vs_B2,vol,Sharpe,Sortino,maxDD,exposure,trades,win_rate,avg_win,avg_loss,avg_hold,turnover_pa,costs,stop_share,entry_xs_5d,entry_xs_10d,entry_xs_20d,bull_ann,bull_xs_ann,bull_days,bear_ann,bear_xs_ann,bear_days,xs_half1,xs_half2,years
S0,S0-E1 v0.2.1 gainers,0.003,0.18321689466236202,0.03911267386613315,-0.0569269115821045,-0.16996082725524064,0.16779749412819286,0.31313236603909694,0.3833066855982095,-0.26937668012050964,0.9679360921184383,1927,0.4265697976128697,0.05948959982933624,-0.035867496521002365,7.19408406850026,32.70438960936302,28814.33382295264,0.22055007784120395,-0.0003825169031966809,0.004749793252063363,0.015116244980983072,0.18482872132497552,-0.045980157693335896,810,-0.2752744445340046,-0.4423472459666489,295,-0.2573988534219682,-0.09916789099711476,"{""2022"": -0.08018625310194394, ""2023"": 0.299505308680015, ""2024"": 0.12261710141484516, ""2025"": -0.05910297315036395, ""2026"": -0.06284234234473807}"
S1,S1 3M momentum,0.003,4.476328531901484,0.473722464344269,0.37768287889603136,0.2646489632228952,0.2944148816677074,1.4661011171431602,1.9205044570369376,-0.22715304831084648,0.9707935755263026,227,0.4581497797356828,0.29085033804179794,-0.11214637933661524,44.9647577092511,4.082346695492404,7820.941178382927,0.3700440528634361,0.0038009848175056776,0.021922940352088055,0.0449473195331035,0.5211335003199771,0.2284207717240644,810,0.3510051294440195,0.22422841368085908,295,0.15487246898014595,0.35273242201286403,"{""2022"": 0.21098045315438085, ""2023"": 0.926221997285787, ""2024"": 0.22699241262377168, ""2025"": 0.21031492741712432, ""2026"": 0.5809049379886773}"
S2,S2 6M momentum,0.003,3.362125021190523,0.3992196756014692,0.30318009015323155,0.1901461744800954,0.2952289519622324,1.2868170078959802,1.7163064442304359,-0.29220724701180223,0.9537326967341816,173,0.32947976878612717,0.5016049568402544,-0.13163623153762768,55.982658959537574,2.9842923738067872,4674.774799130131,0.5780346820809249,0.0017286337811728422,-0.001933595656512507,0.009054490708221313,0.4295632370812683,0.1639936750338181,810,0.31917480462904013,0.20733784157386856,295,0.13575190292209216,0.23071708878336672,"{""2022"": 0.030897150160323905, ""2023"": 0.9807537842391829, ""2024"": 0.33314415269579944, ""2025"": -0.14368636954286262, ""2026"": 0.8712952105166181}"
S3,S3 12-1 momentum (monthly),0.003,0.8840894226607618,0.1554152150728958,0.059375629624658144,-0.053658286048478,0.24917750879771153,0.7051985984278949,0.9266642070927913,-0.38501220316305595,0.9141398131400571,103,0.24271844660194175,0.9804266298027862,-0.14369182125661029,81.71844660194175,1.9358177124328837,1976.2103725675713,0.6504854368932039,-0.0067301651865041235,-0.02428117036186583,-0.0020021914128685986,0.14362089992324956,-0.06885584243392756,810,0.1884288804458607,0.08185503413931279,295,-0.11632968979770486,-0.004183205934719991,"{""2022"": -0.1309446044634064, ""2023"": 0.5629529241859694, ""2024"": 0.13462787440037305, ""2025"": -0.09612942675219716, ""2026"": 0.35253482963114435}"
S4,S4 blended momentum,0.003,2.7724574067387326,0.3536352664801785,0.25759568103194086,0.14456176535880472,0.28676119673928674,1.2008665983958655,1.5615537202812677,-0.3452749720177142,0.9693881696245111,174,0.3103448275862069,0.3512936684173041,-0.1275563142418303,52.770114942528735,2.9797834265269616,3812.3505413103244,0.5632183908045977,-0.0062966403624625635,-0.014394178913426382,0.0037445532214518216,0.29970098882145435,0.06843898928728515,810,0.5135156589344718,0.33657009203208216,295,-0.01777421879823371,0.28157569776245284,"{""2022"": 0.04595549150403189, ""2023"": 0.6861911718066218, ""2024"": 0.10614535957380444, ""2025"": -0.15771252685682313, ""2026"": 1.2957880234844938}"
S5,S5 blend + patient entry,0.003,2.0418014622836917,0.2887838060856429,0.19274422063740526,0.07971030496426912,0.249485174158246,1.1435002352721522,1.3472194208292818,-0.4303755082862465,0.9549409110088415,447,0.3512304250559284,0.20187553772127312,-0.05909748235168869,22.624161073825505,9.22950776274945,12731.807244944972,0.08053691275167785,0.005957394549351237,0.011221155549734041,0.02202534332650683,0.37148668788038197,0.11548186974839811,810,0.08645771739923247,-0.013881627960702962,295,0.0809532437085394,0.0773894353160478,"{""2022"": 0.07983812794696021, ""2023"": 0.7577094272396152, ""2024"": 0.29550828846781374, ""2025"": -0.2655097665026305, ""2026"": 0.6842203215998128}"
S7,S7 gainer event + confirmation,0.003,3.9105448855019915,0.4375239718030439,0.34148438635480627,0.22845047068167013,0.23935221282194216,1.6375117738065181,2.1532934392103353,-0.28081446274106325,0.8253216056707873,118,0.3474576271186441,0.4624967670939986,-0.10745788191073055,63.110169491525426,2.199486045386633,3347.259980025721,0.4661016949152542,0.008631432133571705,0.023557833662696457,0.04450380381226084,0.4637175339995603,0.1810995125548552,810,0.3679881361988262,0.20545488133497294,295,0.00703317640220269,0.4246475557059737,"{""2022"": 0.02053777676339874, ""2023"": 0.8341882847398046, ""2024"": 0.23403755052988462, ""2025"": -0.04086387807660519, ""2026"": 1.2163995955104494}"
S0,S0-E1 v0.2.1 gainers,0.006,-0.23073203243783236,-0.05806807208564002,-0.15410765753387767,-0.2671415732070138,0.16856771808568558,-0.2699442799980396,-0.32961734157046285,-0.34896452386026433,0.967996920949514,1927,0.4265697976128697,0.05948959982933624,-0.035867496521002365,7.19408406850026,32.78378155743382,46149.479474520456,0.22055007784120395,-0.0003825169031966809,0.004749793252063363,0.015116244980983072,0.07377007939112135,-0.14434416642186365,810,-0.34263255940359394,-0.5395227575720021,295,-0.3686235069577364,-0.1839303668132275,"{""2022"": -0.1399868399833495, ""2023"": 0.17472728333518628, ""2024"": 0.01682240077214603, ""2025"": -0.13459302513781712, ""2026"": -0.134693432416079}"
S1,S1 3M momentum,0.006,4.415186102397605,0.4699538035782145,0.3739142181299768,0.2608803024568407,0.29422231178768027,1.458153339528492,1.9093982299695316,-0.22922926710695968,0.9688889984118019,226,0.4557522123893805,0.29236836477352984,-0.11281536519122794,44.66814159292036,4.057463763556141,14975.599635245846,0.37610619469026546,0.0034127580924698422,0.021368710481109277,0.04540573309843349,0.5011651276607099,0.21548103650021191,810,0.38755179474802515,0.2499411844187056,295,0.13147419916883263,0.36683639700247705,"{""2022"": 0.1976641941526227, ""2023"": 0.9020177464387718, ""2024"": 0.21114585372813854, ""2025"": 0.19437682586085492, ""2026"": 0.6433343787055272}"
S2,S2 6M momentum,0.006,3.1811899534044397,0.38576667291695244,0.2897270874687148,0.17669317179557864,0.296697110874805,1.2493213466527637,1.6718507315085385,-0.3092298469093734,0.9618399825572715,173,0.3236994219653179,0.4996740803974686,-0.1322598132524987,55.872832369942195,3.0091831527048982,9194.154159178752,0.5780346820809249,-0.0010614262508940229,-0.006070061267203648,0.00484044411170127,0.41494821315809016,0.15423109770111817,810,0.30869900548706597,0.19954918691130738,295,0.12340451707040634,0.21645272599860932,"{""2022"": 0.021923466681255777, ""2023"": 0.9733753814763504, ""2024"": 0.32129763046053816, ""2025"": -0.15997023873151284, ""2026"": 0.8679983623821386}"
S3,S3 12-1 momentum (monthly),0.006,1.0754085714492256,0.18118205529501719,0.08514246984677953,-0.02789144582635661,0.24743151226801563,0.7975159359761127,1.0533018053107015,-0.3678808926840502,0.9156082919274496,101,0.2376237623762376,0.9620421696925843,-0.14173341514869114,81.7128712871287,1.8530575851119024,3815.032898974924,0.6534653465346535,-0.005340284988359426,-0.026222961674924283,-0.001316858253954293,0.15763577044404053,-0.05688387611294205,810,0.24832672440751158,0.12993232412719832,295,-0.13054277847885332,0.05492456571035431,"{""2022"": -0.1373658161584923, ""2023"": 0.5515298979158014, ""2024"": 0.1058091844209803, ""2025"": -0.03399402389660067, ""2026"": 0.45163284904108614}"
S4,S4 blended momentum,0.006,2.4956858797614356,0.33031626302319705,0.2342766775749594,0.12124276190182326,0.28880648403278414,1.1341589180694929,1.4810951122183214,-0.35071620090130895,0.9667774090493978,170,0.32941176470588235,0.3419032141634356,-0.12947910115899908,53.5,3.0024876209378273,7500.858600145773,0.5588235294117647,-0.00353227844953327,-0.011764518231933436,0.007320241465873351,0.2850876626653778,0.0572210084745005,810,0.46285792557816086,0.30440763179916985,295,-0.032090411636007676,0.24968892007821442,"{""2022"": 0.03706493371063835, ""2023"": 0.6717478937399235, ""2024"": 0.09615809044400381, ""2025"": -0.15042007074825714, ""2026"": 1.1651013375139088}"
S5,S5 blend + patient entry,0.006,1.6708907313407941,0.2511251733548181,0.15508558790658045,0.042051672233444304,0.2500539613357568,1.0227833097168668,1.2048764044085611,-0.4672504865675914,0.9549262670313998,447,0.3512304250559284,0.20187553772127312,-0.05909748235168869,22.624161073825505,9.24927822833182,23727.693700406846,0.08053691275167785,0.005957394549351237,0.011221155549734041,0.02202534332650683,0.3361407948795325,0.08942711932389111,810,0.04449225461533102,-0.052973830409672476,295,0.04303462922185419,0.04056566904401637,"{""2022"": 0.05746196636753287, ""2023"": 0.7206829037968212, ""2024"": 0.25705002679175015, ""2025"": -0.29538955433656944, ""2026"": 0.6572532613623179}"
S7,S7 gainer event + confirmation,0.006,3.5337588456444307,0.41158866921543535,0.3155490837671977,0.20251516809406156,0.24278278326255556,1.5428704118637417,1.9900058161396315,-0.2868703665630504,0.8254659975427175,123,0.3333333333333333,0.44790740378120014,-0.10694396851535672,60.34146341463415,2.288758060092902,6628.951991120337,0.4796747967479675,0.0065481109824271294,0.02083813077679139,0.041063431440647516,0.4317674411010528,0.15997764466679604,810,0.35763306805140527,0.1984252249482261,295,-0.02166460216350563,0.4016191738843944,"{""2022"": 0.015391322567638754, ""2023"": 0.8246542990640582, ""2024"": 0.16507617343980074, ""2025"": -0.05112935638459404, ""2026"": 1.2135179202441568}"
S0,S0-E1 v0.2.1 gainers,0.01,-0.5661218414180691,-0.17339093188131638,-0.26943051732955403,-0.3824644330026902,0.16967030255325538,-1.0363735899403062,-1.2610602514609648,-0.5694169976258066,0.9680475920075915,1927,0.4265697976128697,0.05948959982933624,-0.035867496521002365,7.19408406850026,32.884827708625984,58542.36899168322,0.22055007784120395,-0.0003825169031966809,0.004749793252063363,0.015116244980983072,-0.05828285047489479,-0.2754170705144579,810,-0.4221245852751071,-0.6678426203942807,295,-0.5001676758305101,-0.2848384718883594,"{""2022"": -0.21354872245643985, ""2023"": 0.02713561363757999, ""2024"": -0.10891204276600952, ""2025"": -0.22542072228493848, ""2026"": -0.22181701649499097}"
S1,S1 3M momentum,0.01,4.06641911188109,0.44780515339278315,0.3517655679445455,0.23873165227140936,0.29465029181538405,1.404862742202893,1.83785889590364,-0.2319673949747213,0.9712630042801887,225,0.4577777777777778,0.29236836477352984,-0.1129298515408013,44.74666666666667,4.071973132216765,23764.634152801307,0.37777777777777777,0.004085743888346776,0.022091763318297028,0.04554984589295117,0.49892240674163113,0.21394525332099543,810,0.3162370993505905,0.19767935976257625,295,0.10097760027883429,0.35244957095886753,"{""2022"": 0.18027132385617306, ""2023"": 0.8702613975498568, ""2024"": 0.190491087251619, ""2025"": 0.1735409391079914, ""2026"": 0.642829734297973}"
S2,S2 6M momentum,0.01,2.969328969190375,0.3694305335624173,0.27339094811417963,0.1603570324410435,0.2961780139067626,1.2109204807759901,1.6172892166743673,-0.32319010131122494,0.9620298035091834,172,0.3313953488372093,0.5009257847742291,-0.13216918469269154,56.72093023255814,2.9923912391694167,14783.328659373776,0.5697674418604651,7.103355361087814e-05,-0.005080156886733241,0.008454518086958004,0.3965224474234774,0.1409871689057903,810,0.2977149086825637,0.19088227181549927,295,0.10572946576098974,0.20135522779936732,"{""2022"": 0.010130485176857995, ""2023"": 0.9583356296607504, ""2024"": 0.30653518525194356, ""2025"": -0.17333418864494432, ""2026"": 0.8578104593408169}"
S3,S3 12-1 momentum (monthly),0.01,0.7758557936387953,0.13993082414266,0.04389123869442235,-0.06914267697871379,0.24594922964963298,0.6563639224056105,0.8523975181624455,-0.41500265365148503,0.9141759823831267,106,0.2358490566037736,0.8738531699892159,-0.14344331452849324,77.32075471698113,1.9571274919548558,6255.378025088969,0.6509433962264151,-0.010742212624968156,-0.03085678179157137,-0.010834883102133873,0.13377226799786124,-0.07803657365126611,810,0.15701333271324658,0.05354582524229547,295,-0.14905867866781541,-0.005376107407791819,"{""2022"": -0.1458091637295389, ""2023"": 0.5367254166948867, ""2024"": 0.06872723098667133, ""2025"": -0.09820603668859351, ""2026"": 0.4037259062936167}"
S4,S4 blended momentum,0.01,2.3263583032396133,0.3153377382446263,0.21929815279638865,0.1062642371232525,0.2894854495788451,1.0930387353496431,1.426529456364483,-0.36478355289485176,0.9668203447988043,170,0.32941176470588235,0.3419032141634356,-0.12947910115899908,53.5,3.0063129151820784,12108.818916615299,0.5588235294117647,-0.00353227844953327,-0.011764518231933436,0.007320241465873351,0.27041618979252124,0.04587220310239952,810,0.44701922857446164,0.29386478578262065,295,-0.050754362884624094,0.23821619809645167,"{""2022"": 0.025511632957081032, ""2023"": 0.6527307965774751, ""2024"": 0.08316307426002001, ""2025"": -0.16201131037560856, ""2026"": 1.1621922878223692}"
S5,S5 blend + patient entry,0.01,1.2457462432174236,0.20262246959265773,0.10658288414442008,-0.006451031528716067,0.250884894120025,0.862535418495533,1.0171007722106475,-0.513337766511812,0.9549037740450761,447,0.3512304250559284,0.20187553772127312,-0.05909748235168869,22.624161073825505,9.272392453840748,36062.42747509769,0.08053691275167785,0.005957394549351237,0.011221155549734041,0.02202534332650683,0.29048278838909014,0.05475226543550026,810,-0.00906289757162515,-0.10517532209865688,295,-0.005929501075978116,-0.006721178771299963,"{""2022"": 0.02838819434572737, ""2023"": 0.6726416702524367, ""2024"": 0.2076526539922372, ""2025"": -0.3336282530265703, ""2026"": 0.6223407307409801}"
S7,S7 gainer event + confirmation,0.01,3.34967018105196,0.39830757368362213,0.3022679882353845,0.18923407256224833,0.24310828166781115,1.5022015592593665,1.9375072062868903,-0.2933411624376886,0.8258848263292491,123,0.3333333333333333,0.44790740378120014,-0.10694396851535672,60.34146341463415,2.292541346225731,10783.6216769136,0.4796747967479675,0.0065481109824271294,0.02083813077679139,0.041063431440647516,0.4181226057646199,0.15047630826520128,810,0.34531245089327167,0.1893606571624416,295,-0.03436368142779034,0.3877358734960916,"{""2022"": 0.00857458950510237, ""2023"": 0.8121214802802268, ""2024"": 0.15009248056618785, ""2025"": -0.06354980794226894, ""2026"": 1.2097520716922663}"
