sym,entry_i,exit_i,entry,exit,qty,reason
USHAMART,637,641,151.0,127.0,39.61703612348366,STOP
SWANCORP,637,642,322.0,274.49515140403776,18.619084561675717,STOP
CREDITACC,637,643,1035.0,885.8788609858309,5.79038822884945,STOP
BDL,637,643,371.0,304.96058261773385,16.038492120044943,STOP
GPIL,637,643,410.0,348.01305741682245,14.321517663627608,STOP
BLS,637,645,89.8499984741211,78.4478171428756,66.3625063045613,STOP
SWANCORP,646,648,268.3500061035156,289.0,19.69345993435996,INELIGIBLE
GMDCLTD,637,653,179.5,152.07900641425076,32.10272978030772,STOP
USHAMART,646,662,123.19999694824219,118.94999694824219,43.45386890866792,INELIGIBLE
NAVA,651,669,102.94999694824219,83.36690395534244,54.95253781609887,STOP
RHIM,646,671,553.7000122070312,490.1000061035156,9.687474118255286,RANK_GT_125
BDL,646,691,338.75,351.2250061035156,15.848919004025719,RANK_GT_125
CHENNPETRO,637,701,290.0,276.0,21.486123545210386,RANK_GT_125
MRPL,637,701,73.69999694824219,74.0,81.35593220338983,RANK_GT_125
CREDITACC,656,706,994.9000244140625,980.0,4.877822733413111,RANK_GT_125
WELCORP,671,710,206.0,211.14999389648438,26.887973564618935,RANK_GT_125
CRAFTSMAN,701,715,2894.0,2677.0,2.0176439542962994,INELIGIBLE
NAVA,671,728,83.5,110.94999694824219,44.72245040360433,RANK_GT_125
TIMKEN,710,733,3109.199951171875,2905.0,1.815075600609905,RANK_GT_125
TATAINVEST,733,737,281.0799865722656,244.1336833948091,18.64683623474382,STOP
APARINDS,691,741,1016.7999877929688,1234.0,5.441814927492286,INELIGIBLE
ADANIENSOL,719,742,3522.0,3318.608606336332,1.524395911372708,STOP
ELECON,666,747,122.4749984741211,166.125,41.95074401662887,RANK_GT_125
TARIL,747,753,28.25,26.875,226.90269677299028,INELIGIBLE
TATAINVEST,738,764,235.51499938964844,234.5,19.213589780598063,INELIGIBLE
ADANIPOWER,637,766,56.0,69.5999984741211,107.00909635556599,RANK_GT_125
HSCL,706,770,94.1500015258789,96.1500015258789,50.469149139599544,RANK_GT_125
ATGL,646,785,2340.0,3597.550048828125,1.4712471280208483,RANK_GT_125
TVSMOTOR,701,785,908.9000244140625,1050.0,6.645350123041508,RANK_GT_125
GRSE,766,799,509.29998779296875,431.7878384590816,13.653663016884495,STOP
COCHINSHIP,766,799,304.4750061035156,266.87710478291893,16.185575957037404,STOP
RVNL,785,799,75.9000015258789,63.6023551955726,96.08336073134848,STOP
TIINDIA,728,805,2725.0,2757.949951171875,1.8100084585108598,RANK_GT_125
ANANTRAJ,743,824,96.05000305175781,107.4000015258789,58.058781474776744,RANK_GT_125
SWANCORP,824,828,328.5,283.3524971957252,18.868225397854378,STOP
MAZDOCK,743,829,243.14999389648438,371.70001220703125,25.19882331394516,RANK_GT_125
BLS,646,834,84.80000305175781,177.4499969482422,64.16256035700312,RANK_GT_125
GODFRYPHLP,785,834,610.0,590.3333129882812,8.039955363785056,RANK_GT_125
GPIL,829,837,385.0,357.5,17.616626490326244,INELIGIBLE
KARURVYSYA,757,839,77.5,83.70833587646484,84.88913782744012,RANK_GT_125
UNIONBANK,770,839,66.75,71.0,72.26337378100844,RANK_GT_125
BANKINDIA,800,839,77.4000015258789,75.69999694824219,49.406771442881485,RANK_GT_125
RVNL,800,844,61.5,62.900001525878906,98.28458716592135,RANK_GT_125
GRAVITA,834,847,518.75,445.0083937095995,12.976816383583017,STOP
CIEINDIA,844,852,439.70001220703125,388.0,13.975708103220473,STOP
PNBHOUSING,839,854,491.7676696777344,428.01566274534946,13.377000723037874,STOP
PERSISTENT,839,854,2459.97509765625,2249.107929137431,2.41175243143567,STOP
FACT,800,855,249.0,221.6999969482422,25.54185938065149,INELIGIBLE
NAVA,839,862,133.39999389648438,113.367498346107,49.601330615236215,STOP
CIEINDIA,853,863,364.0,339.5486517576633,14.808067609855584,STOP
KPITTECH,858,867,868.4000244140625,773.1246733482694,4.741799345849769,STOP
JSL,805,893,241.0,276.95001220703125,20.589422609976687,RANK_GT_125
POLICYBZR,858,908,588.75,593.0499877929688,10.705300993118366,RANK_GT_125
ADANIGREEN,908,923,989.6500244140625,940.0,6.376799608015142,RANK_GT_125
USHAMART,839,927,182.85000610351562,270.79998779296875,36.15485893477096,RANK_GT_125
ANURAS,867,927,868.9500122070312,1022.2999877929688,5.751747741371316,RANK_GT_125
CYIENT,870,947,1050.699951171875,1473.0,3.4682326239018266,RANK_GT_125
RVNL,893,947,123.5,122.69999694824219,45.89578729914921,RANK_GT_125
FORCEMOT,923,952,2357.89990234375,2705.0,2.5269664961407505,INELIGIBLE
APARINDS,834,952,2183.949951171875,3691.0,3.094239697606785,RANK_GT_125
THANGAMAYL,952,953,1159.449951171875,1175.0,7.061994914320576,INELIGIBLE
FORCEMOT,957,986,3341.949951171875,3749.0,2.468081807071205,INELIGIBLE
JBMA,849,990,289.7749938964844,685.9249877929688,19.80932522576854,RANK_GT_125
OLECTRA,863,994,634.9000244140625,1185.0,8.803812243544064,RANK_GT_125
FACT,927,994,436.6000061035156,528.0,20.27155172917865,RANK_GT_125
ENGINERSIN,947,994,155.0,139.2237897598817,64.56206639490921,STOP
JINDALSAW,829,999,65.2249984741211,181.6750030517578,104.11365496191007,RANK_GT_125
ZENSARTECH,858,1004,277.0,513.8499755859375,22.712598052967344,RANK_GT_125
MAZDOCK,952,1004,942.5,1041.800048828125,10.566624264161169,RANK_GT_125
MMTC,999,1004,76.9000015258789,62.099998474121094,148.981734538426,STOP
HSCL,1004,1006,261.6499938964844,226.1717528619833,42.41139845028666,STOP
TITAGARH,927,1008,506.3999938964844,743.2000122070312,13.282867741118816,RANK_GT_125
TARIL,1004,1013,80.0,89.2249984741211,137.71136913981573,INELIGIBLE
ANANDRATHI,994,1021,454.5,526.9000244140625,23.380901799229047,INELIGIBLE
IRFC,990,1036,76.8499984741211,77.0,139.0181638349774,RANK_GT_125
HSCL,1008,1036,239.60000610351562,298.20001220703125,44.81897522596578,RANK_GT_125
CUPID,1008,1041,6.049499988555908,8.600000381469727,1776.0216042862592,INELIGIBLE
GMDCLTD,994,1060,325.20001220703125,470.3999938964844,32.2751176647879,RANK_GT_125
GALLANTT,1060,1061,184.5,178.75,76.70851632244447,INELIGIBLE
KALYANKJIL,947,1065,175.75,363.3500061035156,3.805128600633159,RANK_GT_125
ITI,999,1065,270.45001220703125,357.0,40.9960786389461,RANK_GT_125
HINDPETRO,1065,1067,317.8666687011719,279.5496425126554,13.531071365197105,STOP
BSE,990,1068,433.3333435058594,710.8666381835938,24.596882043094286,RANK_GT_125
TARIL,1068,1078,187.5,156.0749969482422,35.01222901124306,STOP
MCX,1022,1083,574.27001953125,722.7999877929688,21.489317767183937,RANK_GT_125
CUPID,1068,1085,18.010000228881836,23.350000381469727,809.311010858349,INELIGIBLE
IFCI,1083,1086,54.900001525878906,48.0,91.71012618360487,INELIGIBLE
PFC,1036,1088,386.0,411.8500061035156,34.83384514241842,RANK_GT_125
PRESTIGE,1036,1093,1194.0,1213.0,11.291750689652371,RANK_GT_125
CUPID,1093,1096,26.90399932861328,22.708999633789062,506.0570313504895,STOP
HBLENGINE,1008,1097,278.6000061035156,460.0,38.6231034350217,RANK_GT_125
ADANIGREEN,1088,1097,1931.4000244140625,1930.0,2.6100643187894548,RANK_GT_125
NBCC,1088,1098,96.19999694824219,78.650373916141,168.73377338987646,STOP
SOBHA,1065,1099,1488.050048828125,1242.9616761183256,9.970529530289035,STOP
MRPL,1088,1099,246.10000610351562,198.25146142502055,65.61296757427338,STOP
HUDCO,1083,1100,199.60000610351562,155.3000030517578,79.34128430379599,STOP
SCHNEIDER,1097,1100,719.0,583.7999877929688,6.82347744850942,STOP
TATAINVEST,1097,1102,970.0,722.5,15.385508891174304,STOP
CUPID,1097,1102,23.410499572753906,20.219999313354492,609.1675053829325,STOP
INOXWIND,1041,1107,100.5,121.125,133.73608153624787,RANK_GT_125
SWANCORP,1013,1123,388.0,622.0,28.489431057267325,RANK_GT_125
OFSS,1102,1123,8480.0,7473.248979204212,1.5086831244939238,STOP
TARIL,1123,1133,348.82501220703125,291.76418301265204,40.66037302300451,STOP
HUDCO,1102,1137,190.0,217.0,67.54952624721938,RANK_GT_125
MRPL,1102,1137,208.25,210.8000030517578,59.13911951113542,RANK_GT_125
SHRIPISTON,1102,1142,1722.0,2088.0,1.400333409275084,RANK_GT_125
WOCKPHARMA,1065,1146,448.1000061035156,567.7000122070312,31.976809373353635,RANK_GT_125
OIL,1102,1151,365.6666564941406,459.8999938964844,34.4281955869618,RANK_GT_125
EIHOTEL,1102,1151,417.04998779296875,444.0,30.5799092073126,RANK_GT_125
INDUSTOWER,1137,1152,329.0,292.237560168845,39.96120420747435,STOP
FORCEMOT,1142,1152,8987.5,7546.89512021637,0.5038380091548084,STOP
VEDL,1146,1152,461.8999938964844,407.7558786223983,31.073847512803823,STOP
TECHNOE,1151,1155,1535.0,1212.0853166284546,9.71002704937215,STOP
ACE,1107,1156,1380.0,1479.800048828125,9.461411425818854,RANK_GT_125
KPIL,1107,1161,1072.800048828125,1232.0,12.37828681966718,RANK_GT_125
SCHNEIDER,1128,1161,771.9000244140625,835.0999755859375,18.37887873175843,RANK_GT_125
TARIL,1137,1184,292.82501220703125,339.875,44.906258157603354,RANK_GT_125
VEDL,1156,1184,455.5,442.0,29.6377117849288,RANK_GT_125
TEJASNET,1156,1189,1299.9000244140625,1308.800048828125,10.62584115830888,RANK_GT_125
AEGISLOG,1151,1194,723.0,729.9000244140625,19.483931674468,RANK_GT_125
RVNL,1184,1198,615.0,516.5353915944474,25.107586010623134,STOP
HINDZINC,1137,1203,529.0,490.0,25.136394981870556,RANK_GT_125
MAZDOCK,1184,1205,2527.5,2110.47509765625,5.743178331959883,STOP
COCHINSHIP,1156,1208,1933.3499755859375,2100.0,7.137687493312359,RANK_GT_125
BBOX,1189,1218,460.0,521.6500244140625,30.051974776873855,INELIGIBLE
ARE&M,1156,1218,1450.0,1417.6500244140625,1.768938398544113,RANK_GT_125
TECHNOE,1156,1223,1249.0,1602.5999755859375,11.094272731748319,RANK_GT_125
GRSE,1161,1223,1645.0,1789.449951171875,8.701424646758655,RANK_GT_125
RVNL,1199,1242,524.0,476.0,24.601862164789086,RANK_GT_125
GODFRYPHLP,1218,1249,2371.666748046875,2064.716531867249,1.323182085228031,STOP
NAVA,1194,1252,449.04998779296875,447.0,31.480347119638562,RANK_GT_125
PCBL,1218,1255,476.75,410.64061935405687,31.3317718561237,STOP
KALYANKJIL,1223,1258,723.2000122070312,634.540878677256,21.285661491353945,STOP
POLYMED,1257,1262,3150.0,2717.0448587988153,4.060042066137229,STOP
GRAVITA,1203,1266,2229.60009765625,2114.0,5.491188125002296,RANK_GT_125
MCX,1252,1266,1299.800048828125,1168.8660794765765,2.091834055650651,STOP
NATIONALUM,1270,1284,260.0,225.28744096800776,9.347874261558907,STOP
COHANCE,1223,1290,1211.0,1156.1500244140625,12.617216598550709,RANK_GT_125
SARDAEN,1252,1299,460.0,485.54998779296875,30.400487774840045,RANK_GT_125
CARTRADE,1290,1304,1570.0,1401.897612297218,9.235753308619723,STOP
TARIL,1285,1306,570.0,491.57966917559855,3.6725626539061405,STOP
ITI,1299,1307,473.3999938964844,378.70501793361854,30.994203254855385,STOP
NEULANDLAB,1208,1309,12249.0,13623.0,1.2034366814316662,RANK_GT_125
LLOYDSME,1309,1314,1425.0,1276.2619202378112,8.314710243093888,STOP
WOCKPHARMA,1309,1315,1410.0,1210.1328125006169,1.2862047923929324e-15,STOP
DEEPAKFERT,1208,1320,1079.3499755859375,1127.050048828125,11.309500718713384,RANK_GT_125
PAYTM,1262,1320,848.0,734.0,15.832340806486812,RANK_GT_125
JUBLFOOD,1320,1326,735.0,661.0472242903535,20.044455395335362,STOP
ITI,1309,1327,376.1000061035156,275.29223488714786,40.97913310251675,STOP
ZENSARTECH,1320,1329,947.0,845.4131495515355,15.32305642654178,STOP
AMBER,1266,1330,6119.0,5798.0,1.3208298067963093,RANK_GT_125
LLOYDSME,1320,1337,1202.0,1055.7775411462974,4.5975073055949,STOP
BSE,1242,1344,1512.0,1390.0,9.337390634409253,RANK_GT_125
PGEL,1161,1358,297.5350036621094,915.9500122070312,48.18604737772256,RANK_GT_125
REDINGTON,1330,1361,241.8000030517578,212.44849709695853,54.90607691456426,STOP
SBICARD,1330,1362,864.0,763.5,15.676675346283984,STOP
CARTRADE,1309,1366,1468.0,1546.699951171875,10.468502095414044,RANK_GT_125
ACUTAAS,1266,1383,1012.4749755859375,1184.0,14.244400153411464,RANK_GT_125
KPRMILL,1383,1385,1302.0,1133.6015268771532,11.204886880288164,STOP
BAJFINANCE,1330,1388,822.0250244140625,916.7000122070312,16.045975996873217,RANK_GT_125
SRF,1330,1388,2750.0,2919.0,1.7683157520906696,RANK_GT_125
MANAPPURAM,1344,1388,207.6999969482422,229.02999877929688,62.115225114318484,RANK_GT_125
CHAMBLFERT,1362,1393,589.9500122070312,600.0,22.528728368536825,RANK_GT_125
AVANTIFEED,1339,1398,694.5,849.0,6.947312308757835,RANK_GT_125
NH,1366,1403,1718.300048828125,1767.0,8.235011431021977,RANK_GT_125
GLAXO,1366,1408,2778.60009765625,3285.699951171875,5.088548865231014,RANK_GT_125
BSE,1403,1409,2970.0,2637.375916143435,4.87010732214803,STOP
BSE,1413,1427,2670.0,2370.868791389261,5.120734379719042,STOP
GODFRYPHLP,1358,1428,2258.2333984375,2816.0,6.482878833312278,RANK_GT_125
MAZDOCK,1388,1432,3559.800048828125,3006.795891272326,4.189063193764524,STOP
BDL,1388,1433,1879.0,1671.5999755859375,8.01061660403255,RANK_GT_125
INTELLECT,1398,1437,1176.0,1030.0823226110974,4.985530946009757,STOP
RPOWER,1408,1437,67.5,56.779998779296875,232.80793761981298,STOP
SOLARINDS,1388,1438,14292.0,14509.0,1.0520895390109062,RANK_GT_125
PFOCUS,1433,1439,168.1999969482422,137.7790311007912,62.36181636209482,STOP
GRSE,1388,1452,2524.0,2629.89990234375,5.945745285468652,RANK_GT_125
APARINDS,1433,1457,8899.0,8250.0,1.7239573348397104,RANK_GT_125
PARADEEP,1393,1471,158.5,170.5,92.96500139871145,RANK_GT_125
JMFINANCIL,1438,1481,166.25999450683594,162.5500030517578,90.40869907926242,RANK_GT_125
FORCEMOT,1358,1490,9045.75,15650.0,1.6171093791440387,RANK_GT_125
STLTECH,1438,1495,117.80000305175781,115.77999877929688,130.10558096582392,RANK_GT_125
PFOCUS,1452,1495,160.0,168.69000244140625,97.14484546845699,RANK_GT_125
NAVA,1457,1495,670.0,614.3499755859375,21.100846815360384,RANK_GT_125
GABRIEL,1428,1513,1082.0,1168.5,14.218004272435236,RANK_GT_125
GVT&D,1438,1513,2436.0,3046.5,1.2562437871682735,RANK_GT_125
GMDCLTD,1490,1516,607.2000122070312,509.30325433312976,27.71096614789125,STOP
ADANIPOWER,1495,1518,168.0500030517578,146.03467619833555,99.7001206727024,STOP
CHENNPETRO,1518,1520,1024.5,898.184977684189,13.693371212975709,STOP
HBLENGINE,1495,1525,940.5999755859375,835.0370534930651,17.678784059714484,STOP
TDPOWERSYS,1513,1528,394.5249938964844,342.26114890564713,13.205256681950903,STOP
CANBK,1523,1528,152.0,142.16461818832224,62.02455537301001,STOP
NETWEB,1471,1542,2918.0,3147.60009765625,5.399490746494191,RANK_GT_125
ABDL,1443,1547,513.0499877929688,580.0,16.647017116406396,RANK_GT_125
M&MFIN,1547,1549,400.0,360.7287465767549,23.99377895746053,STOP
PFOCUS,1552,1557,231.50999450683594,234.89999389648438,37.16241141501073,INELIGIBLE
CARTRADE,1481,1562,2463.89990234375,2477.699951171875,5.928821388842631,RANK_GT_125
THANGAMAYL,1513,1571,3285.0,3309.0,5.405380566648802,RANK_GT_125
AUBANK,1533,1586,965.0,895.0499877929688,13.738402952586304,RANK_GT_125
AETHER,1571,1587,1012.0,897.7259081820123,17.568583855307356,STOP
ASHOKLEY,1562,1593,192.25999450683594,177.9940445708665,75.94905579058859,STOP
CUPID,1428,1595,23.802000045776367,75.9000015258789,623.0847287920499,RANK_GT_125
VEDL,1557,1600,684.9500122070312,636.7213101952187,12.66841378021322,STOP
KIRLOSENG,1595,1601,1449.0,1265.7838037818499,12.679463168831505,STOP
SHRIRAMFIN,1523,1604,857.8499755859375,888.0,20.13225169195774,RANK_GT_125
ACUTAAS,1604,1606,2515.0,2223.049693695394,7.013646677274611,STOP
HINDCOPPER,1528,1607,372.0,492.5,39.446586132228205,RANK_GT_125
NATIONALUM,1542,1626,310.0,399.0,54.49603218781159,RANK_GT_125
MRPL,1607,1626,181.1999969482422,169.0,97.33747325390958,RANK_GT_125
PFOCUS,1590,1637,271.0,223.60000610351562,6.692061834959537e-15,RANK_GT_125
AVANTIFEED,1586,1641,1188.0999755859375,1322.0999755859375,10.287853697340807,RANK_GT_125
AETHER,1604,1641,1150.5,1070.0,15.251618033936722,RANK_GT_125
GESHIP,1595,1646,1450.0,1418.9000244140625,12.604771017402499,RANK_GT_125
SCHNEIDER,1626,1649,1248.0,1066.199951171875,17.659816313881603,STOP
BSE,1641,1650,4250.0,3853.8483192446956,2.3917661327849435,STOP
CHENNPETRO,1607,1661,989.0,1101.0,17.175148771186254,RANK_GT_125
POWERINDIA,1604,1671,24265.0,31075.0,0.7231002954694707,RANK_GT_125
AEGISLOG,1671,1677,1315.0,1168.4417321286837,16.98549269049783,STOP
BBOX,1641,1680,975.0,844.4519989730123,25.985485689060397,STOP
ADANIGREEN,1651,1685,1500.5999755859375,1356.0,1.0361051803095576,STOP
MTARTECH,1495,1686,2275.0,5741.5,7.229772514886078,RANK_GT_125
THANGAMAYL,1686,1689,6999.0,5919.2293731004465,3.736863044804993,STOP
DEEPAKFERT,1661,1701,1570.0,1502.0,11.972432562620954,RANK_GT_125
CEMPRO,1646,1716,1071.0,1297.4000244140625,16.599366396248318,RANK_GT_125
RRKABEL,1681,1716,2295.89990234375,2430.800048828125,6.75637015247862,RANK_GT_125
HFCL,1626,1731,122.3499984741211,208.14999389648438,189.2916738632058,RANK_GT_125
KALYANKJIL,1701,1734,609.0,536.0915057784707,29.351429992337444,STOP
