industry,sector_index
Financial Services,Nifty Financial Services
Capital Goods,Nifty India Manufacturing
Healthcare,Nifty Healthcare Index
Automobile and Auto Components,Nifty Auto
Fast Moving Consumer Goods,Nifty FMCG
Chemicals,Nifty Chemicals
Information Technology,Nifty IT
Consumer Services,Nifty India Consumption
Metals & Mining,Nifty Metal
Power,Nifty Energy
Oil Gas & Consumable Fuels,Nifty Oil & Gas
Consumer Durables,Nifty Consumer Durables
Services,Nifty Services Sector
Realty,Nifty Realty
Construction,Nifty Infrastructure
Construction Materials,Nifty Cement
Media Entertainment & Publication,Nifty Media
