date,equity,cum_return,drawdown,day_pnl
2026-09-17,60000.0,0.0,0.0,0.0
2026-09-18,60414.015200000016,0.00690025333333355,0.0,414.0152000000162
2026-09-21,60288.905200000016,0.004815086666666968,-0.002070877090122658,-125.11000000000058
2026-09-22,60073.31520000001,0.0012219200000000985,-0.005639419907319865,-215.59000000000378
2026-09-23,60135.26228000001,0.0022543713333333937,-0.004614043928005684,61.947079999998095
2026-09-24,59581.809280000016,-0.006969845333333113,-0.01377504735027113,-553.4529999999941
2026-09-25,59202.842774729725,-0.013285953754504587,-0.02004787169435296,-378.96650527029124
2026-09-28,58678.15492472974,-0.022030751254504377,-0.028732741393263317,-524.6878499999875
2026-09-29,58113.15685799511,-0.03144738570008143,-0.03808484396191736,-564.9980667346244
2026-09-30,58076.4541721614,-0.032059097130643366,-0.03869236335476367,-36.70268583371217
2026-10-01,57622.314101702745,-0.039628098304954285,-0.046209494420381914,-454.1400704586558
2026-10-05,57290.17440170274,-0.04516375997162103,-0.051707220385134756,-332.139700000007
2026-10-06,58082.42890170274,-0.03195951830495436,-0.03859346693939447,792.2545000000027
2026-10-07,58183.38850170275,-0.03027685830495419,-0.03692233815138424,100.95960000000923
2026-10-08,56794.775597874526,-0.05342040670209125,-0.05990728459520578,-1388.6129038282234
