sym,entry,exit,qty,exit_date,reason,entry_date,ret_pct,pnl
IDFCFIRSTB,86.0,85.98,53.0,2026-09-23,REPLACED_BY_ACMESOLAR,,-0.023255813953482196,-1.059999999999789
ANTHEM,934.0,891.7,4.0,2026-09-23,REPLACED_BY_PVRINOX,,-4.528907922912195,-169.19999999999982
GRANULES,874.0,857.0,5.0,2026-09-24,REPLACED_BY_GLENMARK,,-1.94508009153318,-85.0
GLAND,2907.2,2896.0,1.0,2026-09-24,REPLACED_BY_WOCKPHARMA,,-0.38525041276828986,-11.199999999999818
ANANDRATHI,2201.1,2169.6,2.0,2026-09-25,REPLACED_BY_VIJAYA,,-1.431102630502934,-63.0
EMCURE,1915.9,1958.7,2.0,2026-09-25,REPLACED_BY_ZYDUSLIFE,,2.2339370530821023,85.59999999999991
PVRINOX,1329.3,1247.8227,3.0,2026-09-25,STOP,,-6.129338749717894,-244.43190000000004
GLENMARK,2460.0,2366.7374,1.0,2026-09-25,STOP,,-3.791162601626019,-93.26260000000002
PAYTM,1795.4,1668.0,2.0,2026-09-28,REPLACED_BY_ETERNAL,,-7.095911774534924,-254.80000000000018
ACE,1212.3,1205.0,3.0,2026-09-29,REPLACED_BY_WELSPUNLIV,,-0.6021611812257688,-21.899999999999864
SAILIFE,1553.4,1576.0,2.0,2026-09-29,REPLACED_BY_SYRMA,,1.4548731814085114,45.19999999999982
WOCKPHARMA,2310.0,2159.6158,1.0,2026-09-29,STOP,,-6.5101385281385316,-150.38419999999996
ACMESOLAR,461.6,441.3,10.0,2026-09-30,REPLACED_BY_MANKIND,,-4.397746967071059,-203.0000000000001
VIJAYA,1528.0,1486.3,3.0,2026-09-30,REPLACED_BY_ADANIPORTS,,-2.729057591623041,-125.10000000000014
ETERNAL,335.05,319.7111,13.0,2026-09-30,STOP,,-4.578092821966873,-199.4057000000003
ZYDUSLIFE,1185.5,1124.9058,3.0,2026-10-01,STOP,,-5.11127794179671,-181.7826
ADANIPORTS,1793.5,1741.6232,2.0,2026-10-01,STOP,,-2.892489545581267,-103.7536
SONACOMS,824.5,799.7,5.0,2026-10-06,REPLACED_BY_GESHIP,,-3.0078835657974423,-123.99999999999977
SYRMA,1745.0,1690.7,2.0,2026-10-07,REPLACED_BY_GLAND,,-3.111747851002866,-108.59999999999991
REDINGTON,405.0,406.0,11.0,2026-10-07,REPLACED_BY_AJANTPHARM,,0.24691358024691024,11.0
CASTROLIND,201.9,196.5,22.0,2026-10-08,REPLACED_BY_MCX,,-2.6745913818722156,-118.80000000000013
MANKIND,2545.0,2428.4314,1.0,2026-10-08,STOP,,-4.58029862475442,-116.56860000000006
