sym,entry_i,exit_i,entry,exit,qty,reason,entry_date,exit_date,signal_date
RSSOFTWARE,396,398,97.075,86.97050667758495,61.36537969828688,STOP,2013-01-07,2013-01-09,2013-01-04
JKLAKSHMI,396,400,160.1,140.2915688308731,37.267080745341616,STOP,2013-01-07,2013-01-11,2013-01-04
PGEL,396,406,38.5,34.61,154.10299216643122,STOP,2013-01-07,2013-01-21,2013-01-04
WSTCSTPAPR,396,408,113.2,91.64171106961683,50.250037168362724,STOP,2013-01-07,2013-01-23,2013-01-04
HELIOSMATH,396,409,56.65,49.38855975813787,106.38297872340426,STOP,2013-01-07,2013-01-24,2013-01-04
RSSOFTWARE,401,410,90.35,76.68133605901919,64.48695281405858,STOP,2013-01-14,2013-01-25,2013-01-11
ESSDEE,396,415,371.5,319.24172263869576,16.12036539494895,STOP,2013-01-07,2013-02-01,2013-01-04
BHARATFIN,396,419,173.3,145.63368914762162,34.95484998543548,STOP,2013-01-07,2013-02-07,2013-01-04
BAJAJCON,401,419,258.3,228.84478411868582,18.101577215151885,STOP,2013-01-14,2013-02-07,2013-01-11
KOLTEPATIL,396,420,120.5,100.64979547534097,49.958368026644465,STOP,2013-01-07,2013-02-08,2013-01-04
SUDAR,396,425,160.6,126.00616697853937,37.68844221105528,STOP,2013-01-07,2013-02-15,2013-01-04
LAOPALA,421,431,31.48,26.34251673378292,161.85949060916724,STOP,2013-02-11,2013-02-25,2013-02-08
PGEL,411,432,36.375,31.42667815418885,145.28501012614623,STOP,2013-01-28,2013-02-26,2013-01-25
ADVANTA,411,432,202.02,180.0622768605053,26.68448817310492,STOP,2013-01-28,2013-02-26,2013-01-25
ARE&M,411,432,299.7,264.11952430065264,13.146285545004323,STOP,2013-01-28,2013-02-26,2013-01-25
GREENPLY,421,432,83.0,71.87186753594179,47.58806810032107,STOP,2013-02-11,2013-02-26,2013-02-08
HELIOSMATH,411,436,50.0,47.85,108.03207015492298,LEFT_UNIVERSE,2013-01-28,2013-03-04,2013-01-25
PANACEABIO,436,446,144.0,139.9,32.76605398236903,RANK_GT_125,2013-03-04,2013-03-18,2013-03-01
ESSDEE,416,448,319.35,262.5110611657036,16.018499499447408,STOP,2013-02-04,2013-03-20,2013-02-01
BSLIMITED,436,452,14.657499999999999,12.774288447944839,289.19196228791503,STOP,2013-03-04,2013-03-26,2013-03-01
GUJALKALI,454,454,215.6,191.47327038924604,17.03210812120102,STOP,2013-04-01,2013-04-01,2013-03-28
SUDAR,426,456,100.0,23.8,40.599929772368185,STOP,2013-02-18,2013-04-03,2013-02-15
UNITDSPR,396,458,396.0,344.6370856021175,15.479876160990711,STOP,2013-01-07,2013-04-05,2013-01-04
ADVANTA,436,459,215.01,189.84164904080984,20.74709740860344,STOP,2013-03-04,2013-04-08,2013-03-01
AJANTPHARM,459,461,136.88,116.52288594796693,31.801069282177227,STOP,2013-04-08,2013-04-10,2013-04-05
KTKBANK,446,486,128.0909090909091,144.27272727272725,35.57277736134911,RANK_GT_125,2013-03-18,2013-05-20,2013-03-15
KOLTEPATIL,421,496,98.0,89.6,52.35608369551131,RANK_GT_125,2013-02-11,2013-06-03,2013-02-08
GREENPLY,436,497,69.96000000000001,97.06,64.72018922464518,LEFT_UNIVERSE,2013-03-04,2013-06-04,2013-03-01
GITANJALI,436,503,583.7,530.5495309913533,6.50401125176217,STOP,2013-03-04,2013-06-12,2013-03-01
APLLTD,486,513,132.0,112.03633671254735,37.87716310880286,STOP,2013-05-20,2013-06-26,2013-05-17
FINPIPE,496,513,26.080000000000002,23.476304727222438,182.69699944013817,STOP,2013-06-03,2013-06-26,2013-05-31
BIL,459,516,195.0,174.6063558492334,21.475837943691005,STOP,2013-04-08,2013-07-01,2013-04-05
BSLIMITED,459,538,16.25,12.437765080841043,59.3532035029008,STOP,2013-04-08,2013-07-31,2013-04-05
FINPIPE,516,541,24.740000000000002,21.577619373069368,187.65991208191107,STOP,2013-07-01,2013-08-05,2013-06-28
ASTRAL,506,542,51.43502571750964,44.98235806927189,88.76069904886086,STOP,2013-06-17,2013-08-06,2013-06-14
RCOM,521,548,138.0,116.08506215210082,27.010044856373714,STOP,2013-07-08,2013-08-16,2013-07-05
LAOPALA,436,568,25.305,43.61,176.28594597961924,RANK_GT_125,2013-03-04,2013-09-16,2013-03-01
SHRENUJ,501,589,56.475,46.67819209209194,90.46149370349934,STOP,2013-06-10,2013-10-17,2013-06-07
ESSDEE,451,596,288.8,516.0,14.473263733648723,RANK_GT_125,2013-03-25,2013-10-28,2013-03-22
NEULANDLAB,596,601,280.0,283.9,21.438737629543752,LEFT_UNIVERSE,2013-10-28,2013-11-05,2013-10-25
ASTRAL,545,629,50.400025200009445,64.046282023137,64.83305490309249,RANK_GT_125,2013-08-12,2013-12-16,2013-08-08
RCOM,549,634,119.8,132.0,26.01591176117328,RANK_GT_125,2013-08-19,2013-12-23,2013-08-16
AJANTPHARM,464,658,118.04444444444445,247.52,36.64648078204766,RANK_GT_125,2013-04-15,2014-01-27,2013-04-12
ACCELYA,464,658,342.0,718.0,9.56892976635434,RANK_GT_125,2013-04-15,2014-01-27,2013-04-12
HEXAWARE,545,658,121.9,134.9,38.77132817106472,RANK_GT_125,2013-08-12,2014-01-27,2013-08-08
CEATLTD,658,662,323.0,274.55,18.808616768239556,STOP,2014-01-27,2014-01-31,2014-01-24
CINEMAXIN,601,664,270.0,283.0,19.94348214097168,LEFT_UNIVERSE,2013-11-05,2014-02-04,2013-11-01
CMAHENDRA,541,673,64.5,97.625,11.376823612241393,RANK_GT_125,2013-08-05,2014-02-17,2013-08-02
GALLISPAT,568,706,16.005000000000003,30.72,308.0357754165566,RANK_GT_125,2013-09-16,2014-04-07,2013-09-13
APLLTD,516,726,132.9,275.6,28.88577818616719,RANK_GT_125,2013-07-01,2014-05-12,2013-06-28
SUVEN,629,731,3.714347321280478,4.449809255266213,1533.007755147798,RANK_GT_125,2013-12-16,2014-05-19,2013-12-13
NUCLEUS,658,736,190.05,197.2,32.01279390662926,RANK_GT_125,2014-01-27,2014-05-26,2014-01-24
MONSANTO,726,741,1986.0,1715.099661957333,3.527184282758917,STOP,2014-05-12,2014-06-02,2014-05-09
MBLINFRA,731,742,100.0,138.5,73.48770932541802,LEFT_UNIVERSE,2014-05-19,2014-06-03,2014-05-16
VAIBHAVGBL,634,746,123.0,138.9,42.49177727279524,RANK_GT_125,2013-12-23,2014-06-09,2013-12-20
AMTEKAUTO,746,750,270.25,230.26516685536086,27.86282979073022,STOP,2014-06-09,2014-06-13,2014-06-06
TATAELXSI,673,751,223.9,259.95,10.587095377158478,RANK_GT_125,2014-02-17,2014-06-16,2014-02-14
LEEL,746,751,124.75,102.467551251313,63.99861779924389,STOP,2014-06-09,2014-06-16,2014-06-06
BFUTILITIE,706,756,620.0,704.65,11.16402124724946,RANK_GT_125,2014-04-07,2014-06-23,2014-04-04
ACLGATI,668,763,66.8,124.1,91.44664085600975,LEFT_UNIVERSE,2014-02-10,2014-07-02,2014-02-07
BEML,746,763,372.7,394.0,21.058448375377473,LEFT_UNIVERSE,2014-06-09,2014-07-02,2014-06-06
LEEL,756,763,111.5,114.0,69.15297477990589,LEFT_UNIVERSE,2014-06-23,2014-07-02,2014-06-20
AMTEKAUTO,751,768,250.2,208.6782451829351,5.560209722963567,STOP,2014-06-16,2014-07-09,2014-06-13
METALFORGE,756,768,343.1,286.81861492247174,19.317004787283352,STOP,2014-06-23,2014-07-09,2014-06-20
LGBBROSLTD,766,768,257.4,217.356544493164,33.3300642363675,STOP,2014-07-07,2014-07-09,2014-07-04
TEXRAIL,736,769,111.0,89.88316648009493,69.68511358266264,STOP,2014-05-26,2014-07-10,2014-05-23
AHLUCONT,766,769,124.9,101.25,67.26158340319661,STOP,2014-07-07,2014-07-10,2014-07-04
MBLINFRA,766,771,158.0,134.01269268118887,52.77348541911639,STOP,2014-07-07,2014-07-14,2014-07-04
SHAKTIPUMP,771,773,40.949999999999996,35.21953835194617,5.1030331897990315,STOP,2014-07-14,2014-07-16,2014-07-11
AUROPHARMA,658,781,208.95,346.375,29.272754485234458,RANK_GT_125,2014-01-27,2014-07-28,2014-01-24
SIMPLEXINF,751,782,341.15,284.26085504424776,22.635048874281356,STOP,2014-06-16,2014-07-30,2014-06-13
TATASTLLP,781,783,1080.0,934.2083453449629,6.609195844413451,STOP,2014-07-28,2014-07-31,2014-07-25
AHLUCONT,771,804,100.0,145.0,71.1476283130608,LEFT_UNIVERSE,2014-07-14,2014-09-02,2014-07-11
AMTEKAUTO,771,821,240.9,202.47734176022516,29.169650325638372,STOP,2014-07-14,2014-09-25,2014-07-11
SIMPLEXINF,785,821,291.0,226.32860749636927,18.210625134654308,STOP,2014-08-04,2014-09-25,2014-08-01
LEEL,808,822,183.25,157.96633891050362,45.52336922020486,STOP,2014-09-08,2014-09-26,2014-09-05
DLINKINDIA,823,826,115.05,128.55,18.936982088906966,LEFT_UNIVERSE,2014-09-29,2014-10-07,2014-09-26
CIEINDIA,781,838,160.0,189.85,18.379779270414947,RANK_GT_125,2014-07-28,2014-10-27,2014-07-25
MAHINDUGIN,771,843,395.0,468.0,18.300608365724127,RANK_GT_125,2014-07-14,2014-11-03,2014-07-11
LGBBROSLTD,771,890,227.5,322.35,32.193131885814545,RANK_GT_125,2014-07-14,2015-01-12,2014-07-11
JKLAKSHMI,785,914,269.0,389.7,26.8918471282523,RANK_GT_125,2014-08-04,2015-02-16,2014-08-01
KITEX,823,927,118.51190476190479,121.66666666666669,71.27380043152051,RANK_GT_125,2014-09-29,2015-03-09,2014-09-26
TVSMOTOR,663,932,78.45,277.0,78.23154560221657,RANK_GT_125,2014-02-03,2015-03-16,2014-01-31
TAKE,927,932,147.85,115.7616119852135,58.30078774168417,STOP,2015-03-09,2015-03-16,2015-03-05
TITAGARH,932,936,155.22,121.85098681339689,71.65919414532233,STOP,2015-03-16,2015-03-20,2015-03-13
PATINTLOG,890,940,81.89496402877698,62.041451062518234,123.98932531099777,STOP,2015-01-12,2015-03-26,2015-01-09
NBCC,823,950,31.555555555555557,43.84444444444444,266.29148661450915,RANK_GT_125,2014-09-29,2015-04-13,2014-09-26
MMFL,838,959,123.5625,167.7625,28.07103538109849,RANK_GT_125,2014-10-27,2015-04-27,2014-10-23
VIPCLOTHNG,950,959,82.0,65.24959465725394,146.1724792282249,STOP,2015-04-13,2015-04-27,2015-04-10
TAKE,937,966,125.0,89.65284159665401,86.85385709241815,STOP,2015-03-23,2015-05-07,2015-03-20
EVEREADY,959,966,299.0,261.72104204573714,16.804511225557548,STOP,2015-04-27,2015-05-07,2015-04-24
CENTURYPLY,776,973,89.3,176.65,80.72409006192674,RANK_GT_125,2014-07-21,2015-05-18,2014-07-18
IFBIND,826,978,340.8,640.0,7.100312912162585,RANK_GT_125,2014-10-07,2015-05-25,2014-10-01
SKMEGGPROD,914,978,77.45,73.475,136.58280963821312,RANK_GT_125,2015-02-16,2015-05-25,2015-02-13
CELESTIAL,968,979,69.0,58.277864927256275,31.37572258980711,STOP,2015-05-11,2015-05-26,2015-05-08
AXISCADES,973,980,263.9,179.6,39.83112512907743,STOP,2015-05-18,2015-05-27,2015-05-15
TATAELXSI,983,985,634.95,548.5149717929569,14.061655737845683,STOP,2015-06-01,2015-06-03,2015-05-29
CASTEXTECH,988,993,175.0,170.25,43.81079398550335,RANK_GT_125,2015-06-08,2015-06-15,2015-06-05
MIRZAINT,978,1003,11.716729286138026,9.682119861351413,669.3821173408664,STOP,2015-05-25,2015-06-29,2015-05-22
HBLENGINE,937,1006,49.7,49.05,215.64921459163781,LEFT_UNIVERSE,2015-03-23,2015-07-02,2015-03-20
SPARC,978,1028,423.5,408.9,24.35090931430107,RANK_GT_125,2015-05-25,2015-08-03,2015-05-22
BOSCH-HCIL,843,1033,645.0,1449.5,13.1991477675708,RANK_GT_125,2014-11-03,2015-08-10,2014-10-31
TAKE,968,1033,102.4,141.0,97.1384214531353,RANK_GT_125,2015-05-11,2015-08-10,2015-05-08
TRANSWORLD,1008,1036,675.0,564.5442528769652,10.14740235962129,STOP,2015-07-06,2015-08-13,2015-07-03
TIRUMALCHM,1033,1036,27.95,23.401319499233814,424.5233306421654,STOP,2015-08-10,2015-08-13,2015-08-07
NITINSPIN,1033,1038,95.65,76.0,117.44512808476,STOP,2015-08-10,2015-08-17,2015-08-07
ISFT,1008,1043,489.5,413.62380190038084,20.64778268000924,STOP,2015-07-06,2015-08-24,2015-07-03
VADILALIND,1028,1043,792.0,662.8192554162965,12.49687246110388,STOP,2015-08-03,2015-08-24,2015-07-31
RAJESHEXPO,1033,1043,555.4,464.8541306465405,17.164648140759418,STOP,2015-08-10,2015-08-24,2015-08-07
TIRUMALCHM,1038,1044,24.369999999999997,19.492769245541677,453.9812915903062,STOP,2015-08-17,2015-08-25,2015-08-14
CHENNPETRO,1038,1054,241.0,195.34471782005036,45.70991651849952,STOP,2015-08-17,2015-09-08,2015-08-14
RAJESHEXPO,1048,1060,515.0,406.1415910798622,19.733217883926944,STOP,2015-08-31,2015-09-16,2015-08-28
SANGHVIMOV,993,1062,168.85,156.275,43.909794531146574,RANK_GT_125,2015-06-15,2015-09-21,2015-06-12
CHENNPETRO,1062,1103,216.65,172.8594462875987,20.787868383533162,STOP,2015-09-21,2015-11-23,2015-09-18
SRIPIPES,963,1131,175.0,274.0,54.17508579762701,RANK_GT_125,2015-05-04,2016-01-04,2015-04-30
GUFICBIO,1131,1139,55.9,45.55,254.33455112114575,STOP,2016-01-04,2016-01-14,2016-01-01
TIRUMALCHM,1048,1141,21.8,18.25,472.6560291947771,RANK_GT_125,2015-08-31,2016-01-18,2015-08-28
RUSHIL,1107,1141,27.830000000000002,22.4785125889528,128.34651919276993,STOP,2015-11-30,2016-01-18,2015-11-27
GUFICBIO,1141,1151,38.15,46.85,165.391998350211,LEFT_UNIVERSE,2016-01-18,2016-02-02,2016-01-15
SECURKLOUD,1141,1156,868.1248914843886,715.5138271258977,16.49322422637084,STOP,2016-01-18,2016-02-09,2016-01-15
GODFRYPHLP,1155,1159,386.6333333333334,301.42380411977524,19.921361729122307,STOP,2016-02-08,2016-02-12,2016-02-05
ICIL,942,1165,79.0,180.8,141.1850905188658,RANK_GT_125,2015-03-30,2016-02-22,2015-03-27
DEEPENR,1048,1165,85.13120057512582,86.0531991373113,31.462801019976784,RANK_GT_125,2015-08-31,2016-02-22,2015-08-28
SANGAMIND,1038,1184,208.0,258.15,11.356670536500236,RANK_GT_125,2015-08-17,2016-03-21,2015-08-14
GAYAPROJ,1048,1187,88.75,102.09,116.12067065371116,RANK_GT_125,2015-08-31,2016-03-28,2015-08-28
RUSHIL,1146,1192,20.39,20.25,140.64641440468603,RANK_GT_125,2016-01-25,2016-04-04,2016-01-22
MANGALAM,1058,1197,79.8,230.0,111.22526120451549,RANK_GT_125,2015-09-14,2016-04-11,2015-09-11
DWARKESH,1192,1198,21.69,18.003649251293616,130.52339624831387,STOP,2016-04-04,2016-04-12,2016-04-01
SECURKLOUD,1160,1200,576.1124279859465,731.2499085937615,19.827575049914994,RANK_GT_125,2016-02-15,2016-04-18,2016-02-12
GODFRYPHLP,1165,1209,356.3333333333333,298.51666666666665,31.544898914688307,RANK_GT_125,2016-02-22,2016-05-02,2016-02-19
GMBREW,1062,1219,171.008,363.49440000000004,60.13636810822502,RANK_GT_125,2015-09-21,2016-05-16,2015-09-18
OUDHSUG,1219,1225,100.0,77.39912504078745,140.02566187062095,STOP,2016-05-16,2016-05-24,2016-05-13
COSMOFIRST,1187,1258,178.66666666666666,231.33333333333334,65.95434771749824,RANK_GT_125,2016-03-28,2016-07-11,2016-03-23
SORILINFRA,1258,1260,240.0,193.71863347978712,66.21684608869157,STOP,2016-07-11,2016-07-13,2016-07-08
UNOMINDA,1200,1278,34.3,38.99333333333333,401.66320762037327,RANK_GT_125,2016-04-18,2016-08-08,2016-04-13
UPERGANGES,1263,1282,454.0,353.03712332753764,33.696674980469375,STOP,2016-07-18,2016-08-12,2016-07-15
BALRAMCHIN,1165,1283,80.75,115.0,139.22971311523577,RANK_GT_125,2016-02-22,2016-08-16,2016-02-19
SORILINFRA,1283,1284,158.0,137.0,77.0105028982267,STOP,2016-08-16,2016-08-17,2016-08-12
KIRIINDUS,1278,1294,365.0,304.12458710977626,46.98280274583301,STOP,2016-08-08,2016-08-31,2016-08-05
DALMIASUG,1197,1301,104.6,109.0,134.79006846689467,RANK_GT_125,2016-04-11,2016-09-12,2016-04-08
DWARKESH,1200,1305,18.5,26.2,730.4118780015526,RANK_GT_125,2016-04-18,2016-09-19,2016-04-13
DHAMPURSUG,1160,1310,56.4,119.8,111.2850062460579,RANK_GT_125,2016-02-15,2016-09-26,2016-02-12
TIRUMALCHM,1305,1313,54.6,47.398782899828475,302.76084213010637,STOP,2016-09-19,2016-09-29,2016-09-16
SORILINFRA,1310,1337,165.5,126.3,95.1284788583973,STOP,2016-09-26,2016-11-07,2016-09-23
SUDARSCHEM,1287,1339,374.7,317.1,32.53339924345237,STOP,2016-08-22,2016-11-09,2016-08-19
SHILPI,1297,1339,205.8,185.0,69.01433507968572,STOP,2016-09-06,2016-11-09,2016-09-02
BODALCHEM,1184,1342,65.35,125.55,130.0035463132829,RANK_GT_125,2016-03-21,2016-11-15,2016-03-18
SUDARSCHEM,1342,1343,368.0,317.9133373881043,38.80068767440157,STOP,2016-11-15,2016-11-16,2016-11-11
UPERGANGES,1283,1344,341.2,232.94859618487817,43.43034175074413,STOP,2016-08-16,2016-11-17,2016-08-12
APTECHT,1342,1344,132.10714285714286,106.34952586658599,111.06303809037377,STOP,2016-11-15,2016-11-17,2016-11-11
CHEMFALKAL,1342,1346,299.0,210.9101964286323,52.02522675067237,STOP,2016-11-15,2016-11-21,2016-11-11
ENERGYDEV,1209,1351,71.5,69.3,141.93616482685823,RANK_GT_125,2016-05-02,2016-11-28,2016-04-29
TATAMETALI,1229,1356,256.0,313.9,49.597119881259516,RANK_GT_125,2016-05-30,2016-12-05,2016-05-27
KIRIINDUS,1301,1361,277.9,277.7,52.55209940707868,RANK_GT_125,2016-09-12,2016-12-12,2016-09-09
INDIANB,1346,1368,264.0,216.2633143301938,45.137021385137764,STOP,2016-11-21,2016-12-21,2016-11-18
SUDARSCHEM,1346,1395,323.8,337.95,36.9360596805736,RANK_GT_125,2016-11-21,2017-01-30,2016-11-18
CHEMFALKAL,1351,1414,276.4,281.15,42.91495618192094,RANK_GT_125,2016-11-28,2017-02-27,2016-11-25
JAYBARMARU,1414,1417,71.31,77.97999999999999,171.0386004592797,LEFT_UNIVERSE,2017-02-27,2017-03-02,2017-02-23
BPL,1351,1419,70.2,64.4,125.67882626101095,RANK_GT_125,2016-11-28,2017-03-06,2016-11-25
RBL,1371,1424,941.0,945.2,11.318048022295896,RANK_GT_125,2016-12-26,2017-03-14,2016-12-23
IMFA,1395,1424,340.975,301.44510023531734,35.504871389532234,STOP,2017-01-30,2017-03-14,2017-01-27
STARPAPER,1356,1428,196.0,156.2475324169311,59.08645670092603,STOP,2016-12-05,2017-03-20,2016-12-02
LAKSHMIEFL,1342,1438,56.1,56.1,117.76554939409083,RANK_GT_125,2016-11-15,2017-04-03,2016-11-11
IMFA,1428,1444,346.5,291.9935212174882,31.80125025520627,STOP,2017-03-20,2017-04-12,2017-03-17
APTECHT,1346,1451,112.14285714285715,160.35714285714286,90.80165532611002,RANK_GT_125,2016-11-21,2017-04-24,2016-11-18
V2RETAIL,1419,1451,19.05,18.395,645.2437983629318,RANK_GT_125,2017-03-06,2017-04-24,2017-03-03
TIRUMALCHM,1315,1456,54.45,86.78,261.9770429833378,RANK_GT_125,2016-10-03,2017-05-02,2016-09-30
JAYAGROGN,1433,1457,352.5,453.475,26.033719323174303,LEFT_UNIVERSE,2017-03-27,2017-05-03,2017-03-24
SWANCORP,1361,1465,169.2,146.75,71.14987848470354,RANK_GT_125,2016-12-12,2017-05-15,2016-12-09
VENKEYS,1451,1465,1364.0,1167.0,8.815660036852794,STOP,2017-04-24,2017-05-15,2017-04-21
VIJAYABANK,1465,1471,88.0,76.5274610090469,142.94643497700986,STOP,2017-05-15,2017-05-23,2017-05-12
MASTEK,1460,1472,312.0,264.9907631214936,39.68716794908761,STOP,2017-05-08,2017-05-24,2017-05-05
ITI,1446,1473,84.8,69.75371485850309,108.84682937053012,STOP,2017-04-17,2017-05-25,2017-04-13
HGM,1470,1479,294.6,283.0,40.80992531860279,LEFT_UNIVERSE,2017-05-22,2017-06-02,2017-05-19
NFL,1424,1524,73.8,70.5,169.46840851271625,RANK_GT_125,2017-03-14,2017-08-07,2017-03-10
LTFOODS,1438,1528,66.35,57.605712771604146,98.97703091246937,STOP,2017-04-03,2017-08-11,2017-03-31
RAIN,1419,1547,99.8,142.9,122.95786667441028,RANK_GT_125,2017-03-06,2017-09-11,2017-03-03
FLFL,1451,1566,284.0,343.0,42.348387514394524,RANK_GT_125,2017-04-24,2017-10-09,2017-04-21
SHAKTIPUMP,1480,1600,64.96666666666667,72.33333333333333,182.62841592459898,RANK_GT_125,2017-06-05,2017-11-27,2017-06-02
ITI,1475,1610,78.95,137.85,155.0890539670751,RANK_GT_125,2017-05-29,2017-12-11,2017-05-26
VENKEYS,1475,1629,1279.9,2759.0,9.504813082598163,RANK_GT_125,2017-05-29,2018-01-08,2017-05-26
DHANI,1456,1643,112.4,267.75,110.78629824671637,RANK_GT_125,2017-05-02,2018-01-29,2017-04-28
SAREGAMA,1600,1644,85.78999999999999,69.39835850878647,153.06094444207903,STOP,2017-11-27,2018-01-30,2017-11-24
RAIN,1610,1648,381.4,312.25,55.71876141657153,STOP,2017-12-11,2018-02-05,2017-12-08
RADICO,1643,1648,376.3,311.20216375694287,66.35142975424553,STOP,2018-01-29,2018-02-05,2018-01-25
AVANTIFEED,1475,1657,474.3333333333333,780.7833333333333,24.882958975097175,RANK_GT_125,2017-05-29,2018-02-19,2017-05-26
ONIDA,1629,1666,56.8,50.25,445.4790870114896,LEFT_UNIVERSE,2018-01-08,2018-03-05,2018-01-05
BOMDYEING,1653,1684,252.4,242.75,93.59183487124682,RANK_GT_125,2018-02-12,2018-04-02,2018-02-09
IBULLSLTD,1666,1685,235.0,222.1,94.68686769461985,LEFT_UNIVERSE,2018-03-05,2018-04-03,2018-03-01
GOACARBON,1547,1699,376.2,894.0,40.46756235138465,RANK_GT_125,2017-09-11,2018-04-23,2017-09-08
RAIN,1653,1705,398.8,313.2486865412835,35.59858095239015,STOP,2018-02-12,2018-05-02,2018-02-09
FCL,1689,1718,8.129999999999999,6.800394992079921,2594.3626259444272,STOP,2018-04-09,2018-05-21,2018-04-06
INFINITE,1699,1720,499.0,462.415564056318,45.87249096296134,STOP,2018-04-23,2018-05-23,2018-04-20
BEPL,1524,1728,51.53333333333333,88.13333333333333,230.45379189235769,RANK_GT_125,2017-08-07,2018-06-04,2017-08-04
GPIL,1648,1728,23.177500000000002,20.242127717986982,683.4159609593343,STOP,2018-02-05,2018-06-04,2018-02-02
PGHL,1728,1729,2569.0,2183.1662135845195,7.858762706121982,STOP,2018-06-04,2018-06-05,2018-06-01
INDIAGLYCO,1657,1730,55.70363857155707,43.67798416839074,346.6915198127138,STOP,2018-02-19,2018-06-06,2018-02-16
FSL,1733,1741,79.4,69.92267937028167,50.8345601661868,STOP,2018-06-11,2018-06-21,2018-06-08
MINDTREE,1723,1744,1035.7,925.3716100742449,15.45445994117641,STOP,2018-05-28,2018-06-26,2018-05-25
FSL,1743,1751,74.15,64.24015370805994,47.6497034247935,STOP,2018-06-25,2018-07-05,2018-06-22
GMBREW,1684,1758,638.72,595.96,35.06308239438958,RANK_GT_125,2018-04-02,2018-07-16,2018-03-28
VMART,1753,1759,707.5,597.75,4.300654501986265,STOP,2018-07-09,2018-07-17,2018-07-06
GPIL,1733,1763,21.25,19.2925,1001.7084443865972,RANK_GT_125,2018-06-11,2018-07-23,2018-06-08
GSS,1708,1767,82.25,64.64122870445033,270.43560881320485,STOP,2018-05-07,2018-07-27,2018-05-04
GSS,1768,1771,65.5,88.0,265.2933743655184,LEFT_UNIVERSE,2018-07-30,2018-08-02,2018-07-27
FSL,1758,1776,74.4,64.19835198345487,271.95915866728626,STOP,2018-07-16,2018-08-09,2018-07-13
BAJFINANCE,1763,1798,272.0,251.63573719271503,74.7702488817612,STOP,2018-07-23,2018-09-12,2018-07-20
NELCO,1800,1806,315.0,265.6236092908904,59.372429053640424,STOP,2018-09-17,2018-09-26,2018-09-14
ASTRAZEN,1778,1808,1757.6,1555.0617887590247,10.03466808374604,STOP,2018-08-13,2018-09-28,2018-08-10
VMART,1773,1811,709.9875,582.32532039639,32.28805511188552,STOP,2018-08-06,2018-10-04,2018-08-03
ZENSARTECH,1809,1824,277.45,232.630434947605,43.73831851817157,STOP,2018-10-01,2018-10-24,2018-09-28
CIGNITITEC,1827,1831,360.0,387.05,29.33497875223104,LEFT_UNIVERSE,2018-10-29,2018-11-02,2018-10-26
LTM,1763,1842,1764.0,1567.1632861719313,1.1140111155970727,STOP,2018-07-23,2018-11-20,2018-07-20
COFORGE,1748,1845,221.99,210.26999999999998,64.03697652103625,RANK_GT_125,2018-07-02,2018-11-26,2018-06-29
GRAPHITE,1566,1860,473.5,864.8,35.227619969140626,RANK_GT_125,2017-10-09,2018-12-17,2017-10-06
EXCELINDUS,1723,1860,1489.8,1442.95,16.46436450122986,RANK_GT_125,2018-05-28,2018-12-17,2018-05-25
ADANIENSOL,1845,1865,237.0,200.66659624998186,7.652104461071875e-15,STOP,2018-11-26,2018-12-24,2018-11-22
ASTRAZEN,1809,1869,1565.05,1471.05,12.173644869570504,RANK_GT_125,2018-10-01,2018-12-31,2018-09-28
HEGAM,1529,1879,36.25595605904566,272.8466268451768,156.3201056569341,RANK_GT_125,2017-08-14,2019-01-14,2017-08-11
VINDHYATEL,1869,1885,1917.7,1698.8228582301551,10.272893294097956,STOP,2018-12-31,2019-01-22,2018-12-28
PRAJIND,1879,1885,148.0,131.52147522414487,132.22871332690738,STOP,2019-01-14,2019-01-22,2019-01-11
UNIVCABLES,1845,1889,291.0,229.77338527444,51.958419232707286,STOP,2018-11-26,2019-01-28,2018-11-22
ADANIPOWER,1860,1889,10.47,8.76517206261567,1867.8402647889786,STOP,2018-12-17,2019-01-28,2018-12-14
VINDHYATEL,1889,1900,1623.7,1444.9718113837346,11.819433583135778,STOP,2019-01-28,2019-02-12,2019-01-25
UNIVCABLES,1894,1901,248.0,212.4676634687387,75.01878906610413,STOP,2019-02-04,2019-02-13,2019-02-01
BIRLACABLE,1832,1923,170.0,160.5,66.38930980864977,RANK_GT_125,2018-11-05,2019-03-18,2018-11-02
GSS,1813,1927,102.15,117.9,178.59110795476806,RANK_GT_125,2018-10-08,2019-03-25,2018-10-05
DALMIASUG,1889,1945,95.85,113.0,200.01265564291364,RANK_GT_125,2019-01-28,2019-04-22,2019-01-25
PRAJIND,1904,1945,134.2,139.05,132.70627734449218,RANK_GT_125,2019-02-18,2019-04-22,2019-02-15
SEAMECLTD,1945,1950,482.0,427.3319245805554,42.75946653621894,STOP,2019-04-22,2019-04-30,2019-04-18
MAHASTEEL,1945,1951,174.9,147.0,116.20456338751241,STOP,2019-04-22,2019-05-02,2019-04-18
KILITCH,1894,1958,105.5,86.2,178.60256206980145,RANK_GT_125,2019-02-04,2019-05-13,2019-02-01
VAKRANGEE,1953,1960,62.9,53.1092044567956,306.7208214855119,STOP,2019-05-06,2019-05-15,2019-05-03
63MOONS,1953,1972,155.0,128.71311734191352,111.89544158726797,STOP,2019-05-06,2019-05-31,2019-05-03
MAHASTEEL,1958,1974,157.4,198.05,97.22645423238313,LEFT_UNIVERSE,2019-05-13,2019-06-04,2019-05-10
INOXLEISUR,1973,1977,371.0,330.392185849357,38.58828869117208,STOP,2019-06-03,2019-06-10,2019-05-31
AVADHSUGAR,1977,1985,365.5,307.4526423542159,52.36801814240265,STOP,2019-06-10,2019-06-20,2019-06-07
SEAMECLTD,1963,1993,486.0,484.4,33.3173929302054,LEFT_UNIVERSE,2019-05-20,2019-07-02,2019-05-17
INDIGO,1927,1999,1440.0,1293.0832587348846,13.41032806015232,STOP,2019-03-25,2019-07-10,2019-03-22
MANAPPURAM,1982,1999,142.0,126.03531668777862,89.24649461275176,STOP,2019-06-17,2019-07-10,2019-06-14
IOLCP,1860,2002,32.7,39.96,596.0222443469406,RANK_GT_125,2018-12-17,2019-07-15,2018-12-14
DHAMPURSUG,1869,2002,158.0,193.0,81.97539223780524,RANK_GT_125,2018-12-31,2019-07-15,2018-12-28
AVADHSUGAR,1987,2006,331.7,268.7106630195977,48.249533870733316,STOP,2019-06-24,2019-07-19,2019-06-21
DCMSHRIRAM,2002,2009,540.0,455.3469981387288,34.16616547882604,STOP,2019-07-15,2019-07-24,2019-07-12
JUSTDIAL,2002,2013,787.0,685.4279491262077,23.38430917424437,STOP,2019-07-15,2019-07-30,2019-07-12
TANLA,1997,2014,66.2,55.5,242.33234285038122,STOP,2019-07-08,2019-07-31,2019-07-05
BALRAMCHIN,1923,2021,133.1,116.57680259975677,132.55490900846948,STOP,2019-03-18,2019-08-09,2019-03-15
REDINGTON,2017,2021,52.35,45.48648729731306,233.17281268142733,STOP,2019-08-05,2019-08-09,2019-08-02
AVADHSUGAR,2012,2022,269.75,210.10382422493126,57.3286202782881,STOP,2019-07-29,2019-08-13,2019-07-26
ASIANTILES,2002,2029,223.2,193.51817957774432,82.12284284186671,STOP,2019-07-15,2019-08-23,2019-07-12
NAM-INDIA,2002,2045,225.55,214.92759556553546,56.02324379729135,STOP,2019-07-15,2019-09-18,2019-07-12
JUSTDIAL,2017,2057,685.0,609.5,24.955868832634373,RANK_GT_125,2019-08-05,2019-10-07,2019-08-02
TANLA,2022,2066,54.7,45.6,169.02305215172632,RANK_GT_125,2019-08-13,2019-10-22,2019-08-09
GOLDIAM,2066,2074,19.87500496875124,21.11250527812632,385.4763710630203,LEFT_UNIVERSE,2019-10-22,2019-11-04,2019-10-18
PGHL,1733,2088,2437.5,4255.0,8.424624865610355,RANK_GT_125,2018-06-11,2019-11-25,2018-06-08
CGCL,1904,2088,34.25,46.55,518.3101902232469,RANK_GT_125,2019-02-18,2019-11-25,2019-02-15
GRSE,2074,2095,234.65,197.98196169755056,34.47554971099918,STOP,2019-11-04,2019-12-04,2019-11-01
REDINGTON,2025,2108,51.1,57.925,234.30349793931805,RANK_GT_125,2019-08-19,2019-12-23,2019-08-16
CANFINHOME,2007,2112,385.7,391.2,33.413549199642226,RANK_GT_125,2019-07-22,2019-12-30,2019-07-19
IGARASHI,2112,2117,387.9,334.1535520307198,46.08835563584311,STOP,2019-12-30,2020-01-06,2019-12-27
ADANIPOWER,2022,2122,12.1,12.26,1376.6605051567926,RANK_GT_125,2019-08-13,2020-01-13,2019-08-09
GRSE,2098,2137,211.4,171.3690120566111,83.80882640366096,STOP,2019-12-09,2020-02-03,2019-12-06
SCI,2088,2154,61.0,49.92346262840422,284.1826640513503,STOP,2019-11-25,2020-02-27,2019-11-22
ORISSAMINE,2142,2154,2310.0,1828.0453347369503,6.1802251578908916,STOP,2020-02-10,2020-02-27,2020-02-07
CUPID,2122,2155,2.134,1.8039930916427034,7988.335482843206,STOP,2020-01-13,2020-02-28,2020-01-10
BFUTILITIE,2108,2156,321.5,268.85078672712183,55.69957942159413,STOP,2019-12-23,2020-03-02,2019-12-20
HDFCAMC,2048,2161,1435.5,1450.0,8.337799740366659,RANK_GT_125,2019-09-23,2020-03-09,2019-09-20
NAM-INDIA,2088,2161,378.5,317.0,45.94637616614124,STOP,2019-11-25,2020-03-09,2019-11-22
ISEC,2122,2163,408.0,354.0014336276346,48.27012433718296,STOP,2020-01-13,2020-03-12,2020-01-10
MIDHANI,2156,2163,267.0,204.03669221541503,70.51980242713462,STOP,2020-03-02,2020-03-12,2020-02-28
ALKYLAMINE,2161,2163,609.08,527.1828507260938,18.412140494299372,STOP,2020-03-09,2020-03-12,2020-03-06
EPL,2156,2164,174.05,137.1608822217142,17.792787618171133,STOP,2020-03-02,2020-03-13,2020-02-28
BOSCH-HCIL,2165,2167,2807.0,2198.5783326449487,4.977760949088565,STOP,2020-03-16,2020-03-18,2020-03-13
GMMPFAUDLR,2165,2168,899.9666666666667,680.6666666666666,15.50520380171599,STOP,2020-03-16,2020-03-19,2020-03-13
NAVINFLUOR,2165,2168,1301.25,1050.5,10.637328770545356,STOP,2020-03-16,2020-03-19,2020-03-13
ISEC,2165,2168,366.5,277.4566768274451,6.781020344172737,STOP,2020-03-16,2020-03-19,2020-03-13
ORISSAMINE,2156,2169,1771.3,1173.35,10.010576610201623,STOP,2020-03-02,2020-03-20,2020-02-28
MIDHANI,2165,2170,210.0,152.0,64.69745406337316,STOP,2020-03-16,2020-03-23,2020-03-13
SUVEN,2161,2173,45.65,24.85,343.66520118545105,STOP,2020-03-09,2020-03-26,2020-03-06
SUVEN,2175,2178,22.5,19.35,549.3275727960853,LEFT_UNIVERSE,2020-03-30,2020-04-03,2020-03-27
ORISSAMINE,2170,2205,1114.7,1325.0,10.9096185624993,RANK_GT_125,2020-03-23,2020-05-18,2020-03-20
IOLCP,2205,2225,76.5,63.41941156930599,187.8270920770452,STOP,2020-05-18,2020-06-16,2020-05-15
EPL,2175,2239,151.55,183.1,38.95947254386133,RANK_GT_125,2020-03-30,2020-07-06,2020-03-27
BORORENEW,2239,2243,108.3,88.35,65.47374482749966,STOP,2020-07-06,2020-07-10,2020-07-03
GUJENERGY,2030,2259,178.0,292.0,88.74828469289724,RANK_GT_125,2019-08-26,2020-08-03,2019-08-23
ABBOTINDIA,2170,2274,13500.0,17000.0,0.10357206186702424,RANK_GT_125,2020-03-23,2020-08-24,2020-03-20
ASTEC,2274,2279,1255.0,1030.1909469268658,4.121589792987577,STOP,2020-08-24,2020-08-31,2020-08-21
DCAL,2259,2287,199.4,164.55,112.02143586166879,STOP,2020-08-03,2020-09-10,2020-07-31
NAVINFLUOR,2170,2289,977.0,1989.0,10.788252446427503,RANK_GT_125,2020-03-23,2020-09-14,2020-03-20
IPCALAB,2179,2294,799.95,1085.0,13.208203463867342,RANK_GT_125,2020-04-07,2020-09-21,2020-04-03
NEULANDLAB,2294,2295,1196.1,1008.4562756323755,11.909683586996037,STOP,2020-09-21,2020-09-22,2020-09-18
GMMPFAUDLR,2170,2300,630.0,1144.2666666666667,16.814397662299424,RANK_GT_125,2020-03-23,2020-09-29,2020-03-20
ALKYLAMINE,2170,2318,444.0,1204.0,25.518920577944563,RANK_GT_125,2020-03-23,2020-10-26,2020-03-20
IOLCP,2229,2337,77.2,142.2,153.37598610039262,RANK_GT_125,2020-06-22,2020-11-23,2020-06-19
TANLA,2284,2356,239.2,642.0,17.644751440523457,RANK_GT_125,2020-09-07,2020-12-21,2020-09-04
ESTER,2337,2356,134.15,109.82695919291405,161.60712813334433,STOP,2020-11-23,2020-12-21,2020-11-20
KELLTONTEC,2356,2356,14.969999999999999,12.652029738665702,752.1821065555247,STOP,2020-12-21,2020-12-21,2020-12-18
ICIL,2303,2385,116.0,138.6,164.8711993394989,LEFT_UNIVERSE,2020-10-05,2021-02-02,2020-10-01
AARTIDRUGS,2244,2389,343.7375,680.0,16.727885479002293,RANK_GT_125,2020-07-13,2021-02-08,2020-07-10
LAURUSLABS,2289,2404,256.4,352.35,120.26059038612874,RANK_GT_125,2020-09-14,2021-03-01,2020-09-11
KOPRAN,2318,2405,120.0,119.45,254.50819237884446,LEFT_UNIVERSE,2020-10-26,2021-03-02,2020-10-23
MASTEK,2299,2413,869.0,1222.8,13.738260441506034,RANK_GT_125,2020-09-28,2021-03-15,2020-09-25
KELLTONTEC,2389,2414,16.119999999999997,12.630504352307554,2110.506694749102,STOP,2021-02-08,2021-03-16,2021-02-05
HINDCOPPER,2404,2415,157.0,127.26005111184551,268.2823984446966,STOP,2021-03-01,2021-03-17,2021-02-26
RAMCOSYS,2289,2423,304.8,529.0,28.928858705028432,RANK_GT_125,2020-09-14,2021-03-30,2020-09-11
ADANIGREEN,2057,2431,65.45,1129.95,231.01010562400162,RANK_GT_125,2019-10-07,2021-04-12,2019-10-04
BORORENEW,2413,2431,288.0,237.92052180559756,57.98142874594951,STOP,2021-03-15,2021-04-12,2021-03-12
IIFL,2418,2432,303.0,254.92510177880672,52.95212443656398,STOP,2021-03-22,2021-04-13,2021-03-19
TANLA,2360,2468,687.0,874.7,39.45028596637177,RANK_GT_125,2020-12-28,2021-06-07,2020-12-24
POONAWALLA,2431,2473,114.9,160.0,383.65439794718543,RANK_GT_125,2021-04-12,2021-06-14,2021-04-09
IIFL,2435,2473,269.0,268.7,162.5405867086848,RANK_GT_125,2021-04-19,2021-06-14,2021-04-16
GREENPANEL,2435,2473,219.05,242.0,212.90362975070002,RANK_GT_125,2021-04-19,2021-06-14,2021-04-16
PRAJIND,2468,2473,397.0,379.8,134.59753179110402,RANK_GT_125,2021-06-07,2021-06-14,2021-06-04
ATGL,2409,2474,717.9,1467.7,42.093805738258155,RANK_GT_125,2021-03-08,2021-06-15,2021-03-05
ADANIENSOL,2423,2474,896.0,1446.4,16.97747845325092,RANK_GT_125,2021-03-30,2021-06-15,2021-03-26
RELINFRA,2473,2478,86.75,101.45,602.2215213595368,RANK_GT_125,2021-06-14,2021-06-21,2021-06-11
MMTC,2473,2501,59.05,48.80630509980745,847.4954856050383,STOP,2021-06-14,2021-07-23,2021-06-11
FILATEX,2473,2502,55.175,49.75,934.9763367581039,RANK_GT_125,2021-06-14,2021-07-26,2021-06-11
JSWENERGY,2502,2507,240.95,252.0,207.17066141452517,RANK_GT_125,2021-07-26,2021-08-02,2021-07-23
SHAKTIPUMP,2478,2514,132.08333333333334,113.19539295255836,356.09920993173887,STOP,2021-06-21,2021-08-11,2021-06-18
TNPETRO,2502,2514,134.8,117.79045835645714,373.1862082719561,STOP,2021-07-26,2021-08-11,2021-07-23
FLUOROCHEM,2507,2514,1734.65,1490.7996105387952,29.732788606462012,STOP,2021-08-02,2021-08-11,2021-07-30
INTELLECT,2418,2517,699.0,655.0,2.5944903537539836e-15,RANK_GT_125,2021-03-22,2021-08-16,2021-03-19
HINDCOPPER,2418,2526,127.0,116.95,349.5291555215878,RANK_GT_125,2021-03-22,2021-08-30,2021-03-19
GOKEX,2517,2529,218.1,182.7,228.4459066142528,LEFT_UNIVERSE,2021-08-16,2021-09-02,2021-08-13
SSWL,2531,2535,186.48499999999999,176.5,259.1339858511576,RANK_GT_125,2021-09-06,2021-09-13,2021-09-03
ADANIENT,2418,2545,892.9,1462.0,2.2549485794668747e-31,RANK_GT_125,2021-03-22,2021-09-27,2021-03-19
NELCO,2535,2555,555.2,903.0,88.68027414201723,RANK_GT_125,2021-09-13,2021-10-11,2021-09-09
BALAMINES,2478,2569,2550.0,3390.0,18.81088851537638,RANK_GT_125,2021-06-21,2021-11-01,2021-06-18
DALMIASUG,2473,2570,402.05,399.0,124.52005082104382,LEFT_UNIVERSE,2021-06-14,2021-11-02,2021-06-11
TNPETRO,2517,2570,127.2,124.75,394.33361482048707,LEFT_UNIVERSE,2021-08-16,2021-11-02,2021-08-13
HIKAL,2478,2578,448.0,500.0,106.33219577445227,RANK_GT_125,2021-06-21,2021-11-15,2021-06-18
TIRUMALCHM,2545,2581,285.45,237.500300559107,117.01281185817736,STOP,2021-09-27,2021-11-18,2021-09-24
GOLDIAM,2555,2582,148.80003720000929,125.68379014939438,364.94055816421223,STOP,2021-10-11,2021-11-22,2021-10-08
BCG,2573,2590,46.79999064000187,74.99998500000301,1094.857738157021,LEFT_UNIVERSE,2021-11-08,2021-12-02,2021-11-04
TTML,2573,2597,66.95,155.65,775.8386903193924,RANK_GT_125,2021-11-08,2021-12-13,2021-11-04
ELECON,2517,2607,81.7,82.825,615.4916890990554,RANK_GT_125,2021-08-16,2021-12-27,2021-08-13
DATAMATICS,2526,2627,325.45,321.55,152.7267849467692,RANK_GT_125,2021-08-30,2022-01-24,2021-08-27
TRIDENT,2592,2627,45.35,63.0,1306.319367099216,RANK_GT_125,2021-12-06,2022-01-24,2021-12-03
TEJASNET,2597,2628,454.7,378.94099583954005,139.79807310805788,STOP,2021-12-13,2022-01-25,2021-12-10
JBMA,2627,2638,331.2,281.3674804863136,201.3956141644416,STOP,2022-01-24,2022-02-09,2022-01-21
FLUOROCHEM,2517,2641,1790.0,2795.0,28.701317568229808,RANK_GT_125,2021-08-16,2022-02-14,2021-08-13
JINDWORLD,2641,2645,64.51,56.869897404755996,927.3453506160428,STOP,2022-02-14,2022-02-18,2022-02-11
BORORENEW,2607,2647,632.25,540.0,93.28307292970341,STOP,2021-12-27,2022-02-22,2021-12-24
KPITTECH,2631,2647,654.0,512.0,97.00003543362587,STOP,2022-01-31,2022-02-22,2022-01-28
JBMA,2641,2649,273.0,230.5,218.07458597460817,STOP,2022-02-14,2022-02-24,2022-02-11
ZENTEC,2582,2660,214.0,211.45,249.80348914963585,RANK_GT_125,2021-11-22,2022-03-14,2021-11-18
GLOBUSSPR,2578,2664,1190.0,1379.15,41.58609946680872,RANK_GT_125,2021-11-15,2022-03-21,2021-11-12
JINDWORLD,2646,2692,56.0,61.6,1061.1191938145046,RANK_GT_125,2022-02-21,2022-05-02,2022-02-18
MANINFRA,2569,2693,82.0,106.85,599.3081266137253,LEFT_UNIVERSE,2021-11-01,2022-05-04,2021-10-29
COFFEEDAY,2651,2693,55.0,47.2,1006.79238550791,LEFT_UNIVERSE,2022-02-28,2022-05-04,2022-02-25
BSE,2664,2696,300.0,262.87971271856543,187.6606662721443,STOP,2022-03-21,2022-05-09,2022-03-17
STEELXIND,2692,2696,21.9,18.556935581349762,2852.3177246102564,STOP,2022-05-02,2022-05-09,2022-04-29
ADANIPOWER,2696,2699,59.129999999999995,48.86960092234642,1034.2312217984202,STOP,2022-05-09,2022-05-12,2022-05-06
ALLCARGO,2587,2701,29.463241806908776,28.674047829938004,1864.1621066162436,RANK_GT_125,2021-11-29,2022-05-16,2021-11-26
GMDCLTD,2660,2708,168.0,135.43020922782858,355.66856634611565,STOP,2022-03-14,2022-05-25,2022-03-11
JBMA,2651,2714,225.0,220.0,257.9535845381767,LEFT_UNIVERSE,2022-02-28,2022-06-02,2022-02-25
UGARSUGAR,2701,2714,52.8,54.8,1063.0230591357608,LEFT_UNIVERSE,2022-05-16,2022-06-02,2022-05-13
TTML,2696,2716,139.95,119.25,434.44405368749176,RANK_GT_125,2022-05-09,2022-06-06,2022-05-06
ADANIPOWER,2711,2721,67.74,53.9,828.2327123432541,STOP,2022-05-30,2022-06-13,2022-05-27
GAEL,2716,2725,162.5,125.55426027050231,350.92461855706,STOP,2022-06-06,2022-06-17,2022-06-03
CGPOWER,2651,2726,167.7,167.0,337.3825547180763,RANK_GT_125,2022-02-28,2022-06-20,2022-02-25
CREDITACC,2716,2726,1081.0,885.8267271229952,52.35222039479196,STOP,2022-06-06,2022-06-20,2022-06-03
BDL,2726,2726,406.95,339.1758417282192,103.90048391608427,STOP,2022-06-20,2022-06-20,2022-06-17
STEELXIND,2701,2729,16.0,12.25,3475.2031848048227,STOP,2022-05-16,2022-06-23,2022-05-13
SHARDACROP,2701,2752,675.0,521.269942618379,85.27891352521668,STOP,2022-05-16,2022-07-26,2022-05-13
ADANIPOWER,2726,2774,53.07000000000001,72.01,1006.6585541653782,RANK_GT_125,2022-06-20,2022-08-29,2022-06-17
GMDCLTD,2716,2778,147.35,165.6,379.8346836093279,RANK_GT_125,2022-06-06,2022-09-05,2022-06-03
PCJEWELLER,2778,2788,7.245,7.390000000000001,7898.5959409238385,RANK_GT_125,2022-09-05,2022-09-19,2022-09-02
MRPL,2726,2789,91.5,68.2310258164631,556.1096833053136,STOP,2022-06-20,2022-09-20,2022-06-17
ELECON,2774,2793,180.15,161.54353280904755,307.7080577877125,STOP,2022-08-29,2022-09-26,2022-08-26
VADILALIND,2756,2799,2165.0,2500.0,20.40989012489914,LEFT_UNIVERSE,2022-08-01,2022-10-04,2022-07-29
BDL,2731,2807,368.5,428.5,132.6788512384659,RANK_GT_125,2022-06-27,2022-10-17,2022-06-24
CHENNPETRO,2701,2807,275.0,223.2768519282441,203.07798068682433,STOP,2022-05-16,2022-10-17,2022-05-13
JKIL,2731,2807,292.8,237.3479186124347,88.13399441199718,STOP,2022-06-27,2022-10-17,2022-06-24
RAJRATAN,2788,2811,1324.4,1109.6784244527075,46.08706440270144,STOP,2022-09-19,2022-10-21,2022-09-16
TVSMOTOR,2812,2831,1154.9,1043.4810189657085,0.26574668614190816,STOP,2022-10-24,2022-11-22,2022-10-21
MIRZAINT,2627,2845,21.02159383033419,39.055764287126756,3140.967475472056,RANK_GT_125,2022-01-24,2022-12-12,2022-01-21
FCL,2793,2846,34.71,29.68601459456776,1631.2864355918778,STOP,2022-09-26,2022-12-13,2022-09-23
LIBERTSHOE,2835,2848,370.1,310.2657670702308,0.7447792207640583,STOP,2022-11-28,2022-12-15,2022-11-25
POWERMECH,2850,2853,1107.725,970.1482351749881,54.8496311071038,STOP,2022-12-19,2022-12-22,2022-12-16
KTKBANK,2850,2854,153.45,131.76937494732542,321.127755489761,STOP,2022-12-19,2022-12-23,2022-12-16
ELECON,2798,2855,170.0,167.5,290.65229012170033,RANK_GT_125,2022-10-03,2022-12-26,2022-09-30
RAMASTEEL,2845,2855,11.126666666666667,9.333333333333334,5416.724565389178,STOP,2022-12-12,2022-12-26,2022-12-09
KKCL,2807,2882,479.0,441.0,117.98077394625228,LEFT_UNIVERSE,2022-10-17,2023-02-02,2022-10-14
UNIONBANK,2860,2899,80.9,65.38298001995464,621.1825297383675,STOP,2023-01-02,2023-02-27,2022-12-30
BLS,2731,2913,98.0,157.0,497.4090506908605,RANK_GT_125,2022-06-27,2023-03-20,2022-06-24
KAMDHENU,2884,2914,37.0,30.685587641284776,1397.7912949359047,STOP,2023-02-06,2023-03-21,2023-02-03
MAZDOCK,2802,2929,315.0,350.675,161.0142624074162,RANK_GT_125,2022-10-10,2023-04-17,2022-10-07
KARURVYSYA,2812,2934,77.5,78.70833333333334,757.2642528722401,RANK_GT_125,2022-10-24,2023-04-24,2022-10-21
KAMDHENU,2918,2940,29.8,34.495,1855.3812561149427,LEFT_UNIVERSE,2023-03-27,2023-05-03,2023-03-24
JBMA,2943,2945,418.425,370.99827055717253,156.55435804685817,STOP,2023-05-08,2023-05-10,2023-05-05
MOLDTECH,2904,2962,250.0,343.8,161.48722088070465,LEFT_UNIVERSE,2023-03-06,2023-06-02,2023-03-03
KIRLOSENG,2855,2973,299.95,420.0,174.73830138244503,RANK_GT_125,2022-12-26,2023-06-19,2022-12-23
HARIOMPIPE,2948,2983,559.0,667.7,103.28076931160372,LEFT_UNIVERSE,2023-05-15,2023-07-04,2023-05-12
NUCLEUS,2963,3012,1152.0,983.6467811369771,47.905544321177004,STOP,2023-06-05,2023-08-14,2023-06-02
SAKSOFT,2973,3026,241.92,255.2,294.3477829210043,LEFT_UNIVERSE,2023-06-19,2023-09-04,2023-06-16
JBMA,3016,3026,700.5,775.0,66.86687698037954,LEFT_UNIVERSE,2023-08-21,2023-09-04,2023-08-18
TEXRAIL,3026,3033,149.4,127.30936510004875,177.4157777918499,STOP,2023-09-04,2023-09-13,2023-09-01
JSL,2855,3036,208.0,491.2,190.03264751261742,RANK_GT_125,2022-12-26,2023-09-18,2022-12-23
PATELENG,3026,3059,57.0,47.6,1748.668568958774,STOP,2023-09-04,2023-10-23,2023-09-01
TEXRAIL,3036,3060,145.4,114.54201376876361,738.9046159570662,STOP,2023-09-18,2023-10-25,2023-09-15
POWERMECH,2855,3063,903.525,1814.5,56.8983823142555,RANK_GT_125,2022-12-26,2023-10-30,2022-12-23
RVNL,2913,3063,63.75,158.4,891.9356833131661,RANK_GT_125,2023-03-20,2023-10-30,2023-03-17
GENUSPOWER,3063,3084,254.8,217.02760203806622,386.2219403750984,STOP,2023-10-30,2023-11-30,2023-10-27
CUPID,3086,3096,8.4295,8.6,11755.755185563406,RANK_GT_125,2023-12-04,2023-12-18,2023-12-01
APARINDS,2812,3115,1455.0,5270.1,39.66024242979318,RANK_GT_125,2022-10-24,2024-01-15,2022-10-21
JINDALSAW,2987,3115,142.975,245.725,491.62784623958294,RANK_GT_125,2023-07-10,2024-01-15,2023-07-07
VASCONEQ,3063,3127,76.6,85.45,1289.8546507084434,LEFT_UNIVERSE,2023-10-30,2024-02-02,2023-10-27
TITAGARH,2934,3128,332.5,1070.0,184.98978908940808,RANK_GT_125,2023-04-24,2024-02-05,2023-04-21
NBCC,3128,3132,116.3,97.22691669500945,1107.4011080703654,STOP,2024-02-05,2024-02-09,2024-02-02
FACT,2929,3133,314.95,763.15,190.77881498425998,RANK_GT_125,2023-04-17,2024-02-12,2023-04-13
NBCC,3133,3134,97.83333333333333,81.09108516716547,1245.9208752388809,STOP,2024-02-12,2024-02-13,2024-02-09
ELECTCAST,3133,3134,185.0,157.01780995758213,666.428031422966,STOP,2024-02-12,2024-02-13,2024-02-09
FORCEMOT,3036,3135,3809.0,4400.0,2.0479106012256487,RANK_GT_125,2023-09-18,2024-02-14,2023-09-15
INOXWIND,3138,3151,149.0,118.75,799.9906161764593,STOP,2024-02-19,2024-03-07,2024-02-16
HBLENGINE,3115,3154,465.7,403.7316534253481,248.84572171284125,STOP,2024-01-15,2024-03-13,2024-01-12
ELECTCAST,3138,3154,177.5,142.87924394317474,670.1934429110839,STOP,2024-02-19,2024-03-13,2024-02-16
MRPL,3138,3154,252.0,202.0764492287337,490.3074617605047,STOP,2024-02-19,2024-03-13,2024-02-16
DBREALTY,3128,3155,271.5,215.6,471.3564183887113,STOP,2024-02-05,2024-03-14,2024-02-02
KPIGREEN,3152,3156,604.0166666666667,486.3451747798716,159.11358147573694,STOP,2024-03-11,2024-03-15,2024-03-07
PCJEWELLER,3157,3163,6.4,5.345181377137324,15568.167651130198,STOP,2024-03-18,2024-03-27,2024-03-15
KALYANKJIL,3063,3183,288.45,422.8,342.1513902122763,RANK_GT_125,2023-10-30,2024-04-29,2023-10-27
BSE,3063,3187,620.3333333333334,958.3333333333334,158.38012364773957,RANK_GT_125,2023-10-30,2024-05-06,2023-10-27
SWANCORP,3165,3189,674.0,548.9283311349602,122.72534882823035,STOP,2024-04-01,2024-05-08,2024-03-28
ELECTCAST,3157,3201,158.15,167.85,466.16593118188206,RANK_GT_125,2024-03-18,2024-05-27,2024-03-15
BDL,3201,3208,1580.0,1309.131573360289,61.9428886162897,STOP,2024-05-27,2024-06-05,2024-05-24
HERITGFOOD,3211,3215,714.0,586.0163484282385,112.8939750203539,STOP,2024-06-10,2024-06-14,2024-06-07
INOXWIND,3157,3220,117.8375,141.0,846.9083202214828,RANK_GT_125,2024-03-18,2024-06-24,2024-03-15
ANANDRATHI,3096,3226,647.4875,965.0,155.2071846578187,LEFT_UNIVERSE,2023-12-18,2024-07-02,2023-12-15
GRSE,3230,3242,2716.9,2285.252822629745,47.105431321521685,STOP,2024-07-08,2024-07-25,2024-07-05
IRFC,3115,3244,116.7,185.92,1011.8409372291984,RANK_GT_125,2024-01-15,2024-07-29,2024-01-12
KPIGREEN,3157,3244,500.0,639.3333333333334,204.95006458638102,RANK_GT_125,2024-03-18,2024-07-29,2024-03-15
MRPL,3157,3244,208.25,216.01,460.2229018129145,RANK_GT_125,2024-03-18,2024-07-29,2024-03-15
AEGISLOG,3244,3248,894.3,763.580481530832,135.96430448986402,STOP,2024-07-29,2024-08-02,2024-07-26
SWSOLAR,3192,3249,703.05,641.0,151.53928656678264,RANK_GT_125,2024-05-13,2024-08-05,2024-05-10
IFCI,3244,3254,84.1,68.11,1460.04896139872,RANK_GT_125,2024-07-29,2024-08-12,2024-07-26
SHAKTIPUMP,3249,3254,778.3333333333334,754.1666666666666,153.23449159731885,RANK_GT_125,2024-08-05,2024-08-12,2024-08-02
GRSE,3244,3259,2248.0,1774.269444618796,54.95102361553966,STOP,2024-07-29,2024-08-20,2024-07-26
HUDCO,3187,3263,221.0,286.0,522.0669728972406,RANK_GT_125,2024-05-06,2024-08-26,2024-05-03
KIRLOSBROS,3244,3263,2266.25,1840.0921706168876,54.26194413070281,STOP,2024-07-29,2024-08-26,2024-07-26
BBL,3216,3269,5049.0,5285.05,13.024748660726802,LEFT_UNIVERSE,2024-06-18,2024-09-03,2024-06-14
OIL,3249,3278,590.9,585.0,197.51698390916778,RANK_GT_125,2024-08-05,2024-09-16,2024-08-02
COCHINSHIP,3183,3288,1364.25,1730.0,87.68573886737862,RANK_GT_125,2024-04-29,2024-09-30,2024-04-26
PCJEWELLER,3288,3293,17.44,14.322,7103.215750240549,STOP,2024-09-30,2024-10-08,2024-09-27
REFEX,3273,3297,411.0,495.0,192.5055986735933,RANK_GT_125,2024-09-09,2024-10-14,2024-09-06
GMRP&UI,3263,3317,128.16,105.80530787307565,904.6882124012213,STOP,2024-08-26,2024-11-11,2024-08-23
HERITGFOOD,3220,3319,564.75,478.9197739908708,209.65602127066558,STOP,2024-06-24,2024-11-13,2024-06-21
TBZ,3297,3319,282.7,226.80266817941646,366.87274248725026,STOP,2024-10-14,2024-11-13,2024-10-11
BASF,3254,3321,7350.0,6252.435995904829,15.362267510204443,STOP,2024-08-12,2024-11-18,2024-08-09
GODFRYPHLP,3268,3324,2183.3333333333335,1871.3441408126707,51.14370535927994,STOP,2024-09-02,2024-11-22,2024-08-30
KITEX,3321,3335,206.6,243.33333333333334,492.2506789327855,RANK_GT_125,2024-11-18,2024-12-09,2024-11-14
IIFLCAPS,3278,3359,317.2,266.8666038419985,359.31050925310944,STOP,2024-09-16,2025-01-13,2024-09-13
PAYTM,3325,3368,913.8,774.6621474299582,111.75340693373266,STOP,2024-11-25,2025-01-24,2024-11-22
GRWRHITECH,3321,3369,4320.0,3588.1002588706733,23.347312242754313,STOP,2024-11-18,2025-01-27,2024-11-14
GRAVITA,3263,3370,2159.15,1771.350831009755,51.64448751552385,STOP,2024-08-26,2025-01-28,2024-08-23
BSE,3364,3370,2023.3333333333333,1771.8567520891252,49.804012770188834,STOP,2025-01-20,2025-01-28,2025-01-17
DEEPAKFERT,3321,3381,1283.0,1062.5652204135974,58.53979597576975,STOP,2024-11-18,2025-02-12,2024-11-14
NEULANDLAB,3297,3383,14700.0,12170.02293713294,8.15787242696239,STOP,2024-10-14,2025-02-14,2024-10-11
KIRIINDUS,3374,3383,613.0,534.3356609569605,100.72471823838566,STOP,2025-02-03,2025-02-14,2025-01-31
63MOONS,3369,3384,751.0,617.8978879111331,114.58490148105035,STOP,2025-01-27,2025-02-17,2025-01-24
GOLDIAM,3335,3385,317.85007946251983,263.8985816704387,357.4286074644956,STOP,2024-12-09,2025-02-18,2024-12-06
BSE,3374,3392,1777.0,1529.6826856295152,54.82452022219813,STOP,2025-02-03,2025-02-28,2025-01-31
ANUP,3389,3394,3175.0,2701.0,24.315958181060495,LEFT_UNIVERSE,2025-02-24,2025-03-04,2025-02-21
BSE,3393,3399,1538.3333333333333,1254.0660402730414,53.5612234030618,STOP,2025-03-03,2025-03-11,2025-02-28
GREAVESCOT,3384,3402,260.7,210.91290872319064,334.54424616566877,STOP,2025-02-17,2025-03-17,2025-02-14
63MOONS,3389,3413,669.0,812.5,129.94874037068928,LEFT_UNIVERSE,2025-02-24,2025-04-02,2025-02-21
TAJGVK,3407,3415,515.0,429.9268181093342,136.1895303511642,STOP,2025-03-24,2025-04-04,2025-03-21
BLUEJET,3398,3416,871.0,653.6,76.06422687242626,STOP,2025-03-10,2025-04-07,2025-03-07
WOCKPHARMA,3325,3437,1295.05,1284.0,68.3307141808253,RANK_GT_125,2024-11-25,2025-05-12,2024-11-22
TARIL,3416,3442,470.95,505.55,169.92368208571048,RANK_GT_125,2025-04-07,2025-05-19,2025-04-04
AVALON,3420,3447,844.0,875.0,70.80098706660382,RANK_GT_125,2025-04-15,2025-05-26,2025-04-11
ACUTAAS,3384,3452,1077.2,1170.0,81.01591323141439,RANK_GT_125,2025-02-17,2025-06-02,2025-02-14
KIRIINDUS,3384,3452,530.0,640.0,74.58615833730121,RANK_GT_125,2025-02-17,2025-06-02,2025-02-14
VIMTALABS,3437,3453,489.25,485.0,171.91053617727917,LEFT_UNIVERSE,2025-05-12,2025-06-03,2025-05-09
PGEL,3254,3457,431.1,776.0,261.4940229077558,RANK_GT_125,2024-08-12,2025-06-09,2024-08-09
BSE,3457,3463,2970.0,2637.3233327322823,30.627105345429317,STOP,2025-06-09,2025-06-17,2025-06-06
CAMLINFINE,3416,3467,130.1,293.05,559.4896659574007,RANK_GT_125,2025-04-07,2025-06-23,2025-04-04
CARTRADE,3374,3472,1750.0,1600.0,58.717081077262144,RANK_GT_125,2025-02-03,2025-06-30,2025-01-31
BAJAJHCARE,3402,3472,639.6,512.05,104.38946358426553,RANK_GT_125,2025-03-17,2025-06-30,2025-03-13
NH,3472,3474,2225.0,2025.9247369187578,40.15864126723077,STOP,2025-06-30,2025-07-02,2025-06-27
SOLARINDS,3467,3481,17050.0,15663.5396101718,5.361775476197152,STOP,2025-06-23,2025-07-11,2025-06-20
APOLLO,3452,3492,188.7,171.4,462.7340661924584,RANK_GT_125,2025-06-02,2025-07-28,2025-05-30
BLUEJET,3457,3492,899.75,781.7100077470141,99.7340276427569,STOP,2025-06-09,2025-07-28,2025-06-06
BDL,3442,3496,1879.0,1586.2191566261806,46.71193680579583,STOP,2025-05-19,2025-08-01,2025-05-16
GRSE,3447,3513,2761.0,2332.6188440622836,22.565785062525805,STOP,2025-05-26,2025-08-28,2025-05-23
CEMPRO,3467,3513,794.1,709.6089028274422,113.06996214833028,STOP,2025-06-23,2025-08-28,2025-06-20
PARADEEP,3515,3520,218.01,187.32347044871875,412.1062856437249,STOP,2025-09-01,2025-09-08,2025-08-29
GRMOVER,3482,3525,125.8,119.98333333333333,707.7824656311166,RANK_GT_125,2025-07-14,2025-09-15,2025-07-11
IXIGO,3525,3526,309.2,265.2638133585471,292.0465739890943,STOP,2025-09-15,2025-09-16,2025-09-12
POWERINDIA,3497,3536,20650.0,17860.051909379166,4.12741166606994,STOP,2025-08-04,2025-09-30,2025-08-01
POCL,3530,3536,530.28,452.7780311545572,171.81276961734025,STOP,2025-09-22,2025-09-30,2025-09-19
BANCOINDIA,3539,3545,855.5,736.7948906767126,82.37931956637571,STOP,2025-10-06,2025-10-14,2025-10-03
SMLMAH,3497,3549,3564.0,2914.6930011677214,24.434162918139393,STOP,2025-08-04,2025-10-20,2025-08-01
GODFRYPHLP,3472,3553,3083.3333333333335,3144.9,30.151621226140666,RANK_GT_125,2025-06-30,2025-10-27,2025-06-27
IXIGO,3549,3556,330.3,283.75447793117064,182.66294597487587,STOP,2025-10-20,2025-10-30,2025-10-17
NETWEB,3539,3559,4318.0,3689.585172848045,20.21031123500847,STOP,2025-10-06,2025-11-04,2025-10-03
TFCILTD,3525,3569,72.8,66.27245932949458,1237.9712376685668,STOP,2025-09-15,2025-11-19,2025-09-12
GARUDA,3562,3572,243.5,205.93645778565627,304.4008085694355,STOP,2025-11-10,2025-11-24,2025-11-07
ABDL,3558,3578,666.0,598.3025395768179,79.1459288671154,STOP,2025-11-03,2025-12-02,2025-10-31
JAYNECOIND,3553,3581,79.69,68.04519636816336,1033.2642242818088,STOP,2025-10-27,2025-12-05,2025-10-24
GVT&D,3553,3582,2910.5,2773.0,28.00824647604036,RANK_GT_125,2025-10-27,2025-12-08,2025-10-24
CARTRADE,3577,3583,3118.6,2689.7942189200726,19.98083303833372,STOP,2025-12-01,2025-12-09,2025-11-28
APOLLO,3515,3585,264.5,228.054460153033,340.9572229714169,STOP,2025-09-01,2025-12-11,2025-08-29
SMLMAH,3582,3600,3344.0,4128.0,9.123647369726044,LEFT_UNIVERSE,2025-12-08,2026-01-02,2025-12-05
GABRIEL,3477,3601,946.95,1052.0,94.1642982747967,RANK_GT_125,2025-07-07,2026-01-05,2025-07-04
IMFA,3582,3611,1330.9,1123.4380599956116,61.68696787673329,STOP,2025-12-08,2026-01-20,2025-12-05
YATRA,3582,3614,172.6,141.75736788142785,472.48908075910475,STOP,2025-12-08,2026-01-23,2025-12-05
ASHAPURMIN,3587,3615,746.25,656.9228951811884,110.37251383455263,STOP,2025-12-15,2026-01-27,2025-12-12
FORCEMOT,3452,3619,12742.0,18710.0,4.265677030421003,RANK_GT_125,2025-06-02,2026-02-02,2025-05-30
NATIONALUM,3615,3630,375.55,336.9737721535657,210.22787188705212,STOP,2026-01-27,2026-02-17,2026-01-23
KMEW,3601,3634,1879.9,1563.8968104167845,48.22710087583693,STOP,2026-01-05,2026-02-23,2026-01-02
AVANTIFEED,3634,3643,1400.0,1141.4,50.298216183301314,STOP,2026-02-23,2026-03-09,2026-02-20
NETWEB,3615,3648,3118.7,3170.0,18.121006382415032,RANK_GT_125,2026-01-27,2026-03-16,2026-01-23
HINDCOPPER,3601,3648,554.95,478.25133571283493,81.52670564868686,STOP,2026-01-05,2026-03-16,2026-01-02
JAYNECOIND,3587,3653,72.55,71.8,666.423283801412,RANK_GT_125,2025-12-15,2026-03-23,2025-12-12
KMEW,3648,3679,1517.7,2052.6,24.511590261698544,LEFT_UNIVERSE,2026-03-16,2026-05-05,2026-03-13
AEROFLEX,3683,3684,424.8,374.2084676542949,117.72956249107888,STOP,2026-05-11,2026-05-12,2026-05-08
LUMAXTECH,3572,3693,1339.0,1624.9,60.90560901610013,RANK_GT_125,2025-11-24,2026-05-25,2025-11-21
AVANTIFEED,3648,3711,1191.3,970.8101256487839,64.60645596118866,STOP,2026-03-16,2026-06-19,2026-03-13
MTARTECH,3619,3716,3079.9,7621.0,27.339867939857175,RANK_GT_125,2026-02-02,2026-06-29,2026-01-30
NATIONALUM,3639,3716,341.85,334.05,219.30972508148741,RANK_GT_125,2026-03-02,2026-06-29,2026-02-27
HINDCOPPER,3653,3721,475.0,501.0,163.47804481749358,RANK_GT_125,2026-03-23,2026-07-06,2026-03-20
BLISSGVS,3688,3721,273.3,505.95,160.23365315639248,RANK_GT_125,2026-05-18,2026-07-06,2026-05-15
SYRMA,3716,3735,1440.0,1285.7977678239777,89.53827720041413,STOP,2026-06-29,2026-07-24,2026-06-25
HFCL,3712,3738,218.99,181.5450243608071,284.6952080628109,STOP,2026-06-22,2026-07-29,2026-06-19
E2E,3736,3751,534.0,698.0,214.3060194103453,RANK_GT_125,2026-07-27,2026-08-17,2026-07-24
BAJAJCON,3653,3756,365.0,478.9,23.747666055448878,RANK_GT_125,2026-03-23,2026-08-24,2026-03-20
HFCL,3741,3766,196.95,239.0,260.85715176237494,RANK_GT_125,2026-08-03,2026-09-07,2026-07-31
ACUTAAS,3619,3780,1818.0,3272.5,36.96469775727804,RANK_GT_125,2026-02-02,2026-09-28,2026-01-30
