kind,date,url,path,retrieved_at,sha256,bytes
bhav,2026-10-07,https://nsearchives.nseindia.com/products/content/sec_bhavdata_full_07102026.csv,data/raw/bhav/2026-10-07.csv,2026-10-07T21:04:53+05:30,b0471d0b4fd0b2269015fd12fd3a991f6fbe1ae6e9b386f7d93eda518f1d8328,399943
bhav,2026-10-06,https://nsearchives.nseindia.com/products/content/sec_bhavdata_full_06102026.csv,data/raw/bhav/2026-10-06.csv,2026-10-07T21:04:54+05:30,98badad62b360b3f1430e3f818914f956abe2cab4b1b2d58a25ef8ce1f55ef2c,399668
bhav,2026-10-05,https://nsearchives.nseindia.com/products/content/sec_bhavdata_full_05102026.csv,data/raw/bhav/2026-10-05.csv,2026-10-07T21:04:54+05:30,01d7601769534957dbff4102fdf8b009cf4bbea1a3c0283419c7b3e8ea366a8a,399103
bhav,2026-10-02,https://nsearchives.nseindia.com/products/content/sec_bhavdata_full_02102026.csv,data/raw/bhav/2026-10-02.csv,2026-10-07T21:04:54+05:30,a59ef1a612abd664c4d002b2819c8e4e6764ad6bb8923764b3070bed2d10e336,401205
bhav,2026-10-01,https://nsearchives.nseindia.com/products/content/sec_bhavdata_full_01102026.csv,data/raw/bhav/2026-10-01.csv,2026-10-07T21:04:55+05:30,a59ef1a612abd664c4d002b2819c8e4e6764ad6bb8923764b3070bed2d10e336,401205
bhav,2026-09-30,https://nsearchives.nseindia.com/products/content/sec_bhavdata_full_30092026.csv,data/raw/bhav/2026-09-30.csv,2026-10-07T21:04:55+05:30,d7c50dbb8c51d6dec20cee52bb478887a5d3c95946fa27539e89b83476ce0d89,399899
bhav,2026-09-29,https://nsearchives.nseindia.com/products/content/sec_bhavdata_full_29092026.csv,data/raw/bhav/2026-09-29.csv,2026-10-07T21:04:55+05:30,07a370a380d0d99b56583451f4068a91bc9ddf9bc0bf936a5ae7524a087cdc36,399760
bhav,2026-09-28,https://nsearchives.nseindia.com/products/content/sec_bhavdata_full_28092026.csv,data/raw/bhav/2026-09-28.csv,2026-10-07T21:04:56+05:30,e8c487d91661ed1618dd9f2b448dff05fc90343f1a107969bf03538598e21739,399768
bhav,2026-09-25,https://nsearchives.nseindia.com/products/content/sec_bhavdata_full_25092026.csv,data/raw/bhav/2026-09-25.csv,2026-10-07T21:04:56+05:30,002d5f0bfc3b4f18e88b10916a8753238cf460acc04b4296217766f4749facac,396933
bhav,2026-09-24,https://nsearchives.nseindia.com/products/content/sec_bhavdata_full_24092026.csv,data/raw/bhav/2026-09-24.csv,2026-10-07T21:04:56+05:30,d0473a97ff31476e8afdc520cc4c01ad4673638bf45fc81086703d45705172cd,395867
bhav,2026-09-23,https://nsearchives.nseindia.com/products/content/sec_bhavdata_full_23092026.csv,data/raw/bhav/2026-09-23.csv,2026-10-07T21:04:56+05:30,ac220b4297df1a4fbf45fdaf15ac920d6cdb75f8e119a2609cdb5a36a950b641,398750
bhav,2026-09-22,https://nsearchives.nseindia.com/products/content/sec_bhavdata_full_22092026.csv,data/raw/bhav/2026-09-22.csv,2026-10-07T21:04:57+05:30,bf0e2724f716ec7b30197677775fa9db6dc22fcaf2207b7889299975f9c26ce1,397662
bhav,2026-09-21,https://nsearchives.nseindia.com/products/content/sec_bhavdata_full_21092026.csv,data/raw/bhav/2026-09-21.csv,2026-10-07T21:04:57+05:30,8e21f796a3a72a87da10f1ce404bcdadd2258fe1e0529772f7505745bc076011,400963
bhav,2026-09-18,https://nsearchives.nseindia.com/products/content/sec_bhavdata_full_18092026.csv,data/raw/bhav/2026-09-18.csv,2026-10-07T21:04:57+05:30,b01629d95bd5cb62e3c76bfb327a1cb03b5996f5186091d82470b0c8b21846ce,397444
bhav,2026-09-17,https://nsearchives.nseindia.com/products/content/sec_bhavdata_full_17092026.csv,data/raw/bhav/2026-09-17.csv,2026-10-07T21:04:58+05:30,e797ae9357d275555b0d18bf7e18e0a498c6ef11acd76f0c59b148bbe63424a5,393799
bhav,2026-09-16,https://nsearchives.nseindia.com/products/content/sec_bhavdata_full_16092026.csv,data/raw/bhav/2026-09-16.csv,2026-10-07T21:04:58+05:30,5a8b8df0a19b3155982598b7d22b054d453f6a8bed13941463860828099f7369,394695
bhav,2026-09-15,https://nsearchives.nseindia.com/products/content/sec_bhavdata_full_15092026.csv,data/raw/bhav/2026-09-15.csv,2026-10-07T21:04:58+05:30,6d1517bb90a7cc291ef118ed1a90a13762ddae612ea2a8ac09b9d3d9a0981354,399202
bhav,2026-09-14,https://nsearchives.nseindia.com/products/content/sec_bhavdata_full_14092026.csv,data/raw/bhav/2026-09-14.csv,2026-10-07T21:04:58+05:30,b87ff28f3b73d59eb3f29cdd3d5b8c42236865317cc5f9dc4772d0f8f23236b0,394927
bhav,2026-09-11,https://nsearchives.nseindia.com/products/content/sec_bhavdata_full_11092026.csv,data/raw/bhav/2026-09-11.csv,2026-10-07T21:04:59+05:30,b87ff28f3b73d59eb3f29cdd3d5b8c42236865317cc5f9dc4772d0f8f23236b0,394927
bhav,2026-09-10,https://nsearchives.nseindia.com/products/content/sec_bhavdata_full_10092026.csv,data/raw/bhav/2026-09-10.csv,2026-10-07T21:04:59+05:30,95be7b5566893d96ab21dc66518ba3e482e7ec139924bfa646a08ac089368d27,396664
bhav,2026-09-09,https://nsearchives.nseindia.com/products/content/sec_bhavdata_full_09092026.csv,data/raw/bhav/2026-09-09.csv,2026-10-07T21:04:59+05:30,120371c9c79068404068434866b0a1ce6342833843a8b7ae92d5cc1ca98b7405,398134
bhav,2026-09-08,https://nsearchives.nseindia.com/products/content/sec_bhavdata_full_08092026.csv,data/raw/bhav/2026-09-08.csv,2026-10-07T21:04:59+05:30,070fe83c72beabb064a0b8fe7ec75f2577926ff4e9757d26c72810fd32e02888,397710
bhav,2026-09-07,https://nsearchives.nseindia.com/products/content/sec_bhavdata_full_07092026.csv,data/raw/bhav/2026-09-07.csv,2026-10-07T21:04:59+05:30,a04771d0cbca48316dbe9f5e1520ec338b2d9cd0f9f5185a9fb7aa547d5bed0f,399239
bhav,2026-09-04,https://nsearchives.nseindia.com/products/content/sec_bhavdata_full_04092026.csv,data/raw/bhav/2026-09-04.csv,2026-10-07T21:05:00+05:30,7cab52d4d2b1bf65838fd8b5f7d8e4744ba40de052c942f53197e580f08d7151,397073
bhav,2026-09-03,https://nsearchives.nseindia.com/products/content/sec_bhavdata_full_03092026.csv,data/raw/bhav/2026-09-03.csv,2026-10-07T21:05:00+05:30,14a8a84c35e94b4c61583f80808bd0ce3228ca2cc7c74128faa968d673d9def5,395114
bhav,2026-09-02,https://nsearchives.nseindia.com/products/content/sec_bhavdata_full_02092026.csv,data/raw/bhav/2026-09-02.csv,2026-10-07T21:05:00+05:30,a716d787c7d69f25c13de46bed6c6fed45dedbca531f1d997f8ac867faa3ea09,394524
bhav,2026-09-01,https://nsearchives.nseindia.com/products/content/sec_bhavdata_full_01092026.csv,data/raw/bhav/2026-09-01.csv,2026-10-07T21:05:01+05:30,1e47f1836c1ba6b94acc80d82483f50832f1ea7df6dcee7ac902fff3b03fe80d,396242
bhav,2026-08-31,https://nsearchives.nseindia.com/products/content/sec_bhavdata_full_31082026.csv,data/raw/bhav/2026-08-31.csv,2026-10-07T21:05:01+05:30,d8d1a2796cf5dd5dc890c25bf4b6b994f244083f857ab56c0bdf3d7b717d7f4b,394397
bhav,2026-08-28,https://nsearchives.nseindia.com/products/content/sec_bhavdata_full_28082026.csv,data/raw/bhav/2026-08-28.csv,2026-10-07T21:05:02+05:30,4bb1d2bf18f9323e08af21b3e2341281b0742ef5e13903d8aae508036ba3fdba,391621
bhav,2026-08-27,https://nsearchives.nseindia.com/products/content/sec_bhavdata_full_27082026.csv,data/raw/bhav/2026-08-27.csv,2026-10-07T21:05:02+05:30,29965ac560f6255060a3b23a94017e946aa7dc1e7cb111732ba335287c27c547,391423
index,2026-10-07,https://nsearchives.nseindia.com/content/indices/ind_close_all_07102026.csv,data/raw/index/2026-10-07.csv,2026-10-07T21:05:02+05:30,0f38819cbf6b4ed40d7c0f4a4668353004917ae61033d68505ad333cda4f645a,15807
index,2026-10-06,https://nsearchives.nseindia.com/content/indices/ind_close_all_06102026.csv,data/raw/index/2026-10-06.csv,2026-10-07T21:05:02+05:30,aa9e81cd713d8a949700009b131c87c2e5752d59e01797d39989799d6256bbf7,17530
index,2026-10-05,https://nsearchives.nseindia.com/content/indices/ind_close_all_05102026.csv,data/raw/index/2026-10-05.csv,2026-10-07T21:05:02+05:30,f0b8004e9bc79b11cff3c939cb42cdeb4a31b71ebd03942b98b57f44fa3bc9ba,17473
index,2026-10-01,https://nsearchives.nseindia.com/content/indices/ind_close_all_01102026.csv,data/raw/index/2026-10-01.csv,2026-10-07T21:05:03+05:30,b79b5e5c401578b41b44f7bad032e4865a3cd9aa7475a527766c06d134d3b85d,17852
index,2026-09-30,https://nsearchives.nseindia.com/content/indices/ind_close_all_30092026.csv,data/raw/index/2026-09-30.csv,2026-10-07T21:05:03+05:30,7b3d0e049ca855bbe51f9e0a8afce106bfd0fef927122b60db46a5572183dcae,17451
index,2026-09-29,https://nsearchives.nseindia.com/content/indices/ind_close_all_29092026.csv,data/raw/index/2026-09-29.csv,2026-10-07T21:05:03+05:30,55f008e185097633d260df33469a5ddd52582b7788f63e9f0b09765eb5952c9a,17673
index,2026-09-28,https://nsearchives.nseindia.com/content/indices/ind_close_all_28092026.csv,data/raw/index/2026-09-28.csv,2026-10-07T21:05:03+05:30,7828f79772a28c3fb9ec02bd5a3ce2b3103f3b9a24f2fcedc4525ef1d93e21b9,17811
index,2026-09-25,https://nsearchives.nseindia.com/content/indices/ind_close_all_25092026.csv,data/raw/index/2026-09-25.csv,2026-10-07T21:05:04+05:30,a8d84e9836956bb152b7b49652b790ae746b6a5bf1ce406e19e9c1e699dae3d1,17285
index,2026-09-24,https://nsearchives.nseindia.com/content/indices/ind_close_all_24092026.csv,data/raw/index/2026-09-24.csv,2026-10-07T21:05:04+05:30,1294af772ccb9331c6a10fd7578171fca151344032e481eefe805bbb768474a2,17785
index,2026-09-23,https://nsearchives.nseindia.com/content/indices/ind_close_all_23092026.csv,data/raw/index/2026-09-23.csv,2026-10-07T21:05:04+05:30,de1aa34349bcc2fafc2ff46992da9268c9d727e8c59fc46080941093a1cbd4ee,17343
index,2026-09-22,https://nsearchives.nseindia.com/content/indices/ind_close_all_22092026.csv,data/raw/index/2026-09-22.csv,2026-10-07T21:05:04+05:30,40226efad34cb149a6a4b6bce14dd8442c9399f414c3048c23a38148293f9836,17494
index,2026-09-21,https://nsearchives.nseindia.com/content/indices/ind_close_all_21092026.csv,data/raw/index/2026-09-21.csv,2026-10-07T21:05:04+05:30,4e173caf37edb1a0c681d5c3bf9bb9e330e90a27d1ac2cadfcf40d80996e4314,17367
index,2026-09-18,https://nsearchives.nseindia.com/content/indices/ind_close_all_18092026.csv,data/raw/index/2026-09-18.csv,2026-10-07T21:05:05+05:30,16e77c60ff230e92573f887d6bb78a6823dfc4f620e45d7ef664772635db8047,17449
index,2026-09-17,https://nsearchives.nseindia.com/content/indices/ind_close_all_17092026.csv,data/raw/index/2026-09-17.csv,2026-10-07T21:05:05+05:30,5adbffd5e9372256df0d5be5a5db4da5b12ec389d79909ff2aefdaf050cc30d5,17351
index,2026-09-16,https://nsearchives.nseindia.com/content/indices/ind_close_all_16092026.csv,data/raw/index/2026-09-16.csv,2026-10-07T21:05:05+05:30,de0300a9cc81bb4f18e7ed013637f8a95134acef5f5ce644632657d5c3636611,17351
index,2026-09-15,https://nsearchives.nseindia.com/content/indices/ind_close_all_15092026.csv,data/raw/index/2026-09-15.csv,2026-10-07T21:05:05+05:30,9aa2793896f66f80c62ddbbfaa2219b421df37533f5003d1fa52d9974df39883,17781
index,2026-09-11,https://nsearchives.nseindia.com/content/indices/ind_close_all_11092026.csv,data/raw/index/2026-09-11.csv,2026-10-07T21:05:06+05:30,f06ff0c1f6208e4fae755f9ae4b8bb510d62db2fdf2f27a81f1f8f5fabdca02f,17460
index,2026-09-10,https://nsearchives.nseindia.com/content/indices/ind_close_all_10092026.csv,data/raw/index/2026-09-10.csv,2026-10-07T21:05:06+05:30,131d6d88a85cc814b4ee3b75cad52ddc6af649eb4a84490b3d05131e4a01a35b,17359
index,2026-09-09,https://nsearchives.nseindia.com/content/indices/ind_close_all_09092026.csv,data/raw/index/2026-09-09.csv,2026-10-07T21:05:06+05:30,3a79b97b63977d511a2c670dbb84dde354d76df2aff41e8b9f1b6e4c2e521d3b,17538
index,2026-09-08,https://nsearchives.nseindia.com/content/indices/ind_close_all_08092026.csv,data/raw/index/2026-09-08.csv,2026-10-07T21:05:06+05:30,1f76a8e854e49c5432e9fbaff3cd76001ef9a7a207d080cbb043fbd932b61bce,17299
index,2026-09-07,https://nsearchives.nseindia.com/content/indices/ind_close_all_07092026.csv,data/raw/index/2026-09-07.csv,2026-10-07T21:05:06+05:30,a1bdc3b99faf9abd73c63bff3dc9dfdcb12312aab06e159e09497fe247bfb890,17452
index,2026-09-04,https://nsearchives.nseindia.com/content/indices/ind_close_all_04092026.csv,data/raw/index/2026-09-04.csv,2026-10-07T21:05:07+05:30,5d1d7c9b2d9c804dd31a892a714824b30bf26d5a2e19c3128685acd0f18981b2,17325
index,2026-09-03,https://nsearchives.nseindia.com/content/indices/ind_close_all_03092026.csv,data/raw/index/2026-09-03.csv,2026-10-07T21:05:07+05:30,6bbcc674556e9240dfb006f0baf950dbb4d3ce03a659af0a1ae96fbcef054514,17339
index,2026-09-02,https://nsearchives.nseindia.com/content/indices/ind_close_all_02092026.csv,data/raw/index/2026-09-02.csv,2026-10-07T21:05:07+05:30,4a6ce2a43d1a25c930855283303fd2f2ae1f242831e7e40d225717640b30b983,17521
index,2026-09-01,https://nsearchives.nseindia.com/content/indices/ind_close_all_01092026.csv,data/raw/index/2026-09-01.csv,2026-10-07T21:05:07+05:30,ca8c18abec5b57992c9d0d6a04ab57718b108039f963664e82bc610601f1be26,17565
index,2026-08-31,https://nsearchives.nseindia.com/content/indices/ind_close_all_31082026.csv,data/raw/index/2026-08-31.csv,2026-10-07T21:05:07+05:30,fa17c80312dfa3e591a141c142c6706b2275781f627363a38a344ea55a0a85f7,17481
index,2026-08-28,https://nsearchives.nseindia.com/content/indices/ind_close_all_28082026.csv,data/raw/index/2026-08-28.csv,2026-10-07T21:05:08+05:30,3ba69bd0f8ddf25022271cb7e43008ea865a55ba5b57cb311cad9fabee28f875,17292
index,2026-08-27,https://nsearchives.nseindia.com/content/indices/ind_close_all_27082026.csv,data/raw/index/2026-08-27.csv,2026-10-07T21:05:08+05:30,efd7fb80e4251baeb838686a46c18bdbad2b5aca9feb3ea02ed916858a1107f6,17430
index,2026-08-26,https://nsearchives.nseindia.com/content/indices/ind_close_all_26082026.csv,data/raw/index/2026-08-26.csv,2026-10-07T21:05:08+05:30,5661130f618a531cd6279713b0f10c32b45df711ffe62a2e90d8abd077f16543,17299
index,2026-08-25,https://nsearchives.nseindia.com/content/indices/ind_close_all_25082026.csv,data/raw/index/2026-08-25.csv,2026-10-07T21:05:08+05:30,9159e07f6043daaf872661ee6a4068d017fed1b33877940a056624cb12059913,17168
index,2026-08-24,https://nsearchives.nseindia.com/content/indices/ind_close_all_24082026.csv,data/raw/index/2026-08-24.csv,2026-10-07T21:05:08+05:30,937dde38fc0a6ed1a17ff23e2ab8138a46077246f6157bbc7a575f0ae2ac7bc4,17214
index,2026-08-21,https://nsearchives.nseindia.com/content/indices/ind_close_all_21082026.csv,data/raw/index/2026-08-21.csv,2026-10-07T21:05:09+05:30,7a318e3b05c31278b73533cafbd7a8f26baf489a6e74af2c00b3f8108988436d,17216
index,2026-08-20,https://nsearchives.nseindia.com/content/indices/ind_close_all_20082026.csv,data/raw/index/2026-08-20.csv,2026-10-07T21:05:09+05:30,9f661afe6276221257b030171b9b3c35f8b87bd4e3e9662bae8675299daa0284,17163
index,2026-08-19,https://nsearchives.nseindia.com/content/indices/ind_close_all_19082026.csv,data/raw/index/2026-08-19.csv,2026-10-07T21:05:09+05:30,74fe853f2498f8cd3bb2bdfe22ffa61052137e00fe0c1a4e5044097f3e96af50,17342
index,2026-08-18,https://nsearchives.nseindia.com/content/indices/ind_close_all_18082026.csv,data/raw/index/2026-08-18.csv,2026-10-07T21:05:09+05:30,2f095196c0e5c71bf23a17258b11119888b8f42f6e6195fb5330485c605fa74a,17348
index,2026-08-17,https://nsearchives.nseindia.com/content/indices/ind_close_all_17082026.csv,data/raw/index/2026-08-17.csv,2026-10-07T21:05:09+05:30,774a6dcd5aa127f1131381c825fa84f9ac9595c06fcf48e5d30fd769b69dd4c6,17278
index,2026-08-14,https://nsearchives.nseindia.com/content/indices/ind_close_all_14082026.csv,data/raw/index/2026-08-14.csv,2026-10-07T21:05:10+05:30,e947420f795ed999cccbd335ef6b256cc1a6549d3111bf08519f8e00129702c4,17366
index,2026-08-13,https://nsearchives.nseindia.com/content/indices/ind_close_all_13082026.csv,data/raw/index/2026-08-13.csv,2026-10-07T21:05:10+05:30,26a1e99139de5b827b45252389a39e01a37f56aa78bdac10bca2f943b7fd9952,17235
index,2026-08-12,https://nsearchives.nseindia.com/content/indices/ind_close_all_12082026.csv,data/raw/index/2026-08-12.csv,2026-10-07T21:05:10+05:30,2a605bdec56595c6fc49e13faacafe180993bba8bc8e6578ee84c3ecefc31d27,17313
index,2026-08-11,https://nsearchives.nseindia.com/content/indices/ind_close_all_11082026.csv,data/raw/index/2026-08-11.csv,2026-10-07T21:05:10+05:30,5b26958753716d7606076fccfbe67b644e9c729fd96ae940719344ad73986793,17340
index,2026-08-10,https://nsearchives.nseindia.com/content/indices/ind_close_all_10082026.csv,data/raw/index/2026-08-10.csv,2026-10-07T21:05:10+05:30,39edeca3e91d4b694d9e98d1c57542c4ece0d411c1f21f22e815397c9e8cf295,17080
index,2026-08-07,https://nsearchives.nseindia.com/content/indices/ind_close_all_07082026.csv,data/raw/index/2026-08-07.csv,2026-10-07T21:05:11+05:30,2338d57ae47cd5a1848f6d6432ee18b467636540764c62d25581be1d4f0e1985,17122
index,2026-08-06,https://nsearchives.nseindia.com/content/indices/ind_close_all_06082026.csv,data/raw/index/2026-08-06.csv,2026-10-07T21:05:11+05:30,64c8c21544313d715c92c2037566fedd1b78fc4803f8fab4a8b087b536c23262,17227
index,2026-08-05,https://nsearchives.nseindia.com/content/indices/ind_close_all_05082026.csv,data/raw/index/2026-08-05.csv,2026-10-07T21:05:11+05:30,a19bbaff37cb74d862037d0b038f656c9148e0df1b5932ea2103ec472ad9135f,17098
index,2026-08-04,https://nsearchives.nseindia.com/content/indices/ind_close_all_04082026.csv,data/raw/index/2026-08-04.csv,2026-10-07T21:05:11+05:30,d2b19cb0240249b67b196411a00e47697a60bd5f9e51b1738f0952853ec8cd8c,17185
index,2026-08-03,https://nsearchives.nseindia.com/content/indices/ind_close_all_03082026.csv,data/raw/index/2026-08-03.csv,2026-10-07T21:05:12+05:30,436e95ab9e768ee248694e49df71f19f5dffca54c4a41967d49c7a2429d1e0b8,17176
index,2026-07-31,https://nsearchives.nseindia.com/content/indices/ind_close_all_31072026.csv,data/raw/index/2026-07-31.csv,2026-10-07T21:05:12+05:30,7fc62673ea2c7bee0993f9ef2a32c51b12c7b529bddac4d3c1eee9d8bdda4488,17110
index,2026-07-30,https://nsearchives.nseindia.com/content/indices/ind_close_all_30072026.csv,data/raw/index/2026-07-30.csv,2026-10-07T21:05:12+05:30,a9bbc2254c7ccd5a5027700ed607fd7619ad9c1c028911f127822edd03953774,17083
index,2026-07-29,https://nsearchives.nseindia.com/content/indices/ind_close_all_29072026.csv,data/raw/index/2026-07-29.csv,2026-10-07T21:05:12+05:30,efd67153ac578a9f96aaf39938dd98849299c6c345983ac3a609a1f36477d01c,17107
index,2026-07-28,https://nsearchives.nseindia.com/content/indices/ind_close_all_28072026.csv,data/raw/index/2026-07-28.csv,2026-10-07T21:05:12+05:30,72d13d636ee0e333c10233d606e117b2de6fd6983a65227c6bb0050428e6d404,17067
index,2026-07-27,https://nsearchives.nseindia.com/content/indices/ind_close_all_27072026.csv,data/raw/index/2026-07-27.csv,2026-10-07T21:05:13+05:30,824d134a3a18efbb614ef41439b653a94cc576c8bbcb30d958efc8e0cf35cf92,17015
index,2026-07-24,https://nsearchives.nseindia.com/content/indices/ind_close_all_24072026.csv,data/raw/index/2026-07-24.csv,2026-10-07T21:05:13+05:30,122c73954404a6e35ed975275299ee004df8e41743bf38d025d628aeb9b6564a,17084
index,2026-07-23,https://nsearchives.nseindia.com/content/indices/ind_close_all_23072026.csv,data/raw/index/2026-07-23.csv,2026-10-07T21:05:13+05:30,ffaa003e73e2c4771fee38001f99d6569b1b1c0366a13193b491f0fafb4531c0,17159
index,2026-07-22,https://nsearchives.nseindia.com/content/indices/ind_close_all_22072026.csv,data/raw/index/2026-07-22.csv,2026-10-07T21:05:13+05:30,4073110dac3007f657ab0dd2ee7e1eecf4035bc4557d79d2dee5ceb8e120f2cd,17222
index,2026-07-21,https://nsearchives.nseindia.com/content/indices/ind_close_all_21072026.csv,data/raw/index/2026-07-21.csv,2026-10-07T21:05:14+05:30,b119aa894dc412b1ba5e137a986c1f7984e436b88f5cfb724e06d8ff4d6c8ea9,16908
index,2026-07-20,https://nsearchives.nseindia.com/content/indices/ind_close_all_20072026.csv,data/raw/index/2026-07-20.csv,2026-10-07T21:05:14+05:30,1359701c590b6342eefc148dbbac88a3dfdb20bde291292e1499edda9bb1390e,16943
index,2026-07-17,https://nsearchives.nseindia.com/content/indices/ind_close_all_17072026.csv,data/raw/index/2026-07-17.csv,2026-10-07T21:05:14+05:30,64abe34440d69d2c2f3820d0973ee84fdb469e53e812b3dbfde02abec0aa0333,17057
index,2026-07-16,https://nsearchives.nseindia.com/content/indices/ind_close_all_16072026.csv,data/raw/index/2026-07-16.csv,2026-10-07T21:05:14+05:30,a89689c7b53e96050698889dab279a9c5be1cbb82323e16e76a173ab155b8ea5,16987
index,2026-07-15,https://nsearchives.nseindia.com/content/indices/ind_close_all_15072026.csv,data/raw/index/2026-07-15.csv,2026-10-07T21:05:15+05:30,e84608ef8f8050d70b735ef8a9184476cff5792e3e85bfdc918d000d10f1c68d,16926
index,2026-07-14,https://nsearchives.nseindia.com/content/indices/ind_close_all_14072026.csv,data/raw/index/2026-07-14.csv,2026-10-07T21:05:15+05:30,c0a525c6736f862da6df6e7d55eb4200c6e19b4a036e1aeb11e644a3f8206a08,17215
index,2026-07-13,https://nsearchives.nseindia.com/content/indices/ind_close_all_13072026.csv,data/raw/index/2026-07-13.csv,2026-10-07T21:05:15+05:30,f23776b17d17c4e00b4cdef13db4b7dd43495a395381d91d3cdf024298a0cb78,16888
index,2026-07-10,https://nsearchives.nseindia.com/content/indices/ind_close_all_10072026.csv,data/raw/index/2026-07-10.csv,2026-10-07T21:05:15+05:30,8371436f58823e11c2bb24884214963d98fa3d67d4a4ff30928c7be60f6a193c,16938
index,2026-07-09,https://nsearchives.nseindia.com/content/indices/ind_close_all_09072026.csv,data/raw/index/2026-07-09.csv,2026-10-07T21:05:16+05:30,4f54816a0db696b7a18e4f6b9d0bfc5fe02f1ddb790a00fe5ae7dddd08063ce0,16862
index,2026-07-08,https://nsearchives.nseindia.com/content/indices/ind_close_all_08072026.csv,data/raw/index/2026-07-08.csv,2026-10-07T21:05:16+05:30,cccd22346fd373cd8e9c19ca3d4cd154a28ba37e729546046146829885953bea,17318
index,2026-07-07,https://nsearchives.nseindia.com/content/indices/ind_close_all_07072026.csv,data/raw/index/2026-07-07.csv,2026-10-07T21:05:16+05:30,510101fdb4b31ee76785bdc5c838e6a27bf4482090175766107297e694a2a534,17002
index,2026-07-06,https://nsearchives.nseindia.com/content/indices/ind_close_all_06072026.csv,data/raw/index/2026-07-06.csv,2026-10-07T21:05:16+05:30,c4f8363be99ac7c2e39ef726af6c6239a8746a8a49ea75e4b95397c0892e7fb9,16826
index,2026-07-03,https://nsearchives.nseindia.com/content/indices/ind_close_all_03072026.csv,data/raw/index/2026-07-03.csv,2026-10-07T21:05:17+05:30,7fcaf907737fb5d16d96887de3e25d576316fb3196692596cf93859d5ab5da6a,16905
index,2026-07-02,https://nsearchives.nseindia.com/content/indices/ind_close_all_02072026.csv,data/raw/index/2026-07-02.csv,2026-10-07T21:05:17+05:30,4d61c1374814b8c86072a4160a2b3b4eed3e12a4dcbd5da888eba2ec5d3a2c14,16862
index,2026-07-01,https://nsearchives.nseindia.com/content/indices/ind_close_all_01072026.csv,data/raw/index/2026-07-01.csv,2026-10-07T21:05:17+05:30,069ea6f1e112fac803519fbb0b9c398d69cce07728ef3ed5293b338a234db010,16893
index,2026-06-30,https://nsearchives.nseindia.com/content/indices/ind_close_all_30062026.csv,data/raw/index/2026-06-30.csv,2026-10-07T21:05:17+05:30,0c5866bad9e96e6cc711fbe08eb1a384c10f8c9b46e76572ed5ddda5b71942a0,16933
membership,2026-10-07,https://nsearchives.nseindia.com/content/indices/ind_nifty500list.csv,data/membership/2026-10-07_nifty500.csv,2026-10-07T21:05:18+05:30,2959bf206239284e145f7aecc65095b18d11556d2642323a70f2d26efe0f5cb3,32785
yahoo_history,2026-10-07,yfinance period=2y auto_adjust=False,data/history/yahoo_2026-10-07.parquet,2026-10-07T21:05:43+05:30,a70b1cbe770d8bbb901cd2276bd39fcbb475970eba6208ca63db64b493291e5d,7112774
bhav,2026-08-26,https://nsearchives.nseindia.com/products/content/sec_bhavdata_full_26082026.csv,data/raw/bhav/2026-08-26.csv,2026-10-07T21:21:28+05:30,c214324cc4e1ea8135372f020f9deb607df6b65557695d0350274671d8b5d1e1,393606
bhav,2026-08-25,https://nsearchives.nseindia.com/products/content/sec_bhavdata_full_25082026.csv,data/raw/bhav/2026-08-25.csv,2026-10-07T21:21:29+05:30,fff67e5943b9efcd605a551a9ddc3e328bf7e73713e18e8e9626011eea1d0522,393192
bhav,2026-08-24,https://nsearchives.nseindia.com/products/content/sec_bhavdata_full_24082026.csv,data/raw/bhav/2026-08-24.csv,2026-10-07T21:21:29+05:30,4beda0c35e1d9b977ea272acc41687d0f5b179a5e061cf3204f90bd49857c4d9,397581
bhav,2026-08-21,https://nsearchives.nseindia.com/products/content/sec_bhavdata_full_21082026.csv,data/raw/bhav/2026-08-21.csv,2026-10-07T21:21:29+05:30,492734fe2a3054bc144e78427268334a3b82f99bd011997709e02c22732043d6,394318
bhav,2026-08-20,https://nsearchives.nseindia.com/products/content/sec_bhavdata_full_20082026.csv,data/raw/bhav/2026-08-20.csv,2026-10-07T21:21:30+05:30,42f3c85f54596c9298ffc7092302c14cc8cccf7420c8dd85b038bdaa86098cbf,393028
bhav,2026-08-19,https://nsearchives.nseindia.com/products/content/sec_bhavdata_full_19082026.csv,data/raw/bhav/2026-08-19.csv,2026-10-07T21:21:30+05:30,f257ca98aa53521249907e43ea6d6651aeb6a384cd98128087f4fe4675d6a259,390884
bhav,2026-08-18,https://nsearchives.nseindia.com/products/content/sec_bhavdata_full_18082026.csv,data/raw/bhav/2026-08-18.csv,2026-10-07T21:21:31+05:30,b6903bb7a946a19256a9dd22eee35e3e63fffa286a3722825c4de54e63ae5874,389391
bhav,2026-08-17,https://nsearchives.nseindia.com/products/content/sec_bhavdata_full_17082026.csv,data/raw/bhav/2026-08-17.csv,2026-10-07T21:21:31+05:30,171af5f528c955f8aee4286348a8f2f3b0553f3e4524fa7d453881b6a307769d,391920
bhav,2026-08-14,https://nsearchives.nseindia.com/products/content/sec_bhavdata_full_14082026.csv,data/raw/bhav/2026-08-14.csv,2026-10-07T21:21:31+05:30,c0cce9ee5a1c12ddad26c9e530063e5880952b56ce6791b3fdd7d42f5879159a,374122
bhav,2026-08-13,https://nsearchives.nseindia.com/products/content/sec_bhavdata_full_13082026.csv,data/raw/bhav/2026-08-13.csv,2026-10-07T21:21:31+05:30,630e868b9283bdb64192f994b799ecef91c542435cc59d311b0db26f1daad5d1,375688
bhav,2026-08-12,https://nsearchives.nseindia.com/products/content/sec_bhavdata_full_12082026.csv,data/raw/bhav/2026-08-12.csv,2026-10-07T21:21:32+05:30,4de2aed16d4f56b89a61ed4550025c858ee6cb68ba51f17d73177cf16ec0279d,376187
bhav,2026-08-11,https://nsearchives.nseindia.com/products/content/sec_bhavdata_full_11082026.csv,data/raw/bhav/2026-08-11.csv,2026-10-07T21:21:32+05:30,415b90bf1d2473e871e82b722ba88ee8f5d65efc5332c0b5484fab1d9ee5baee,376172
bhav,2026-08-10,https://nsearchives.nseindia.com/products/content/sec_bhavdata_full_10082026.csv,data/raw/bhav/2026-08-10.csv,2026-10-07T21:21:33+05:30,4cc47698f7fb0cd5452ddbdda12f4623c80558e07f28269ce88e986233e6c75f,381405
bhav,2026-08-07,https://nsearchives.nseindia.com/products/content/sec_bhavdata_full_07082026.csv,data/raw/bhav/2026-08-07.csv,2026-10-07T21:21:33+05:30,8b937105b230a12d50395b0c9e1f02fc1c39d611914988985c4a34bc5e7af06e,374452
bhav,2026-08-06,https://nsearchives.nseindia.com/products/content/sec_bhavdata_full_06082026.csv,data/raw/bhav/2026-08-06.csv,2026-10-07T21:21:33+05:30,440cc611aa315736f1732873de93dd2fdee288f7abf49849a287af9e63217501,373499
index,2026-06-29,https://nsearchives.nseindia.com/content/indices/ind_close_all_29062026.csv,data/raw/index/2026-06-29.csv,2026-10-07T21:21:34+05:30,93e3fb742c9ab0889ee72101942e91e47a4c3ed137469e0c69b6a75f7d2a8e81,17115
index,2026-06-25,https://nsearchives.nseindia.com/content/indices/ind_close_all_25062026.csv,data/raw/index/2026-06-25.csv,2026-10-07T21:21:35+05:30,5669ef488c40554d8e9b5833ff1e264dc61e444df2b541a49186534c080b5405,16957
index,2026-06-24,https://nsearchives.nseindia.com/content/indices/ind_close_all_24062026.csv,data/raw/index/2026-06-24.csv,2026-10-07T21:21:36+05:30,6b368c23762953a1ad074521bd3db1a86c404c30b6a82afb35ff700781e42fd3,16890
index,2026-06-23,https://nsearchives.nseindia.com/content/indices/ind_close_all_23062026.csv,data/raw/index/2026-06-23.csv,2026-10-07T21:21:36+05:30,c0662e476ab7f1ee96a3b3b1679f92d705c1a08e6368b0cc102f275bdf9f1765,17213
index,2026-06-22,https://nsearchives.nseindia.com/content/indices/ind_close_all_22062026.csv,data/raw/index/2026-06-22.csv,2026-10-07T21:21:36+05:30,ee7e828efd40c2b4e19b0de460bc27dbf8420849b1818027a315cdafa6fafae9,16792
index,2026-06-19,https://nsearchives.nseindia.com/content/indices/ind_close_all_19062026.csv,data/raw/index/2026-06-19.csv,2026-10-07T21:21:37+05:30,c30a3070e678b3c9a5590e0f615d6038a8801de35552efbd70aa9c30959e3196,16994
index,2026-06-18,https://nsearchives.nseindia.com/content/indices/ind_close_all_18062026.csv,data/raw/index/2026-06-18.csv,2026-10-07T21:21:37+05:30,5d246d808da6b3e883314072e1f88827965ead8e9cd080b6d5f7a80b3c6f6416,16627
index,2026-06-17,https://nsearchives.nseindia.com/content/indices/ind_close_all_17062026.csv,data/raw/index/2026-06-17.csv,2026-10-07T21:21:37+05:30,a03dd5630f18dd2bcba1c195f725c5390faab3dedf5aec46b10ae2305dcd0f3b,16673
index,2026-06-16,https://nsearchives.nseindia.com/content/indices/ind_close_all_16062026.csv,data/raw/index/2026-06-16.csv,2026-10-07T21:21:38+05:30,0ab588f57b9e6b9840ae6b2ca469f29d6bfe6677a2a5e994dfc5b2abb057eefe,16676
index,2026-06-15,https://nsearchives.nseindia.com/content/indices/ind_close_all_15062026.csv,data/raw/index/2026-06-15.csv,2026-10-07T21:21:38+05:30,edfe87aad0fdd718b74a7e3fc798b073a05150fe6638b00848a029d1683f5d75,16791
index,2026-06-12,https://nsearchives.nseindia.com/content/indices/ind_close_all_12062026.csv,data/raw/index/2026-06-12.csv,2026-10-07T21:21:38+05:30,bb95fd917acac2780cd2c442b63e98c0b990786df32f59777e54f6c746e12528,15858
index,2026-06-11,https://nsearchives.nseindia.com/content/indices/ind_close_all_11062026.csv,data/raw/index/2026-06-11.csv,2026-10-07T21:21:38+05:30,0112cd3906dfece5f73185db2aac392f87476ab7aced012163e1307c950e3e8d,15898
index,2026-06-10,https://nsearchives.nseindia.com/content/indices/ind_close_all_10062026.csv,data/raw/index/2026-06-10.csv,2026-10-07T21:21:38+05:30,4699cd417d3e316d7434b2a60bad7889a3fe5328adae876a33b714df142b518b,15956
index,2026-06-09,https://nsearchives.nseindia.com/content/indices/ind_close_all_09062026.csv,data/raw/index/2026-06-09.csv,2026-10-07T21:21:39+05:30,29a7ae1d66df788fca72537719db9cf3caa7bd661577a1ef55519372a66fdf09,15724
index,2026-06-08,https://nsearchives.nseindia.com/content/indices/ind_close_all_08062026.csv,data/raw/index/2026-06-08.csv,2026-10-07T21:21:39+05:30,d82903283632823f92ee1fdc5205f928afc1846f08ea4b73c030abb60c5d0564,16014
index,2026-06-05,https://nsearchives.nseindia.com/content/indices/ind_close_all_05062026.csv,data/raw/index/2026-06-05.csv,2026-10-07T21:21:39+05:30,488b0e6f96e04dc9bfbbf649ae4fa750165915c77a02a4e4615ad5c5a741dbd7,15796
index,2026-06-04,https://nsearchives.nseindia.com/content/indices/ind_close_all_04062026.csv,data/raw/index/2026-06-04.csv,2026-10-07T21:21:39+05:30,5f4a53ccd5811ade3a1463a13711733680184b1a9271f198bfd62427db786fed,15665
index,2026-06-03,https://nsearchives.nseindia.com/content/indices/ind_close_all_03062026.csv,data/raw/index/2026-06-03.csv,2026-10-07T21:21:40+05:30,81c8a395c5701354f217ba817a4330e35741e2ef9839b52468ab76b2dc6bbf97,15875
index,2026-06-02,https://nsearchives.nseindia.com/content/indices/ind_close_all_02062026.csv,data/raw/index/2026-06-02.csv,2026-10-07T21:21:40+05:30,4c04546d017b3d4d3da9993e64b1ecea71034a4280270f9c8a8523739e91ed7e,15731
index,2026-06-01,https://nsearchives.nseindia.com/content/indices/ind_close_all_01062026.csv,data/raw/index/2026-06-01.csv,2026-10-07T21:21:40+05:30,ec26c46249e3c44c6f80b6628754c2792a9e79293c1a396d71d4240d9f432726,16023
index,2026-05-29,https://nsearchives.nseindia.com/content/indices/ind_close_all_29052026.csv,data/raw/index/2026-05-29.csv,2026-10-07T21:21:42+05:30,7c3c581f37719fcb3d5027b35cd5a2b4ef4b494dd882326e0aacbf3342945ff2,16184
index,2026-05-27,https://nsearchives.nseindia.com/content/indices/ind_close_all_27052026.csv,data/raw/index/2026-05-27.csv,2026-10-07T21:21:42+05:30,b27310f238976fbb358d2a7e5d34242fe47a0397850f61d0984611bc6b801c58,15749
index,2026-05-26,https://nsearchives.nseindia.com/content/indices/ind_close_all_26052026.csv,data/raw/index/2026-05-26.csv,2026-10-07T21:21:42+05:30,bf029c427824f1c890a86dbc0c9ad265a09b4262be478d71afa23afff750cec4,15733
index,2026-05-25,https://nsearchives.nseindia.com/content/indices/ind_close_all_25052026.csv,data/raw/index/2026-05-25.csv,2026-10-07T21:21:42+05:30,5e080649ee6fe93a91768f0b1448d44ccadf14ed18d6c7a11f48777f87731020,15762
index,2026-05-22,https://nsearchives.nseindia.com/content/indices/ind_close_all_22052026.csv,data/raw/index/2026-05-22.csv,2026-10-07T21:21:43+05:30,f0e2352227e4471c82ff416868b21afe91124b9c368d9f8dc09106e1eb38fe3f,15682
bhav,2026-10-08,https://nsearchives.nseindia.com/products/content/sec_bhavdata_full_08102026.csv,data/raw/bhav/2026-10-08.csv,2026-10-08T20:36:56+05:30,e4d5f060a02b5d970785012c06722618a15aa717129989034904fba58b2794db,402628
index,2026-10-08,https://nsearchives.nseindia.com/content/indices/ind_close_all_08102026.csv,data/raw/index/2026-10-08.csv,2026-10-08T20:37:24+05:30,d18e5ebf51b853ec557fe7b265ea3dca54ae41fa4a6b92f89c14a59f3896482e,16004
membership,2026-10-08,https://nsearchives.nseindia.com/content/indices/ind_nifty500list.csv,data/membership/2026-10-08_nifty500.csv,2026-10-08T20:37:26+05:30,2959bf206239284e145f7aecc65095b18d11556d2642323a70f2d26efe0f5cb3,32785
yahoo_history,2026-10-08,yfinance period=2y auto_adjust=False,data/history/yahoo_2026-10-08.parquet,2026-10-08T20:37:52+05:30,7b577bd3f092f5c7f61216c4f92b23aebd3843c6a680c9a24390b3c6da36bdae,7110664
