date,disc_rank,symbol,name,c,ret,vol,deliv
2026-10-06,1,TRENT,Trent Ltd.,2906.0,0.12635658914728687,6695372,13.94
2026-10-06,2,URBANCO,Urban Company Ltd.,173.54,0.08741149194811704,23975368,16.83
2026-10-06,3,AETHER,Aether Industries Ltd.,1799.8,0.08356411800120411,1456255,28.51
2026-10-06,4,PGEL,PG Electroplast Ltd.,527.65,0.08191511174902599,5927905,16.83
2026-10-06,5,HONASA,Honasa Consumer Ltd.,478.3,0.08188192716579956,24467750,14.58
2026-10-06,6,HEGAM,HEG Advanced Materials Ltd.,252.21,0.07888095136245021,4802303,30.51
2026-10-06,7,MOTILALOFS,Motilal Oswal Financial Services Ltd.,1081.15,0.06928098110968262,2179004,34.57
2026-10-06,8,CLEANMAX,Clean Max Enviro Energy Solutions Ltd.,1392.5,0.0684416481239929,465556,45.64
2026-10-06,9,DEEPAKFERT,Deepak Fertilisers & Petrochemicals Corp. Ltd.,1385.6,0.06773522385759412,875190,29.96
2026-10-06,10,TIINDIA,Tube Investments of India Ltd.,2472.7,0.0658189655172412,780130,45.81
2026-10-06,11,WELCORP,Welspun Corp Ltd.,2660.9,0.0654254254254254,1853422,29.76
2026-10-06,12,POLICYBZR,PB Fintech Ltd.,1034.9,0.06013112067199344,8051949,26.01
2026-10-06,13,IRB,IRB Infrastructure Developers Ltd.,17.84,0.05749851807943096,14815112,31.2
2026-10-06,14,AWL,AWL Agri Business Ltd.,185.93,0.05552086290093672,4711354,36.13
2026-10-06,15,WOCKPHARMA,Wockhardt Ltd.,2176.4,0.05471286648897511,899270,36.14
2026-10-06,16,GRAVITA,Gravita India Ltd.,1500.9,0.05437302423603807,796225,27.6
2026-10-06,17,BHEL,Bharat Heavy Electricals Ltd.,452.0,0.053613053613053685,22865195,30.28
2026-10-06,18,RRKABEL,R R Kabel Ltd.,2789.7,0.05351208459214485,917457,33.78
2026-10-06,19,KPIL,Kalpataru Projects International Ltd.,1451.5,0.052727008993327606,652356,39.03
2026-10-06,20,MEESHO,Meesho Ltd.,238.22,0.051743929359823415,39917541,24.78
2026-10-06,21,ACMESOLAR,ACME Solar Holdings Ltd.,448.2,0.0480533146264468,887494,42.39
2026-10-06,22,AZAD,Azad Engineering Ltd.,3062.6,0.046255807597704424,1329869,23.31
2026-10-06,23,RKFORGE,Ramkrishna Forgings Ltd.,732.65,0.04597044756941959,992145,48.2
2026-10-06,24,CUPID,Cupid Ltd.,324.2,0.0454692034827473,24176893,19.41
2026-10-06,25,ANTHEM,Anthem Biosciences Ltd.,890.35,0.04513440544664871,681982,54.24
2026-10-06,26,AMBER,Amber Enterprises India Ltd.,6869.0,0.043128321943811665,155584,31.98
2026-10-06,27,GRAPHITE,Graphite India Ltd.,851.2,0.04262616364527205,2456818,37.33
2026-10-06,28,DEEPAKNTR,Deepak Nitrite Ltd.,1560.6,0.04248496993987971,279774,50.37
2026-10-06,29,GODREJCP,Godrej Consumer Products Ltd.,872.5,0.04241338112305848,1398890,34.91
2026-10-06,30,JYOTICNC,Jyoti CNC Automation Ltd.,1073.1,0.04224941724941722,557011,46.33
2026-10-06,31,VEDL,Vedanta Ltd.,265.6,0.04136443834542258,14899808,43.67
2026-10-06,32,SIEMENS,Siemens Ltd.,3854.0,0.04131204236578312,219732,35.71
2026-10-06,33,BLUESTARCO,Blue Star Ltd.,1571.5,0.04072847682119196,867322,35.36
2026-10-06,34,MCX,Multi Commodity Exchange of India Ltd.,3310.0,0.04032435490461084,1520917,40.8
2026-10-06,35,LAURUSLABS,Laurus Labs Ltd.,2050.0,0.039870143045551254,2197316,57.83
2026-10-06,36,RADICO,Radico Khaitan Ltd,4460.1,0.039868503881933304,632144,55.66
2026-10-06,37,BSE,BSE Ltd.,3305.0,0.03943892313498565,6869765,46.67
2026-10-06,38,DIVISLAB,Divi's Laboratories Ltd.,9550.0,0.03849499782514143,465106,63.42
2026-10-06,39,ZYDUSWELL,Zydus Wellness Ltd.,502.4,0.0384456386936749,136730,39.25
2026-10-06,40,KOTAKBANK,Kotak Mahindra Bank Ltd.,431.9,0.03822115384615388,40021922,63.72
2026-10-06,41,BLS,BLS International Services Ltd.,223.97,0.038099652375434445,860041,39.66
2026-10-06,42,GABRIEL,Gabriel India Ltd.,1352.9,0.03781834918686733,205619,32.68
2026-10-06,43,FACT,Fertilisers and Chemicals Travancore Ltd.,759.0,0.03723949436282892,131471,24.89
2026-10-06,44,IDEA,Vodafone Idea Ltd.,13.21,0.03689167974882257,337226121,30.24
2026-10-06,45,VTL,Vardhman Textiles Ltd.,549.4,0.03679939611247396,317619,46.72
2026-10-06,46,ANANTRAJ,Anant Raj Ltd.,608.9,0.03660197480422189,1142191,45.82
2026-10-06,47,BEML,BEML Ltd.,2042.2,0.03643930166463649,196225,38.36
2026-10-06,48,GPIL,Godawari Power & Ispat Ltd.,218.98,0.03624834374408481,2728607,44.22
2026-10-06,49,ANGELONE,Angel One Ltd.,295.0,0.03436185133239844,8198494,32.87
2026-10-06,50,NESTLEIND,Nestle India Ltd.,1341.4,0.034153110785598795,1650856,51.49
2026-10-06,51,BBOX,Black Box Ltd.,839.95,0.033784615384615524,1120325,41.35
2026-10-06,52,CGPOWER,CG Power and Industrial Solutions Ltd.,912.0,0.033662019721183434,2540774,47.89
2026-10-06,53,PINELABS,Pine Labs Ltd.,172.73,0.03332136874850433,10927701,33.44
2026-10-06,54,FLUOROCHEM,Gujarat Fluorochemicals Ltd.,4577.2,0.033274639938597694,181004,43.65
2026-10-06,55,SHYAMMETL,Shyam Metalics and Energy Ltd.,1054.0,0.033130758674769556,413254,60.55
2026-10-06,56,ABB,ABB India Ltd.,7122.5,0.03299492385786795,241531,44.63
2026-10-06,57,TRIDENT,Trident Ltd.,22.56,0.03296703296703285,6085787,26.02
2026-10-06,58,WELSPUNLIV,Welspun Living Ltd.,237.86,0.03296130629261307,4609322,34.64
2026-10-06,59,NAVA,Nava Ltd.,575.0,0.03287228309682044,601625,47.0
2026-10-06,60,GROWW,Billionbrains Garage Ventures Ltd.,193.19,0.03282544774124552,41408393,57.03
2026-10-06,61,NAUKRI,Info Edge (India) Ltd.,1241.0,0.03270366980111494,1622862,60.11
2026-10-06,62,GLAND,Gland Pharma Ltd.,3006.1,0.03249184269277006,373873,64.57
2026-10-06,63,FIRSTCRY,Brainbees Solutions Ltd.,177.57,0.03238372093023245,2105882,33.91
2026-10-06,64,ONESOURCE,Onesource Specialty Pharma Ltd.,1535.8,0.03191560841228247,147840,57.91
2026-10-06,65,NAVINFLUOR,Navin Fluorine International Ltd.,8536.0,0.03191489361702127,112311,50.79
2026-10-06,66,VIJAYA,Vijaya Diagnostic Centre Ltd.,1466.7,0.03128955139924061,134949,44.39
2026-10-06,67,SAILIFE,Sai Life Sciences Ltd.,1558.1,0.030966717395619625,277814,53.44
2026-10-06,68,LLOYDSME,Lloyds Metals And Energy Ltd.,1858.2,0.030901525658807216,569041,44.11
2026-10-06,69,HINDUNILVR,Hindustan Unilever Ltd.,1895.2,0.03089643167972156,1576062,64.81
2026-10-06,70,BERGEPAINT,Berger Paints India Ltd.,472.55,0.030868237347295047,383616,52.11
2026-10-06,71,SAGILITY,Sagility Ltd.,43.88,0.030772844726333126,8239659,51.25
2026-10-06,72,ASTRAL,Astral Ltd.,1402.3,0.029513251596799073,359782,49.94
2026-10-06,73,BALRAMCHIN,Balrampur Chini Mills Ltd.,691.3,0.029486224869694544,2257521,19.06
2026-10-06,74,ITI,ITI Ltd.,247.84,0.029449636552440372,567023,16.41
2026-10-06,75,CLEAN,Clean Science and Technology Ltd.,823.15,0.029194798699675006,296158,33.82
2026-10-06,76,SUPREMEIND,Supreme Industries Ltd.,3497.9,0.029127070522816156,221343,57.76
2026-10-06,77,CAPLIPOINT,Caplin Point Laboratories Ltd.,2679.7,0.02907066052227325,110962,41.69
2026-10-06,78,HAL,Hindustan Aeronautics Ltd.,4816.0,0.029059829059828957,935720,56.5
2026-10-06,79,PPLPHARMA,Piramal Pharma Ltd.,200.52,0.028888090717841042,1719220,36.99
2026-10-06,80,SONACOMS,Sona BLW Precision Forgings Ltd.,820.0,0.028858218318695172,1679743,45.25
2026-10-06,81,STARHEALTH,Star Health and Allied Insurance Company Ltd.,550.55,0.02858477347034083,2132928,78.0
2026-10-06,82,JIOFIN,Jio Financial Services Ltd.,217.9,0.02783018867924536,16691895,38.12
2026-10-06,83,FORCEMOT,Force Motors Ltd.,17110.0,0.027627627627627716,65477,38.55
2026-10-06,84,VMM,Vishal Mega Mart Ltd.,100.95,0.027480916030534486,15107047,60.97
2026-10-06,85,GAIL,GAIL (India) Ltd.,172.08,0.027343283582089706,6945149,61.92
2026-10-06,86,TEJASNET,Tejas Networks Ltd.,475.85,0.02731001727115734,1878474,17.31
2026-10-06,87,SOLARINDS,Solar Industries India Ltd.,20071.0,0.02717502558853635,177180,36.25
2026-10-06,88,DABUR,Dabur India Ltd.,388.9,0.02706985342664736,2619919,47.97
2026-10-06,89,JINDALSAW,Jindal Saw Ltd.,282.4,0.02690909090909077,1056608,56.73
2026-10-06,90,AEGISLOG,Aegis Logistics Ltd.,1395.9,0.026774549466715758,861628,46.79
2026-10-06,91,RELIANCE,Reliance Industries Ltd.,1218.0,0.026635198921105774,18003127,54.72
2026-10-06,92,PTCIL,PTC Industries Ltd.,23125.0,0.026409232134931182,20786,43.19
2026-10-06,93,KPRMILL,K.P.R. Mill Ltd.,1100.4,0.025918329293306064,75276,37.09
2026-10-06,94,PETRONET,Petronet LNG Ltd.,297.5,0.02586206896551735,5098731,63.06
2026-10-06,95,ABDL,Allied Blenders and Distillers Ltd.,714.65,0.025690706853247258,701809,40.8
2026-10-06,96,BHARATFORG,Bharat Forge Ltd.,1880.0,0.02564102564102555,1089594,61.03
2026-10-06,97,ATHERENERG,Ather Energy Ltd.,1446.0,0.025604652812256212,4192732,41.19
2026-10-06,98,ETERNAL,Eternal Ltd.,329.0,0.025561097256857845,27075757,62.04
2026-10-06,99,HINDPETRO,Hindustan Petroleum Corporation Ltd.,351.0,0.025266540090550516,3973902,61.82
2026-10-06,100,AJANTPHARM,Ajanta Pharmaceuticals Ltd.,3573.4,0.025071715433161224,109380,52.99
2026-10-07,1,CHENNPETRO,Chennai Petroleum Corporation Ltd.,1612.3,0.14697303834388564,20027812,9.02
2026-10-07,2,PVRINOX,PVR INOX Ltd.,1343.8,0.07555626700816376,5065408,25.91
2026-10-07,3,PTCIL,PTC Industries Ltd.,24685.0,0.06745945945945953,117090,28.15
2026-10-07,4,BHARTIHEXA,Bharti Hexacom Ltd.,1477.9,0.06569079896163843,1512590,51.0
2026-10-07,5,CUPID,Cupid Ltd.,343.95,0.060919185687847044,41373811,26.59
2026-10-07,6,PWL,Physicswallah Ltd.,139.57,0.0584711057181857,34917953,17.15
2026-10-07,7,BBOX,Black Box Ltd.,884.85,0.05345556283112085,2262486,28.28
2026-10-07,8,GLAND,Gland Pharma Ltd.,3150.6,0.048068926516083854,1341221,42.04
2026-10-07,9,MRPL,Mangalore Refinery & Petrochemicals Ltd.,182.86,0.046588827838828006,23675207,23.49
2026-10-07,10,AEGISLOG,Aegis Logistics Ltd.,1460.2,0.046063471595386485,1713087,29.16
2026-10-07,11,MAHABANK,Bank of Maharashtra,84.15,0.04146039603960405,20883267,36.99
2026-10-07,12,BELRISE,Belrise Industries Ltd.,246.31,0.04011654913221574,3749664,40.87
2026-10-07,13,KALYANKJIL,Kalyan Jewellers India Ltd.,569.0,0.03803703365867017,18559247,19.21
2026-10-07,14,SYRMA,Syrma SGS Technology Ltd.,1746.7,0.03655569402409364,1814188,29.11
2026-10-07,15,IGL,Indraprastha Gas Ltd.,146.35,0.035153487056160726,3700426,34.58
2026-10-07,16,EMMVEE,Emmvee Photovoltaic Power Ltd.,305.8,0.031365935919055676,3016282,35.89
2026-10-07,17,PINELABS,Pine Labs Ltd.,177.67,0.028599548428182686,40833328,22.9
2026-10-07,18,UNIONBANK,Union Bank of India,173.15,0.027962479221087744,13484976,26.25
2026-10-07,19,LICHSGFIN,LIC Housing Finance Ltd.,515.4,0.026693227091633354,2958457,42.85
2026-10-07,20,INDIACEM,India Cements Ltd.,303.05,0.02641828958509751,252820,44.81
2026-10-07,21,KEI,KEI Industries Ltd.,4677.7,0.02639662965726086,220874,33.32
2026-10-07,22,PNBHOUSING,PNB Housing Finance Ltd.,1131.0,0.026222665819798596,1125058,50.21
2026-10-07,23,RAINBOW,Rainbow Childrens Medicare Ltd.,1270.7,0.025006049850770262,409464,44.21
2026-10-07,24,LTFOODS,LT Foods Ltd.,418.2,0.02462330025725845,487332,36.7
2026-10-07,25,JUBLFOOD,Jubilant Foodworks Ltd.,460.6,0.02412451361867718,2597754,6.73
2026-10-07,26,PNB,Punjab National Bank,114.59,0.023856325947105184,18275898,31.68
2026-10-07,27,ANGELONE,Angel One Ltd.,302.0,0.023728813559322104,13538340,34.45
2026-10-07,28,GROWW,Billionbrains Garage Ventures Ltd.,197.75,0.02360370619597285,42404060,58.28
2026-10-07,29,GILLETTE,Gillette India Ltd.,7223.5,0.02359359501204472,26580,62.12
2026-10-07,30,GESHIP,Great Eastern Shipping Co. Ltd.,1567.9,0.023032754795772048,464716,53.63
2026-10-07,31,PAYTM,One 97 Communications Ltd.,1732.0,0.022432113341204207,5016093,33.89
2026-10-07,32,CPPLUS,Aditya Infotech Ltd.,4064.9,0.022359154929577407,208910,52.9
2026-10-07,33,BALRAMCHIN,Balrampur Chini Mills Ltd.,706.6,0.02213221466801696,1646549,28.28
2026-10-07,34,LEMONTREE,Lemon Tree Hotels Ltd.,112.52,0.02179440610243355,6232616,48.15
2026-10-07,35,ADANIGREEN,Adani Green Energy Ltd.,1341.4,0.0216298552932217,6420423,40.35
2026-10-07,36,DEEPAKFERT,Deepak Fertilisers & Petrochemicals Corp. Ltd.,1415.4,0.02150692840646662,423588,43.53
2026-10-07,37,AARTIIND,Aarti Industries Ltd.,491.25,0.02099137483113389,570690,43.82
2026-10-07,38,BAJAJHFL,Bajaj Housing Finance Ltd.,84.08,0.020883924235065576,4604045,52.54
2026-10-07,39,CANHLIFE,Canara HSBC Life Insurance Company Ltd.,146.06,0.020470900579892426,2983478,42.69
2026-10-07,40,ASAHIINDIA,Asahi India Glass Ltd.,976.25,0.020168242854903484,142786,40.12
2026-10-07,41,POLYCAB,Polycab India Ltd.,8310.0,0.020007364674113237,531310,55.95
2026-10-07,42,FORTIS,Fortis Healthcare Ltd.,779.1,0.019764397905759123,1858360,56.48
2026-10-07,43,TARIL,Transformers And Rectifiers (India) Ltd.,289.15,0.019390093424995536,3041176,25.55
2026-10-07,44,INDIANB,Indian Bank,828.3,0.018819188191881775,1140038,31.38
2026-10-07,45,KOTAKBANK,Kotak Mahindra Bank Ltd.,440.0,0.01875434128270448,37972097,70.73
2026-10-07,46,ASTRAL,Astral Ltd.,1427.7,0.01811309990729515,759824,40.23
2026-10-07,47,JKCEMENT,J.K. Cement Ltd.,5047.0,0.017540322580645196,39360,47.82
2026-10-07,48,JAINREC,Jain Resource Recycling Ltd.,295.15,0.017232465965879795,1303023,23.77
2026-10-07,49,GVT&D,GE Vernova T&D India Ltd.,4316.3,0.01677227862712294,660155,54.76
2026-10-07,50,WELCORP,Welspun Corp Ltd.,2704.6,0.01642301476943886,1200738,35.52
2026-10-07,51,MCX,Multi Commodity Exchange of India Ltd.,3362.6,0.015891238670694863,2369566,46.04
2026-10-07,52,CGCL,Capri Global Capital Ltd.,250.74,0.015635126377187447,1754021,39.63
2026-10-07,53,BSE,BSE Ltd.,3356.0,0.015431164901664074,6608257,39.95
2026-10-07,54,DMART,Avenue Supermarts Ltd.,3636.0,0.015103715904966508,406908,44.93
2026-10-07,55,KARURVYSYA,Karur Vysya Bank Ltd.,330.1,0.015067650676506839,2515356,61.29
2026-10-07,56,APOLLOTYRE,Apollo Tyres Ltd.,407.6,0.015066616859668702,546102,45.95
2026-10-07,57,SUPREMEIND,Supreme Industries Ltd.,3550.0,0.014894651076360121,381975,35.37
2026-10-07,58,TEGA,Tega Industries Ltd.,2123.6,0.01486260454002375,488724,37.56
2026-10-07,59,AAVAS,Aavas Financiers Ltd.,1231.7,0.01366142704304174,44345,45.68
2026-10-07,60,OIL,Oil India Ltd.,453.75,0.013174053812660347,1445019,57.23
2026-10-07,61,BHARTIARTL,Bharti Airtel Ltd.,1833.9,0.012924606462303201,13920833,66.95
2026-10-07,62,SHYAMMETL,Shyam Metalics and Energy Ltd.,1067.3,0.012618595825426793,514924,41.0
2026-10-07,63,PPLPHARMA,Piramal Pharma Ltd.,203.01,0.012417713943746245,2298287,39.04
2026-10-07,64,LGEINDIA,LG Electronics India Ltd.,1780.3,0.0123393608552258,371600,48.07
2026-10-07,65,AVANTIFEED,Avanti Feeds Ltd.,722.3,0.011482985576249716,237908,35.81
2026-10-07,66,CANBK,Canara Bank,119.15,0.01128840604311665,17756429,34.82
2026-10-07,67,SWANCORP,Swan Corp Ltd.,271.85,0.011158638646085128,1528441,23.4
2026-10-07,68,ALKEM,Alkem Laboratories Ltd.,5350.5,0.011054421768707412,205152,59.55
2026-10-07,69,ENRIN,Siemens Energy India Ltd.,3344.0,0.011035525321239525,426581,39.48
2026-10-07,70,ICICIBANK,ICICI Bank Ltd.,1357.5,0.01094727435210019,14774121,60.4
2026-10-07,71,FEDERALBNK,Federal Bank Ltd.,323.5,0.010937500000000044,8632011,65.06
2026-10-07,72,GRANULES,Granules India Ltd.,845.3,0.010640841702534543,1224602,43.99
2026-10-07,73,BANKINDIA,Bank of India,133.55,0.010517554479418934,9853574,37.55
2026-10-07,74,HEXT,Hexaware Technologies Ltd.,505.5,0.010393763741754825,146911,56.43
2026-10-07,75,ZYDUSWELL,Zydus Wellness Ltd.,507.55,0.010250796178344013,147985,34.09
2026-10-07,76,KAJARIACER,Kajaria Ceramics Ltd.,1226.2,0.01021585104630085,238403,48.75
2026-10-07,77,OLAELEC,Ola Electric Mobility Ltd.,36.32,0.010011123470522687,61427676,20.55
2026-10-07,78,IEX,Indian Energy Exchange Ltd.,105.85,0.009441159641426555,7531830,25.56
2026-10-07,79,THANGAMAYL,Thangamayil Jewellery Ltd.,4803.0,0.009351686455815855,51777,39.07
2026-10-07,80,SUMICHEM,Sumitomo Chemical India Ltd.,421.95,0.009329027628274034,221961,32.88
2026-10-07,81,AFCONS,Afcons Infrastructure Ltd.,244.38,0.009209167871154111,230744,30.48
2026-10-07,82,CDSL,Central Depository Services (India) Ltd.,1275.0,0.009181573531739762,1021756,34.39
2026-10-07,83,PFC,Power Finance Corporation Ltd.,325.55,0.009144451332919967,15838626,52.38
2026-10-07,84,NYKAA,FSN E-Commerce Ventures Ltd.,341.25,0.009018332347723312,6078112,51.7
2026-10-07,85,OFSS,Oracle Financial Services Software Ltd.,10576.0,0.008967754245372994,201807,34.5
2026-10-07,86,CENTRALBK,Central Bank of India,30.44,0.008280887711162643,3892597,34.87
2026-10-07,87,AMBER,Amber Enterprises India Ltd.,6925.0,0.00815256951521337,91287,37.02
2026-10-07,88,APARINDS,Apar Industries Ltd.,18160.0,0.00799289520426294,106708,41.03
2026-10-07,89,RADICO,Radico Khaitan Ltd,4495.0,0.007824936660612902,460029,59.66
2026-10-07,90,BANKBARODA,Bank of Baroda,234.55,0.007820220856787019,6320157,42.43
2026-10-07,91,MSUMI,Motherson Sumi Wiring India Ltd.,33.57,0.007805463824677172,9270659,51.51
2026-10-07,92,INDIAMART,Indiamart Intermesh Ltd.,1605.3,0.007784543913616604,58405,42.94
2026-10-07,93,JMFINANCIL,JM Financial Ltd.,124.92,0.007419354838709591,1531478,53.18
2026-10-07,94,SWIGGY,Swiggy Ltd.,246.0,0.0073710073710073765,16172713,31.42
2026-10-07,95,GICRE,General Insurance Corporation of India,316.55,0.0073190135242642285,681917,52.94
2026-10-07,96,SUNTV,Sun TV Network Ltd.,636.5,0.006960923904445471,1153473,21.11
2026-10-07,97,COALINDIA,Coal India Ltd.,414.5,0.006923357220940174,6400277,60.0
2026-10-07,98,USHAMART,Usha Martin Ltd.,520.25,0.006870524482291307,962383,61.8
2026-10-07,99,SANSERA,Sansera Engineering Ltd.,4261.7,0.006803846062982899,125963,43.1
2026-10-07,100,TBOTEK,TBO Tek Ltd.,1704.5,0.0066737538388850215,1938711,52.18
