family,contrast,h,diff%,lo,hi,p,p_holm,q_bh,p_L8,p_L8_holm
distance above hi252 (M11),3-5% − 0-1%,20,1.6456658114951745,0.3676745133602425,2.8491494589756745,0.02725,1.0,0.3318333333333333,0.0245,1.0
distance above hi252 (M11),3-5% − 0-1%,10,0.93775965996408,0.16571879171779505,1.6795584332295368,0.03825,1.0,0.3318333333333333,0.027,1.0
repeat A: prior M11 signal ≤63s (M11),repeat − first,10,0.5405080178955,0.10424492321383812,0.9742263722234298,0.04225,1.0,0.3318333333333333,0.02825,1.0
volume (all breakouts),1.25-1.5 − >=3,60,-2.5925771421668884,-4.612616187306991,-0.35923447908723644,0.0425,1.0,0.3318333333333333,0.02975,1.0
distance above hi252 (M11),3-5% − 0-1%,5,0.49263751270290396,0.09710539777395692,0.9041017155491403,0.04425,1.0,0.3318333333333333,0.03525,1.0
distance above hi252 (M11),3-5% − 0-1%,60,2.469614548754464,0.46485579408464567,4.46313207777721,0.04525,1.0,0.3318333333333333,0.047,1.0
repeat B: any close>hi252 ≤63s (M11),repeat − first,5,0.441793951624068,0.027432254052335875,0.8253685342795959,0.06875,1.0,0.39049999999999996,0.04375,1.0
volume (all breakouts),1-1.25 − >=3,5,0.6058305545734366,0.05563719469165669,1.1557284711411748,0.071,1.0,0.39049999999999996,0.0585,1.0
distance above hi252 (M11),>5% − 0-1%,10,-0.6776136520854462,-1.3483583154651193,0.000960131521239028,0.0985,1.0,0.4815555555555556,0.0935,1.0
distance above hi252 (M11),>5% − 0-1%,5,-0.4554640555969635,-0.9677264331154182,0.10206906135972355,0.1585,1.0,0.5681176470588235,0.2235,1.0
volume (all breakouts),<1 − >=3,5,0.5135700396852436,-0.08143328705448113,1.157590788161088,0.17375,1.0,0.5681176470588235,0.212,1.0
volume (all breakouts),1.25-1.5 − >=3,5,-0.28770956610810366,-0.6219185766065396,0.07676148206288276,0.17475,1.0,0.5681176470588235,0.2055,1.0
repeat B: any close>hi252 ≤63s (M11),repeat − first,10,0.4849298121920209,-0.12417193114813878,1.0693683189698362,0.18275,1.0,0.5681176470588235,0.178,1.0
repeat A: prior M11 signal ≤63s (M11),repeat − first,20,0.6229041949522162,-0.14468757905183816,1.3728651117554624,0.18625,1.0,0.5681176470588235,0.15225,1.0
distance above hi252 (M11),1-3% − 0-1%,20,0.3955655066721344,-0.11438945788115815,0.8937249962933635,0.1985,1.0,0.5681176470588235,0.232,1.0
volume (all breakouts),1-1.25 − >=3,10,0.6480851207000717,-0.19252201453664944,1.4915123716038357,0.21475,1.0,0.5681176470588235,0.1925,1.0
repeat A: prior M11 signal ≤63s (M11),repeat − first,60,1.163349180166509,-0.37262225622282696,2.6711857231066083,0.2195,1.0,0.5681176470588235,0.19725,1.0
M11 vs rejected,M11 − rejected,5,-0.2689202215391153,-0.6570142798169522,0.09166291707417606,0.24725,1.0,0.604388888888889,0.28075,1.0
volume (all breakouts),1.5-2 − >=3,60,-1.4462678920971443,-3.566901877315783,0.786314735922249,0.27225,1.0,0.6304736842105263,0.25,1.0
M11 vs rejected,M11 − rejected,60,1.1962864647399014,-0.872274590312613,3.054563910164582,0.3115,1.0,0.6461304347826087,0.31575,1.0
distance above hi252 (M11),1-3% − 0-1%,60,0.849995019787493,-0.5208594425578288,2.34593692922292,0.317,1.0,0.6461304347826087,0.2915,1.0
volume (all breakouts),1-1.25 − >=3,60,-1.5849239098332504,-4.247368317265166,1.0722327364085449,0.3245,1.0,0.6461304347826087,0.32175,1.0
volume (all breakouts),<1 − >=3,20,0.8179045271579227,-0.4687967783351041,2.334353620908692,0.33775,1.0,0.6461304347826087,0.35575,1.0
M11 vs rejected,M11 − rejected,10,-0.33650034573901433,-0.9685250419739772,0.25528747208709224,0.382,1.0,0.6776,0.396,1.0
volume (all breakouts),2-3 − >=3,60,-0.7684562070960854,-2.2090816514215716,0.7842503476599311,0.385,1.0,0.6776,0.352,1.0
volume (all breakouts),<1 − >=3,10,0.5897870200015296,-0.5262363762843045,1.835792630610513,0.41825,1.0,0.7078076923076924,0.44175,1.0
volume (all breakouts),1-1.25 − >=3,20,-0.354788453465883,-1.4152084314488251,0.6228369609933831,0.55575,1.0,0.9056666666666665,0.544,1.0
repeat A: prior M11 signal ≤63s (M11),repeat − first,5,0.08782231852759023,-0.19629852074830834,0.3615024827074524,0.6105,1.0,0.9104117647058824,0.57275,1.0
distance above hi252 (M11),1-3% − 0-1%,5,-0.08592622637888878,-0.37410665539694427,0.2031658995072577,0.62275,1.0,0.9104117647058824,0.63425,1.0
volume (all breakouts),1.25-1.5 − >=3,10,-0.19469471555777573,-0.8561477115005123,0.5030695238461065,0.64325,1.0,0.9104117647058824,0.63625,1.0
distance above hi252 (M11),>5% − 0-1%,20,-0.34949712531264837,-1.5626412269289527,0.959076769631245,0.65925,1.0,0.9104117647058824,0.6025,1.0
M11 vs rejected,M11 − rejected,20,-0.15739962998688833,-0.8141437084778685,0.4918177353220767,0.6855,1.0,0.9104117647058824,0.67575,1.0
repeat B: any close>hi252 ≤63s (M11),repeat − first,20,0.2724791404837597,-0.78080473594547,1.3310803719836788,0.68625,1.0,0.9104117647058824,0.6625,1.0
volume (all breakouts),1.5-2 − >=3,5,0.12227666923790058,-0.39549395046641544,0.6661108620853782,0.7035,1.0,0.9104117647058824,0.712,1.0
volume (all breakouts),<1 − >=3,60,-0.7571937651191956,-4.049578947286832,3.2262266498142664,0.739,1.0,0.9290285714285714,0.74925,1.0
volume (all breakouts),1.25-1.5 − >=3,20,-0.1600925842667762,-0.9931879648946031,0.7490653910168947,0.7665,1.0,0.9368333333333334,0.7315,1.0
volume (all breakouts),2-3 − >=3,5,-0.05155198855224538,-0.3985086342911565,0.2944150958147562,0.8055,1.0,0.9474102564102564,0.784,1.0
volume (all breakouts),1.5-2 − >=3,10,0.11075078208004237,-0.6669657124700081,0.9336640235900174,0.823,1.0,0.9474102564102564,0.8115,1.0
volume (all breakouts),1.5-2 − >=3,20,-0.13398869935459368,-1.1995288549848433,0.99968379247846,0.83975,1.0,0.9474102564102564,0.8395,1.0
distance above hi252 (M11),1-3% − 0-1%,10,0.0277773560306554,-0.36564777341694576,0.4168773467175483,0.90025,1.0,0.9879534883720931,0.92375,1.0
volume (all breakouts),2-3 − >=3,10,-0.022369463179305576,-0.6331326213246183,0.6233019931289113,0.95,1.0,0.9879534883720931,0.94375,1.0
volume (all breakouts),2-3 − >=3,20,-0.017133196339949586,-0.6792380121140463,0.7108636543438995,0.965,1.0,0.9879534883720931,0.9695,1.0
repeat B: any close>hi252 ≤63s (M11),repeat − first,60,-0.05307508182569934,-2.4696368757056777,2.4468381475956624,0.9655,1.0,0.9879534883720931,0.97125,1.0
distance above hi252 (M11),>5% − 0-1%,60,-0.004641458563463263,-2.3768594553219455,2.7055653255337626,0.99775,1.0,0.99775,0.9965,1.0
