date,cohort,n,members,random_seed
2026-09-17,DISCOVERY,100,TEGA HBLENGINE SYRMA NIACL TATACHEM JKCEMENT TATAINVEST INDIACEM HDFCLIFE ACE PARADEEP VIJAYA AIAENG WELSPUNLIV AEGISVOPAK BHEL PFOCUS TMPV MFSL ICICIPRULI APARINDS GRANULES SBILIFE TTML KAYNES KIRLOSENG CDSL PCBL CEATLTD TDPOWERSYS JINDALSAW USHAMART AFCONS POWERINDIA ALKEM CGPOWER KIMS BLUESTARCO ICICIGI ENRIN REDINGTON DRREDDY SBICARD CARBORUNIV ABSLAMC TRITURBINE GLAND AUROPHARMA TMCV GMRAIRPORT ADANIENSOL SHYAMMETL DLF RAILTEL NLCINDIA STARHEALTH IFCI KIRLOSBROS EIHOTEL CIEINDIA ASTERDM LUPIN BEL WOCKPHARMA ZYDUSLIFE FINCABLES GALLANTT RKFORGE GESHIP MANKIND PIRAMALFIN TATAPOWER ENDURANCE SCHAEFFLER INDIGO TATASTEEL AADHARHFC JINDALSTEL LTF ANANTRAJ ABCAPITAL MOTHERSON PIIND SRF LAURUSLABS CGCL SWIGGY PAGEIND BALKRISIND ABB RVNL VISL ANTHEM DATAPATTNS CUB JIOFIN OBEROIRLTY HAL JUBLFOOD ABREL,
2026-09-17,ELIGIBLE,344,AADHARHFC AARTIIND ABB ABBOTINDIA ABCAPITAL ABDL ABREL ABSLAMC ACE ACMESOLAR ACUTAAS ADANIENSOL ADANIENT ADANIGREEN ADANIPORTS ADANIPOWER AEGISLOG AEGISVOPAK AETHER AFCONS AIAENG AIIL AJANTPHARM ALKEM AMBER ANANDRATHI ANANTRAJ ANGELONE ANTHEM APARINDS APLAPOLLO APOLLOHOSP APOLLOTYRE ASAHIINDIA ASTERDM ATGL ATHERENERG ATUL AUBANK AUROPHARMA AVANTIFEED AXISBANK AZAD BAJAJ-AUTO BAJAJHFL BAJAJHLDNG BALKRISIND BALRAMCHIN BANDHANBNK BANKBARODA BBOX BEL BELRISE BEML BHARATFORG BHARTIARTL BHEL BIOCON BLUESTARCO BOSCHLTD BPCL BRIGADE BSE BSOFT CAMS CANFINHOME CAPLIPOINT CARBORUNIV CARTRADE CCL CDSL CEATLTD CEMPRO CESC CGCL CGPOWER CHENNPETRO CHOICEIN CHOLAFIN CIEINDIA CIPLA CLEAN COALINDIA COCHINSHIP COFORGE COHANCE COLPAL CONCOR CONCORDBIO COROMANDEL CPPLUS CRAFTSMAN CREDITACC CROMPTON CUB CUMMINSIND CUPID CYIENT DABUR DALBHARAT DATAPATTNS DEEPAKFERT DEEPAKNTR DEVYANI DIVISLAB DLF DMART DRREDDY ECLERX EMAMILTD EMCURE ENDURANCE ENRIN ESCORTS ETERNAL EXIDEIND FINCABLES FIRSTCRY FIVESTAR FLUOROCHEM FORCEMOT FORTIS FSL GABRIEL GESHIP GICRE GILLETTE GLAND GLAXO GLENMARK GMDCLTD GMRAIRPORT GODREJPROP GPIL GRANULES GRAPHITE GRAVITA GVT&D HAL HBLENGINE HCLTECH HDBFS HDFCAMC HDFCBANK HDFCLIFE HEROMOTOCO HEXT HINDALCO HINDCOPPER HINDPETRO HINDUNILVR HINDZINC HONASA HSCL HYUNDAI ICICIGI ICICIPRULI IDBI IDFCFIRSTB IEX IFCI IGIL IKS INDIGO INDUSINDBK INDUSTOWER INFY INOXINDIA INOXWIND INTELLECT IOC IREDA ITC J&KBANK JBMA JINDALSAW JINDALSTEL JIOFIN JKCEMENT JSL JSWENERGY JSWINFRA JSWSTEEL JUBLFOOD JYOTICNC KAJARIACER KALYANKJIL KARURVYSYA KAYNES KEC KIMS KIRLOSENG KOTAKBANK KPIL KPITTECH KPRMILL KSB LAURUSLABS LICHSGFIN LLOYDSME LODHA LT LTF LTFOODS LTM LTTS LUPIN M&M MANAPPURAM MANKIND MARICO MAXHEALTH MCX MEDANTA MFSL MGL MINDACORP MOTHERSON MOTILALOFS MPHASIS MRPL MUTHOOTFIN NAM-INDIA NATCOPHARM NATIONALUM NAUKRI NAVA NAVINFLUOR NESTLEIND NETWEB NEULANDLAB NH NHPC NIACL NLCINDIA NMDC NTPC NTPCGREEN NUVAMA NYKAA OBEROIRLTY OFSS OIL ONESOURCE ONGC PAGEIND PARADEEP PATANJALI PAYTM PCBL PERSISTENT PETRONET PFOCUS PGEL PHOENIXLTD PIDILITIND PIIND PNB PNBHOUSING POLICYBZR POLYCAB POLYMED POWERGRID POWERINDIA PPLPHARMA PREMIERENE PRIVISCL PTCIL PVRINOX RADICO RAILTEL RAINBOW RBLBANK RECLTD REDINGTON RKFORGE RRKABEL RVNL SAILIFE SANSERA SARDAEN SBICARD SBILIFE SBIN SCHAEFFLER SCHNEIDER SHRIPISTON SHRIRAMFIN SHYAMMETL SJVN SOLARINDS SONACOMS SRF STARHEALTH SUNTV SWANCORP SWIGGY SYRMA TATACHEM TATACOMM TATACONSUM TATAELXSI TATAPOWER TATASTEEL TATATECH TBOTEK TCS TDPOWERSYS TECHM TECHNOE TEGA TEJASNET THANGAMAYL THERMAX TIINDIA TIMKEN TITAN TMPV TORNTPHARM TORNTPOWER TRENT TRITURBINE UBL ULTRACEMCO UNIONBANK UNITDSPR UNOMINDA USHAMART VBL VEDL VIJAYA VOLTAS VTL WAAREEENER WELCORP WELSPUNLIV WIPRO WOCKPHARMA ZEEL ZENSARTECH ZENTEC ZFCVINDIA ZYDUSLIFE ZYDUSWELL,20260917
2026-09-17,MQS10,10,LAURUSLABS REDINGTON GLAND DIVISLAB AUROPHARMA PAYTM ACE GRANULES EMCURE SAILIFE,
2026-09-17,MQS10_EQS,10,LAURUSLABS REDINGTON GLAND DIVISLAB AUROPHARMA PAYTM ACE GRANULES EMCURE SAILIFE,
2026-09-17,PERSIST10,10,TEGA HDFCLIFE ACE AEGISVOPAK GRANULES TDPOWERSYS BLUESTARCO REDINGTON ABSLAMC GMRAIRPORT,
2026-09-17,RAW10,10,TEGA HBLENGINE SYRMA NIACL TATACHEM JKCEMENT HDFCLIFE ACE PARADEEP VIJAYA,
2026-09-17,MOM63_10,10,WELCORP PAYTM ATHERENERG CUPID KALYANKJIL PFOCUS REDINGTON DIVISLAB LAURUSLABS SANSERA,
2026-09-18,DISCOVERY,100,ATGL POONAWALLA WELCORP AZAD SUPREMEIND JYOTICNC PWL SYRMA JSWINFRA UNOMINDA RVNL BEML SANSERA AIIL EIHOTEL APARINDS CAPLIPOINT ACMESOLAR ATHERENERG HOMEFIRST TDPOWERSYS SCHAEFFLER APLAPOLLO MEDANTA ABBOTINDIA ABCAPITAL IGIL ADANIPORTS PAYTM EMCURE IREDA THANGAMAYL COCHINSHIP ADANIGREEN BELRISE POWERINDIA TECHNOE UPL AEGISLOG KSB BBOX HONAUT NAVINFLUOR GMRAIRPORT CENTRALBK SHRIPISTON BALKRISIND CMPDI IRCTC HONASA COLPAL KPRMILL INOXINDIA HINDZINC JUBLFOOD EXIDEIND PINELABS PVRINOX DALBHARAT LENSKART SIEMENS BHARTIHEXA VEDL PAGEIND BDL URBANCO SONACOMS GODFRYPHLP ENRIN TBOTEK ACUTAAS LODHA CARBORUNIV AFFLE HAVELLS KFINTECH JSL INOXWIND COROMANDEL ADANIENSOL RADICO WAAREEENER SAILIFE PATANJALI ICICIAMC VIJAYA CHOICEIN BAJAJHFL LTF MEESHO MAHABANK HSCL CONCOR ADANIENT KPIL GICRE PETRONET NAM-INDIA NH MAZDOCK,
2026-09-18,ELIGIBLE,339,AADHARHFC AARTIIND ABB ABBOTINDIA ABCAPITAL ABDL ABREL ABSLAMC ACE ACMESOLAR ACUTAAS ADANIENSOL ADANIENT ADANIGREEN ADANIPORTS ADANIPOWER AEGISLOG AEGISVOPAK AETHER AFCONS AFFLE AIAENG ALKEM AMBER ANANDRATHI ANANTRAJ ANGELONE ANTHEM APARINDS APLAPOLLO APOLLOHOSP APOLLOTYRE ASAHIINDIA ASTERDM ATGL ATHERENERG ATUL AUROPHARMA AVANTIFEED AXISBANK AZAD BAJAJ-AUTO BAJAJHFL BAJAJHLDNG BALKRISIND BALRAMCHIN BANDHANBNK BANKBARODA BBOX BDL BEL BELRISE BEML BHARTIARTL BHEL BIOCON BLUESTARCO BOSCHLTD BPCL BRIGADE BSE BSOFT CAMS CANFINHOME CAPLIPOINT CARBORUNIV CARTRADE CDSL CEATLTD CEMPRO CESC CGCL CGPOWER CHENNPETRO CHOICEIN CHOLAFIN CIEINDIA CIPLA CLEAN COALINDIA COCHINSHIP COFORGE COHANCE COLPAL CONCOR CONCORDBIO COROMANDEL CPPLUS CRAFTSMAN CREDITACC CROMPTON CUB CUMMINSIND CUPID CYIENT DABUR DALBHARAT DATAPATTNS DEEPAKFERT DEEPAKNTR DEVYANI DLF DMART DRREDDY ECLERX EMAMILTD EMCURE ENDURANCE ENRIN ETERNAL EXIDEIND FINCABLES FIRSTCRY FIVESTAR FLUOROCHEM FORCEMOT FORTIS FSL GABRIEL GESHIP GICRE GLAND GLAXO GLENMARK GMDCLTD GMRAIRPORT GODFRYPHLP GODREJPROP GPIL GRANULES GRAPHITE GRAVITA HAL HAVELLS HBLENGINE HCLTECH HDBFS HDFCAMC HDFCBANK HDFCLIFE HEROMOTOCO HINDALCO HINDPETRO HINDUNILVR HINDZINC HOMEFIRST HONASA HSCL HYUNDAI ICICIGI ICICIPRULI IDBI IDFCFIRSTB IEX IFCI IGIL IKS INDIGO INDUSINDBK INDUSTOWER INFY INOXINDIA INOXWIND IOC IRCTC IREDA ITC J&KBANK JBMA JINDALSAW JINDALSTEL JIOFIN JKCEMENT JSL JSWENERGY JSWINFRA JSWSTEEL JUBLFOOD JYOTICNC KALYANKJIL KARURVYSYA KAYNES KEC KFINTECH KIMS KIRLOSENG KOTAKBANK KPIL KPITTECH KPRMILL KSB LAURUSLABS LICHSGFIN LLOYDSME LODHA LT LTF LTM LTTS LUPIN M&M MAHABANK MANAPPURAM MANKIND MARICO MAXHEALTH MAZDOCK MCX MEDANTA MFSL MGL MOTHERSON MOTILALOFS MPHASIS MRPL MUTHOOTFIN NAM-INDIA NATCOPHARM NATIONALUM NAUKRI NAVA NAVINFLUOR NESTLEIND NETWEB NEULANDLAB NH NHPC NIACL NLCINDIA NMDC NTPC NTPCGREEN NUVAMA NYKAA OBEROIRLTY OFSS OIL ONESOURCE ONGC PAGEIND PARADEEP PATANJALI PAYTM PCBL PERSISTENT PETRONET PFOCUS PGEL PHOENIXLTD PIDILITIND PIIND PNB PNBHOUSING POLICYBZR POLYMED POONAWALLA POWERGRID POWERINDIA PREMIERENE PRIVISCL PTCIL PVRINOX RADICO RAILTEL RAINBOW RBLBANK RECLTD REDINGTON RKFORGE RRKABEL RVNL SAILIFE SANSERA SARDAEN SBICARD SBILIFE SBIN SCHAEFFLER SCHNEIDER SHRIPISTON SHRIRAMFIN SHYAMMETL SIEMENS SJVN SONACOMS SRF STARHEALTH SUNTV SUPREMEIND SWANCORP SWIGGY SYRMA TATACHEM TATACOMM TATACONSUM TATAELXSI TATAPOWER TATASTEEL TBOTEK TCS TDPOWERSYS TECHM TECHNOE TEGA TEJASNET THANGAMAYL THERMAX TIINDIA TIMKEN TITAN TMPV TORNTPHARM TORNTPOWER TRENT TRITURBINE UBL ULTRACEMCO UNIONBANK UNITDSPR UNOMINDA UPL URBANCO USHAMART VBL VEDL VIJAYA VOLTAS VTL WAAREEENER WELCORP WELSPUNLIV WIPRO WOCKPHARMA ZEEL ZENSARTECH ZENTEC ZFCVINDIA ZYDUSLIFE ZYDUSWELL,20260918
2026-09-18,MQS10,10,EMCURE ACMESOLAR AUROPHARMA LAURUSLABS ANTHEM SHYAMMETL RADICO ABBOTINDIA RBLBANK PAYTM,
2026-09-18,MQS10_EQS,10,EMCURE ACMESOLAR AUROPHARMA LAURUSLABS ANTHEM SHYAMMETL RADICO ABBOTINDIA RBLBANK PAYTM,
2026-09-18,PERSIST10,10,SANSERA APARINDS TDPOWERSYS PAYTM EMCURE POWERINDIA AEGISLOG GMRAIRPORT PVRINOX ACUTAAS,
2026-09-18,RAW10,10,ATGL POONAWALLA WELCORP AZAD SUPREMEIND JYOTICNC SYRMA JSWINFRA UNOMINDA RVNL,
2026-09-18,MOM63_10,10,WELCORP PAYTM ATHERENERG PFOCUS KALYANKJIL CUPID REDINGTON JYOTICNC ECLERX SANSERA,
2026-09-21,DISCOVERY,100,TEGA PATANJALI JPPOWER ENGINERSIN JYOTICNC MANKIND CONCORDBIO USHAMART ACMESOLAR COHANCE AEGISLOG FACT WOCKPHARMA CARBORUNIV CLEANMAX SYNGENE WELCORP EMMVEE KAYNES SOLARINDS CPPLUS BBOX GESHIP LICHSGFIN NAUKRI ICICIGI UTIAMC EMAMILTD LAURUSLABS PPLPHARMA NTPCGREEN POLICYBZR AAVAS VOLTAS ETERNAL PHOENIXLTD PRESTIGE TORNTPHARM BLS DIXON BIOCON MARICO HCLTECH URBANCO HEROMOTOCO DLF SWANCORP PFOCUS CHOICEIN PRIVISCL BANDHANBNK PCBL MEESHO BLUESTARCO CIEINDIA CGPOWER OBEROIRLTY LUPIN PREMIERENE YESBANK UNITDSPR ECLERX PVRINOX DEVYANI INTELLECT LTFOODS ITC SCHNEIDER RAMCOCEM AARTIIND SUNPHARMA RELIANCE DEEPAKFERT OLAELEC INDHOTEL MAXHEALTH DELHIVERY TITAN ZYDUSWELL HDFCLIFE SBILIFE GPIL PGEL TECHM CESC DMART ABDL BSOFT BEL HOMEFIRST HINDCOPPER IIFL SUNTV SCI LALPATHLAB JINDALSAW ONGC BOSCHLTD COALINDIA HDFCBANK,
2026-09-21,ELIGIBLE,344,AADHARHFC AARTIIND AAVAS ABB ABBOTINDIA ABCAPITAL ABDL ABREL ABSLAMC ACE ACMESOLAR ACUTAAS ADANIENSOL ADANIENT ADANIGREEN ADANIPORTS AEGISLOG AEGISVOPAK AETHER AFCONS AFFLE AIAENG ALKEM AMBER ANANDRATHI ANANTRAJ ANGELONE ANTHEM APARINDS APLAPOLLO APOLLOTYRE ASAHIINDIA ASTERDM ATGL ATHERENERG ATUL AUROPHARMA AVANTIFEED AXISBANK AZAD BAJAJ-AUTO BAJAJHFL BAJAJHLDNG BALKRISIND BALRAMCHIN BANDHANBNK BANKBARODA BBOX BDL BEL BELRISE BEML BHARTIARTL BHEL BIOCON BLS BLUESTARCO BOSCHLTD BPCL BRIGADE BSE BSOFT CAMS CANFINHOME CAPLIPOINT CARBORUNIV CARTRADE CDSL CEATLTD CEMPRO CESC CGCL CGPOWER CHENNPETRO CHOICEIN CHOLAFIN CIEINDIA CIPLA CLEAN COALINDIA COCHINSHIP COFORGE COHANCE COLPAL CONCOR CONCORDBIO COROMANDEL CPPLUS CREDITACC CROMPTON CUB CUMMINSIND CUPID CYIENT DABUR DALBHARAT DATAPATTNS DEEPAKFERT DEEPAKNTR DELHIVERY DEVYANI DIXON DLF DMART DRREDDY ECLERX EMAMILTD EMCURE ENDURANCE ENGINERSIN ENRIN ETERNAL EXIDEIND FACT FINCABLES FIRSTCRY FIVESTAR FORCEMOT FSL GABRIEL GESHIP GICRE GLAND GLAXO GLENMARK GMDCLTD GMRAIRPORT GODFRYPHLP GODREJPROP GPIL GRANULES GRAPHITE HAL HAVELLS HBLENGINE HCLTECH HDBFS HDFCAMC HDFCBANK HDFCLIFE HEROMOTOCO HEXT HINDALCO HINDCOPPER HINDPETRO HINDUNILVR HINDZINC HOMEFIRST HONASA HSCL HYUNDAI ICICIGI ICICIPRULI IDBI IDFCFIRSTB IFCI IGIL IIFL IKS INDHOTEL INDIGO INDUSTOWER INFY INOXINDIA INOXWIND INTELLECT IOC IRCTC IREDA ITC J&KBANK JBMA JINDALSAW JINDALSTEL JIOFIN JKCEMENT JSL JSWINFRA JSWSTEEL JUBLFOOD JYOTICNC KALYANKJIL KARURVYSYA KAYNES KEC KFINTECH KIMS KIRLOSENG KOTAKBANK KPIL KPITTECH KPRMILL KSB LALPATHLAB LAURUSLABS LICHSGFIN LLOYDSME LODHA LT LTF LTFOODS LTM LTTS LUPIN M&M MAHABANK MANAPPURAM MANKIND MARICO MAXHEALTH MAZDOCK MCX MEDANTA MFSL MGL MOTHERSON MOTILALOFS MPHASIS MUTHOOTFIN NAM-INDIA NATCOPHARM NATIONALUM NAUKRI NAVA NAVINFLUOR NESTLEIND NETWEB NEULANDLAB NH NIACL NLCINDIA NTPCGREEN NUVAMA NYKAA OBEROIRLTY OFSS ONESOURCE ONGC PAGEIND PARADEEP PATANJALI PAYTM PCBL PERSISTENT PETRONET PFOCUS PGEL PHOENIXLTD PIDILITIND PIIND PNB PNBHOUSING POLICYBZR POLYMED POONAWALLA POWERGRID POWERINDIA PPLPHARMA PREMIERENE PRESTIGE PRIVISCL PTCIL PVRINOX RADICO RAILTEL RAINBOW RAMCOCEM RBLBANK RECLTD REDINGTON RELIANCE RKFORGE RRKABEL RVNL SAILIFE SANSERA SBICARD SBILIFE SBIN SCHAEFFLER SCHNEIDER SCI SHRIPISTON SHRIRAMFIN SHYAMMETL SIEMENS SOLARINDS SONACOMS SRF STARHEALTH SUNPHARMA SUNTV SUPREMEIND SWANCORP SWIGGY SYNGENE SYRMA TATACHEM TATACOMM TATACONSUM TATAELXSI TATAINVEST TATAPOWER TATASTEEL TBOTEK TCS TDPOWERSYS TECHM TECHNOE TEGA TEJASNET THANGAMAYL THERMAX TIINDIA TIMKEN TITAN TMPV TORNTPHARM TORNTPOWER TRENT TRITURBINE ULTRACEMCO UNIONBANK UNITDSPR UNOMINDA UPL URBANCO USHAMART VBL VEDL VIJAYA VOLTAS VTL WAAREEENER WELCORP WELSPUNLIV WIPRO WOCKPHARMA ZEEL ZENSARTECH ZENTEC ZFCVINDIA ZYDUSLIFE ZYDUSWELL,20260921
2026-09-21,MQS10,10,LAURUSLABS PAYTM AUROPHARMA AEGISVOPAK SHYAMMETL ACMESOLAR PVRINOX AEGISLOG EMCURE GLENMARK,
2026-09-21,MQS10_EQS,10,LAURUSLABS PAYTM AUROPHARMA AEGISVOPAK SHYAMMETL ACMESOLAR PVRINOX AEGISLOG EMCURE GLENMARK,
2026-09-21,PERSIST10,10,TEGA MANKIND ACMESOLAR AEGISLOG CARBORUNIV BBOX URBANCO BLUESTARCO PVRINOX HDFCLIFE,
2026-09-21,RAW10,10,TEGA PATANJALI ENGINERSIN JYOTICNC MANKIND CONCORDBIO USHAMART ACMESOLAR COHANCE AEGISLOG,
2026-09-21,MOM63_10,10,WELCORP PAYTM PFOCUS ATHERENERG KALYANKJIL JYOTICNC CUPID ECLERX AEGISLOG LAURUSLABS,
2026-09-22,DISCOVERY,100,GABRIEL MEESHO SUNTV JAINREC SANSERA ENGINERSIN RBLBANK JSWINFRA CEMPRO VISL FINCABLES IKS CPPLUS REDINGTON SWIGGY THANGAMAYL PIIND TENNIND VOGL PAGEIND SOLARINDS COALINDIA ANURAS BANDHANBNK IDEA RHIM VAML CARBORUNIV CUPID FIRSTCRY WELSPUNLIV RRKABEL NUVOCO ANANTRAJ EMAMILTD VMM BSE HBLENGINE IFCI NTPCGREEN KSB INOXINDIA OLAELEC NETWEB BHARATFORG APTUS CLEANMAX PINELABS PATANJALI GRAPHITE ETERNAL INDIGO LLOYDSME ITCHOTELS MANKIND SONACOMS ELECON CYIENT DEEPAKNTR MCX SYRMA ASAHIINDIA IIFL SUNDARMFIN KIRLOSENG BOSCHLTD ATUL LEMONTREE RAILTEL AFCONS DLF SOBHA PFOCUS OBEROIRLTY MANAPPURAM TIMKEN BRIGADE PHOENIXLTD TDPOWERSYS MOTILALOFS CHENNPETRO PWL INDUSTOWER BELRISE VBL GRSE LICI LENSKART TITAN CASTROLIND NAM-INDIA DRREDDY GMDCLTD PCBL ABBOTINDIA IGIL VEDL OLECTRA VEDPOWER ACE,
2026-09-22,ELIGIBLE,334,AADHARHFC AARTIIND AAVAS ABB ABBOTINDIA ABCAPITAL ABDL ABREL ABSLAMC ACE ACMESOLAR ACUTAAS ADANIENSOL ADANIENT ADANIGREEN ADANIPORTS AEGISLOG AEGISVOPAK AETHER AFCONS AFFLE AIAENG ALKEM ANANTRAJ ANGELONE ANTHEM ANURAS APARINDS APLAPOLLO APOLLOTYRE APTUS ASAHIINDIA ASTERDM ATGL ATHERENERG ATUL AUROPHARMA AXISBANK AZAD BAJAJ-AUTO BAJAJHFL BAJAJHLDNG BALKRISIND BANDHANBNK BBOX BDL BEL BELRISE BEML BHARATFORG BHARTIHEXA BHEL BIOCON BLS BLUESTARCO BOSCHLTD BPCL BRIGADE BSE BSOFT CAMS CANFINHOME CAPLIPOINT CARBORUNIV CARTRADE CASTROLIND CDSL CEATLTD CEMPRO CESC CGCL CGPOWER CHENNPETRO CHOICEIN CIEINDIA COALINDIA COCHINSHIP COFORGE COHANCE COLPAL CONCOR CONCORDBIO COROMANDEL CPPLUS CREDITACC CROMPTON CUB CUMMINSIND CUPID CYIENT DABUR DALBHARAT DATAPATTNS DEEPAKFERT DEEPAKNTR DELHIVERY DEVYANI DIXON DLF DMART DRREDDY ECLERX ELECON EMAMILTD EMCURE ENDURANCE ENGINERSIN ENRIN ETERNAL EXIDEIND FACT FINCABLES FIRSTCRY FIVESTAR FSL GABRIEL GESHIP GICRE GLAND GLAXO GLENMARK GMDCLTD GMRAIRPORT GODFRYPHLP GPIL GRANULES GRAPHITE GRSE HAL HAVELLS HBLENGINE HCLTECH HDBFS HDFCAMC HDFCBANK HDFCLIFE HEROMOTOCO HINDALCO HINDCOPPER HINDPETRO HINDUNILVR HINDZINC HOMEFIRST HONASA HSCL ICICIGI ICICIPRULI IDBI IFCI IGIL IIFL IKS INDHOTEL INDIGO INDUSTOWER INFY INOXINDIA INOXWIND INTELLECT IOC IRCTC IREDA ITC ITCHOTELS J&KBANK JBMA JINDALSAW JINDALSTEL JIOFIN JKCEMENT JSL JSWINFRA JSWSTEEL JUBLFOOD JYOTICNC KALYANKJIL KARURVYSYA KAYNES KEC KFINTECH KIMS KIRLOSENG KOTAKBANK KPIL KPITTECH KPRMILL KSB LALPATHLAB LAURUSLABS LEMONTREE LICHSGFIN LICI LLOYDSME LODHA LTF LTFOODS LTM LTTS LUPIN M&M MAHABANK MANAPPURAM MANKIND MARICO MAXHEALTH MAZDOCK MCX MEDANTA MFSL MOTHERSON MOTILALOFS MPHASIS MUTHOOTFIN NAM-INDIA NATCOPHARM NATIONALUM NAUKRI NAVA NAVINFLUOR NESTLEIND NETWEB NH NIACL NLCINDIA NTPCGREEN NUVAMA NYKAA OBEROIRLTY OFSS OLECTRA ONESOURCE ONGC PAGEIND PARADEEP PATANJALI PAYTM PCBL PETRONET PFOCUS PGEL PHOENIXLTD PIDILITIND PIIND PNB POLICYBZR POONAWALLA POWERINDIA PPLPHARMA PREMIERENE PRESTIGE PRIVISCL PTCIL PVRINOX RADICO RAILTEL RAINBOW RAMCOCEM RBLBANK RECLTD REDINGTON RELIANCE RKFORGE RRKABEL RVNL SAILIFE SANSERA SBICARD SBILIFE SBIN SCHAEFFLER SCHNEIDER SCI SHRIPISTON SHYAMMETL SIEMENS SOLARINDS SONACOMS SRF STARHEALTH SUNDARMFIN SUNPHARMA SUNTV SUPREMEIND SWANCORP SWIGGY SYNGENE SYRMA TATACHEM TATACOMM TATACONSUM TATAELXSI TATAINVEST TATAPOWER TATASTEEL TBOTEK TCS TDPOWERSYS TECHM TECHNOE TEGA TEJASNET THANGAMAYL THERMAX TIINDIA TIMKEN TITAN TMPV TORNTPHARM TORNTPOWER TRENT TRITURBINE UNIONBANK UNITDSPR UNOMINDA UPL URBANCO USHAMART VBL VEDL VIJAYA VMM VOLTAS VTL WAAREEENER WELCORP WELSPUNLIV WIPRO WOCKPHARMA ZEEL ZENSARTECH ZENTEC ZFCVINDIA ZYDUSLIFE ZYDUSWELL,20260922
2026-09-22,MQS10,10,LAURUSLABS AUROPHARMA ACMESOLAR REDINGTON PVRINOX WELSPUNLIV PFOCUS GLENMARK AEGISVOPAK RBLBANK,
2026-09-22,MQS10_EQS,8,LAURUSLABS AUROPHARMA ACMESOLAR REDINGTON PVRINOX GLENMARK AEGISVOPAK RBLBANK,
2026-09-22,PERSIST10,10,SANSERA REDINGTON CARBORUNIV PATANJALI MANKIND PFOCUS OBEROIRLTY TDPOWERSYS ABBOTINDIA ACE,
2026-09-22,RAW10,10,GABRIEL SUNTV SANSERA ENGINERSIN RBLBANK JSWINFRA CEMPRO FINCABLES IKS CPPLUS,
2026-09-22,MOM63_10,10,WELCORP PFOCUS PAYTM ATHERENERG KALYANKJIL SANSERA REDINGTON JYOTICNC CUPID LAURUSLABS,
2026-09-23,DISCOVERY,100,WHIRLPOOL ELECON OLAELEC WOCKPHARMA CLEANMAX SAIL VEDPOWER CUPID VISL CPPLUS OLECTRA FIVESTAR IFCI POLICYBZR CARBORUNIV JAINREC THANGAMAYL APTUS JUBLINGREA IKS BANDHANBNK VIJAYA ANANTRAJ MOTILALOFS TIMKEN RADICO DEEPAKFERT MCX BAJFINANCE NSLNISP CARTRADE KEI 360ONE HUDCO NATIONALUM HINDALCO TATASTEEL INTELLECT UNITDSPR FIRSTCRY VEDL JINDALSTEL SONACOMS IDFCFIRSTB TARIL DIVISLAB CRAFTSMAN CAMS KAJARIACER KEC NATCOPHARM AIIL VOLTAS APOLLOHOSP TATACAP VAML JKTYRE NBCC IIFL RHIM CANBK KIRLOSENG ARE&M JSWSTEEL VOGL SCHNEIDER WELCORP MGL HONASA BAJAJHLDNG BALRAMCHIN TMCV J&KBANK NTPCGREEN NMDC UBL NYKAA JINDALSAW TRITURBINE TRIDENT MAHABANK BELRISE LTFOODS PHOENIXLTD DOMS JSL ZYDUSWELL CMPDI NIACL JWL GALLANTT GRASIM BANKINDIA COHANCE NH VMM HEGAM AVANTIFEED VTL RAILTEL,
2026-09-23,ELIGIBLE,349,360ONE AADHARHFC AARTIIND AAVAS ABB ABBOTINDIA ABCAPITAL ABDL ABREL ABSLAMC ACE ACMESOLAR ACUTAAS ADANIENSOL ADANIENT ADANIGREEN ADANIPORTS AEGISLOG AEGISVOPAK AETHER AFCONS AFFLE AIAENG ALKEM ANANTRAJ ANTHEM ANURAS APARINDS APLAPOLLO APOLLOHOSP APOLLOTYRE APTUS ARE&M ASAHIINDIA ASTERDM ATGL ATHERENERG ATUL AUROPHARMA AVANTIFEED AXISBANK AZAD BAJAJ-AUTO BAJAJHFL BAJAJHLDNG BAJFINANCE BALKRISIND BALRAMCHIN BANDHANBNK BANKINDIA BBOX BDL BEL BELRISE BEML BHARATFORG BHARTIHEXA BHEL BIOCON BLS BLUESTARCO BOSCHLTD BPCL BRIGADE BSE BSOFT CAMS CANBK CANFINHOME CAPLIPOINT CARBORUNIV CARTRADE CASTROLIND CDSL CEATLTD CEMPRO CESC CGCL CGPOWER CHENNPETRO CHOICEIN CIEINDIA COALINDIA COCHINSHIP COHANCE COLPAL CONCOR CONCORDBIO COROMANDEL CPPLUS CRAFTSMAN CUB CUMMINSIND CUPID CYIENT DABUR DALBHARAT DATAPATTNS DEEPAKFERT DEEPAKNTR DELHIVERY DEVYANI DIVISLAB DIXON DLF DMART DRREDDY ECLERX ELECON EMAMILTD EMCURE ENDURANCE ENGINERSIN ENRIN ETERNAL EXIDEIND FACT FINCABLES FIRSTCRY FIVESTAR FSL GABRIEL GESHIP GICRE GLAND GLAXO GLENMARK GMDCLTD GMRAIRPORT GODFRYPHLP GPIL GRANULES GRAPHITE GRASIM GRSE HAL HAVELLS HBLENGINE HCLTECH HDBFS HDFCAMC HDFCBANK HDFCLIFE HEROMOTOCO HINDALCO HINDCOPPER HINDPETRO HINDUNILVR HINDZINC HOMEFIRST HONASA HSCL HUDCO ICICIGI ICICIPRULI IDFCFIRSTB IFCI IGIL IIFL IKS INDHOTEL INDIGO INDUSTOWER INFY INOXINDIA INOXWIND INTELLECT IOC IRCTC IREDA ITC ITCHOTELS J&KBANK JINDALSAW JINDALSTEL JIOFIN JKCEMENT JKTYRE JSL JSWINFRA JSWSTEEL JUBLFOOD JUBLINGREA JWL JYOTICNC KAJARIACER KALYANKJIL KARURVYSYA KAYNES KEC KEI KFINTECH KIMS KIRLOSENG KOTAKBANK KPIL KPITTECH KPRMILL KSB LALPATHLAB LAURUSLABS LEMONTREE LICHSGFIN LICI LLOYDSME LODHA LTF LTFOODS LTM LTTS LUPIN M&M MAHABANK MANAPPURAM MANKIND MARICO MAXHEALTH MAZDOCK MCX MEDANTA MFSL MGL MOTHERSON MOTILALOFS MPHASIS MUTHOOTFIN NAM-INDIA NATCOPHARM NATIONALUM NAUKRI NAVA NAVINFLUOR NBCC NESTLEIND NETWEB NH NIACL NLCINDIA NMDC NTPCGREEN NUVAMA NYKAA OBEROIRLTY OFSS OLECTRA ONESOURCE ONGC PAGEIND PARADEEP PATANJALI PAYTM PCBL PETRONET PFOCUS PGEL PHOENIXLTD PIDILITIND PIIND PNB POLICYBZR POONAWALLA POWERINDIA PPLPHARMA PREMIERENE PRESTIGE PRIVISCL PVRINOX RADICO RAILTEL RAINBOW RAMCOCEM RBLBANK RECLTD REDINGTON RELIANCE RKFORGE RRKABEL RVNL SAIL SAILIFE SANSERA SBICARD SBILIFE SBIN SCHAEFFLER SCHNEIDER SCI SHRIPISTON SHYAMMETL SIEMENS SOLARINDS SONACOMS SRF STARHEALTH SUNDARMFIN SUNPHARMA SUNTV SUPREMEIND SWANCORP SWIGGY SYNGENE SYRMA TARIL TATACHEM TATACOMM TATACONSUM TATAELXSI TATAINVEST TATAPOWER TATASTEEL TBOTEK TCS TDPOWERSYS TECHM TECHNOE TEGA THANGAMAYL TIINDIA TIMKEN TITAN TMPV TORNTPHARM TORNTPOWER TRENT TRITURBINE UBL UNIONBANK UNITDSPR UNOMINDA UPL URBANCO USHAMART VBL VEDL VIJAYA VMM VOLTAS VTL WAAREEENER WELCORP WELSPUNLIV WHIRLPOOL WIPRO WOCKPHARMA ZEEL ZENSARTECH ZENTEC ZYDUSLIFE ZYDUSWELL,20260923
2026-09-23,MQS10,10,LAURUSLABS DIVISLAB AUROPHARMA GLENMARK WOCKPHARMA MCX POLICYBZR ACMESOLAR VIJAYA ETERNAL,
2026-09-23,MQS10_EQS,10,LAURUSLABS DIVISLAB AUROPHARMA GLENMARK WOCKPHARMA MCX POLICYBZR ACMESOLAR VIJAYA ETERNAL,
2026-09-23,PERSIST10,10,CARBORUNIV SONACOMS NTPCGREEN BELRISE PHOENIXLTD PATANJALI ACE OBEROIRLTY MANKIND PFOCUS,
2026-09-23,RAW10,10,WHIRLPOOL ELECON WOCKPHARMA SAIL CUPID CPPLUS OLECTRA FIVESTAR IFCI POLICYBZR,
2026-09-23,MOM63_10,10,WELCORP PFOCUS PAYTM KALYANKJIL ATHERENERG CUPID SANSERA JYOTICNC DIVISLAB LAURUSLABS,
2026-09-24,DISCOVERY,69,ABDL ICICIGI SUNTV CAPLIPOINT CARBORUNIV UBL RRKABEL SIGNATURE JKCEMENT LALPATHLAB OIL IPCALAB ITCHOTELS MCX PRIVISCL OLAELEC KAYNES HBLENGINE MANAPPURAM MANKIND REDINGTON CIEINDIA CIPLA ZEEL ASTERDM HSCL ESCORTS ONGC ZYDUSLIFE SHRIPISTON CASTROLIND DIXON PERSISTENT OFSS MEDANTA FINCABLES NAVA ACUTAAS NATCOPHARM GAIL ABREL KAJARIACER RAINBOW PAGEIND NUVAMA ANTHEM VTL CONCOR GILLETTE PIIND KIMS ATUL PETRONET AFFLE STARHEALTH LGEINDIA COFORGE NTPC TATATECH KARURVYSYA PARADEEP EXIDEIND ABB UNOMINDA CARTRADE RUBICON NAVINFLUOR ENRIN NTPCGREEN,
2026-09-24,ELIGIBLE,348,360ONE AADHARHFC AARTIIND AAVAS ABB ABBOTINDIA ABCAPITAL ABDL ABREL ABSLAMC ACE ACMESOLAR ACUTAAS ADANIENSOL ADANIENT ADANIGREEN ADANIPORTS AEGISLOG AEGISVOPAK AETHER AFCONS AFFLE AIAENG ALKEM ANANTRAJ ANTHEM ANURAS APARINDS APLAPOLLO APOLLOHOSP APOLLOTYRE APTUS ARE&M ASAHIINDIA ASTERDM ATGL ATHERENERG ATUL AUROPHARMA AVANTIFEED AXISBANK AZAD BAJAJ-AUTO BAJAJHFL BAJAJHLDNG BAJFINANCE BALKRISIND BALRAMCHIN BANDHANBNK BANKINDIA BBOX BDL BEL BELRISE BEML BHARATFORG BHARTIHEXA BHEL BIOCON BLS BLUESTARCO BOSCHLTD BPCL BRIGADE BSE BSOFT CAMS CANBK CAPLIPOINT CARBORUNIV CARTRADE CASTROLIND CDSL CEATLTD CEMPRO CESC CGCL CGPOWER CHENNPETRO CHOICEIN CIEINDIA CIPLA COALINDIA COCHINSHIP COFORGE COHANCE COLPAL CONCOR CONCORDBIO COROMANDEL CPPLUS CRAFTSMAN CUB CUMMINSIND CUPID CYIENT DALBHARAT DATAPATTNS DEEPAKFERT DEEPAKNTR DELHIVERY DEVYANI DIVISLAB DIXON DLF DMART DRREDDY ECLERX ELECON EMAMILTD EMCURE ENDURANCE ENGINERSIN ENRIN ESCORTS ETERNAL EXIDEIND FACT FINCABLES FIRSTCRY FIVESTAR GABRIEL GAIL GESHIP GICRE GILLETTE GLAND GLAXO GLENMARK GMDCLTD GMRAIRPORT GODFRYPHLP GPIL GRANULES GRAPHITE GRASIM GRSE HAL HAVELLS HBLENGINE HCLTECH HDBFS HDFCBANK HDFCLIFE HEROMOTOCO HINDALCO HINDCOPPER HINDPETRO HINDUNILVR HINDZINC HOMEFIRST HONASA HSCL HUDCO ICICIGI ICICIPRULI IDFCFIRSTB IFCI IGIL IIFL IKS INDHOTEL INDIAMART INDIGO INDUSTOWER INOXINDIA INOXWIND INTELLECT IOC IPCALAB IRCTC IREDA ITC ITCHOTELS J&KBANK JINDALSAW JINDALSTEL JIOFIN JKCEMENT JKTYRE JSL JSWINFRA JSWSTEEL JUBLFOOD JUBLINGREA JWL JYOTICNC KAJARIACER KARURVYSYA KAYNES KEC KEI KFINTECH KIMS KIRLOSENG KOTAKBANK KPIL KPRMILL KSB LALPATHLAB LAURUSLABS LEMONTREE LICHSGFIN LICI LLOYDSME LODHA LTF LTFOODS LTTS LUPIN M&M MAHABANK MANAPPURAM MANKIND MARICO MAXHEALTH MAZDOCK MCX MEDANTA MFSL MGL MOTHERSON MOTILALOFS MUTHOOTFIN NAM-INDIA NATCOPHARM NATIONALUM NAUKRI NAVA NAVINFLUOR NBCC NESTLEIND NETWEB NH NIACL NLCINDIA NMDC NTPC NTPCGREEN NUVAMA NUVOCO NYKAA OBEROIRLTY OFSS OIL OLECTRA ONGC PAGEIND PARADEEP PATANJALI PAYTM PCBL PERSISTENT PETRONET PFOCUS PGEL PHOENIXLTD PIDILITIND PIIND PNB POLICYBZR POONAWALLA POWERINDIA PPLPHARMA PREMIERENE PRESTIGE PRIVISCL PVRINOX RADICO RAILTEL RAINBOW RAMCOCEM RBLBANK RECLTD REDINGTON RELIANCE RKFORGE RRKABEL RVNL SAIL SAILIFE SANSERA SBICARD SBILIFE SBIN SCHAEFFLER SCHNEIDER SCI SHRIPISTON SHYAMMETL SIEMENS SIGNATURE SOLARINDS SONACOMS SRF STARHEALTH SUNDARMFIN SUNPHARMA SUNTV SUPREMEIND SWANCORP SWIGGY SYNGENE SYRMA TARIL TATACHEM TATACOMM TATACONSUM TATAINVEST TATAPOWER TATASTEEL TATATECH TBOTEK TDPOWERSYS TECHM TECHNOE TEGA THANGAMAYL TIINDIA TIMKEN TITAN TMPV TORNTPHARM TRENT TRITURBINE UBL UNIONBANK UNITDSPR UNOMINDA UPL URBANCO USHAMART VBL VEDL VIJAYA VMM VOLTAS VTL WAAREEENER WELCORP WELSPUNLIV WHIRLPOOL WOCKPHARMA ZEEL ZENSARTECH ZENTEC ZYDUSLIFE ZYDUSWELL,20260924
2026-09-24,MQS10,10,DIVISLAB LAURUSLABS VIJAYA ZYDUSLIFE CASTROLIND REDINGTON RADICO PVRINOX ACE MEDANTA,
2026-09-24,MQS10_EQS,10,DIVISLAB LAURUSLABS VIJAYA ZYDUSLIFE CASTROLIND REDINGTON RADICO PVRINOX ACE MEDANTA,
2026-09-24,PERSIST10,10,CARBORUNIV MCX MANKIND REDINGTON FINCABLES PAGEIND NTPCGREEN OBEROIRLTY PATANJALI PHOENIXLTD,
2026-09-24,RAW10,10,ABDL ICICIGI SUNTV CAPLIPOINT CARBORUNIV UBL RRKABEL SIGNATURE JKCEMENT LALPATHLAB,
2026-09-24,MOM63_10,10,WELCORP PAYTM PFOCUS REDINGTON SANSERA DIVISLAB CUPID ECLERX ATHERENERG WELSPUNLIV,
2026-09-25,DISCOVERY,100,WHIRLPOOL AETHER ENGINERSIN WELCORP SHRIPISTON INOXINDIA BALRAMCHIN KAYNES HBLENGINE HEGAM CASTROLIND CYIENT MFSL SUPREMEIND JUBLINGREA ENRIN MAHABANK AXISBANK ZENSARTECH IREDA MANAPPURAM VEDPOWER HYUNDAI BANDHANBNK BLUESTARCO NAUKRI CUB INOXWIND ZENTEC EIDPARRY IDBI ASIANPAINT KSB VISL SYRMA ZYDUSLIFE BERGEPAINT MOTHERSON DLF AZAD GRANULES PIRAMALFIN PERSISTENT AUBANK BELRISE M&M GODREJPROP RADICO CMPDI ADANIPOWER LGEINDIA IGIL TVSMOTOR PRIVISCL ABREL APTUS RECLTD BAJFINANCE TECHNOE NAVINFLUOR AIIL TEGA FORCEMOT STARHEALTH CUPID APLAPOLLO SOLARINDS CANFINHOME EMMVEE IEX PWL ANURAS ADANIGREEN TDPOWERSYS JSL SANSERA DMART TORNTPHARM HEROMOTOCO THERMAX PHOENIXLTD JUBLFOOD POWERGRID ESCORTS HCLTECH OBEROIRLTY ASHOKLEY COHANCE LTM TATAPOWER COROMANDEL TITAN WELSPUNLIV NAM-INDIA PPLPHARMA BOSCHLTD POWERINDIA INDIGO SONACOMS TMCV,
2026-09-25,ELIGIBLE,340,360ONE AADHARHFC AARTIIND AAVAS ABB ABBOTINDIA ABCAPITAL ABDL ABREL ABSLAMC ACE ACMESOLAR ACUTAAS ADANIENSOL ADANIENT ADANIGREEN ADANIPORTS ADANIPOWER AEGISLOG AEGISVOPAK AETHER AFCONS AFFLE AIAENG ALKEM ANANTRAJ ANTHEM ANURAS APARINDS APLAPOLLO APOLLOHOSP APTUS ARE&M ASAHIINDIA ASHOKLEY ASIANPAINT ASTERDM ATGL ATHERENERG ATUL AUBANK AUROPHARMA AVANTIFEED AXISBANK AZAD BAJAJHFL BAJAJHLDNG BAJFINANCE BALKRISIND BALRAMCHIN BANDHANBNK BANKINDIA BBOX BDL BEL BELRISE BEML BERGEPAINT BHARATFORG BHARTIHEXA BHEL BIOCON BLS BLUESTARCO BOSCHLTD BRIGADE BSE BSOFT CAMS CANBK CANFINHOME CAPLIPOINT CARBORUNIV CARTRADE CASTROLIND CDSL CEATLTD CEMPRO CESC CGCL CGPOWER CHENNPETRO CHOICEIN CIEINDIA CIPLA COALINDIA COCHINSHIP COFORGE COHANCE COLPAL CONCOR CONCORDBIO COROMANDEL CPPLUS CRAFTSMAN CUB CUPID CYIENT DALBHARAT DATAPATTNS DEEPAKFERT DEEPAKNTR DELHIVERY DEVYANI DIVISLAB DIXON DLF DMART DRREDDY ECLERX EIDPARRY ELECON EMAMILTD EMCURE ENDURANCE ENGINERSIN ENRIN ESCORTS ETERNAL EXIDEIND FACT FINCABLES FIRSTCRY FIVESTAR FORCEMOT GABRIEL GAIL GESHIP GICRE GILLETTE GLAND GMDCLTD GMRAIRPORT GODFRYPHLP GODREJPROP GPIL GRANULES GRAPHITE GRASIM GRSE HAL HAVELLS HBLENGINE HCLTECH HDFCBANK HDFCLIFE HEROMOTOCO HINDALCO HINDCOPPER HINDZINC HOMEFIRST HONASA HSCL HUDCO HYUNDAI ICICIGI ICICIPRULI IDBI IDFCFIRSTB IEX IFCI IGIL IIFL IKS INDHOTEL INDIGO INDUSTOWER INOXINDIA INOXWIND INTELLECT IPCALAB IRCTC IREDA ITC ITCHOTELS J&KBANK JINDALSAW JINDALSTEL JIOFIN JKCEMENT JKTYRE JSL JSWINFRA JSWSTEEL JUBLFOOD JUBLINGREA JWL JYOTICNC KAJARIACER KARURVYSYA KAYNES KEC KEI KFINTECH KIMS KIRLOSENG KPIL KPRMILL LALPATHLAB LAURUSLABS LEMONTREE LICHSGFIN LICI LLOYDSME LODHA LTF LTFOODS LTM LUPIN M&M MAHABANK MANAPPURAM MANKIND MARICO MAXHEALTH MAZDOCK MCX MEDANTA MFSL MGL MOTHERSON MOTILALOFS NAM-INDIA NATCOPHARM NATIONALUM NAUKRI NAVA NAVINFLUOR NBCC NETWEB NH NIACL NLCINDIA NMDC NTPC NTPCGREEN NUVAMA NUVOCO NYKAA OBEROIRLTY OFSS OIL OLECTRA ONGC PAGEIND PARADEEP PATANJALI PAYTM PCBL PERSISTENT PETRONET PFOCUS PGEL PHOENIXLTD PIIND POLICYBZR POONAWALLA POWERGRID POWERINDIA PPLPHARMA PREMIERENE PRESTIGE PRIVISCL PVRINOX RADICO RAILTEL RAINBOW RAMCOCEM RBLBANK RECLTD REDINGTON RELIANCE RKFORGE RRKABEL RVNL SAIL SAILIFE SANSERA SBICARD SBILIFE SCHAEFFLER SCHNEIDER SCI SHRIPISTON SHYAMMETL SIEMENS SIGNATURE SOLARINDS SONACOMS SRF STARHEALTH SUNDARMFIN SUNPHARMA SUNTV SUPREMEIND SWANCORP SWIGGY SYNGENE SYRMA TARIL TATACHEM TATAINVEST TATAPOWER TATASTEEL TATATECH TBOTEK TDPOWERSYS TECHM TECHNOE TEGA THANGAMAYL THERMAX TIMKEN TITAN TMPV TORNTPHARM TRITURBINE TVSMOTOR UBL UNITDSPR UNOMINDA UPL URBANCO USHAMART VBL VEDL VIJAYA VMM VOLTAS VTL WAAREEENER WELCORP WELSPUNLIV WHIRLPOOL WOCKPHARMA ZEEL ZENSARTECH ZENTEC ZYDUSLIFE ZYDUSWELL,20260925
2026-09-25,MQS10,10,CASTROLIND DIVISLAB LAURUSLABS SONACOMS ZYDUSLIFE ETERNAL NAVINFLUOR WELSPUNLIV ACMESOLAR ENGINERSIN,
2026-09-25,MQS10_EQS,10,CASTROLIND DIVISLAB LAURUSLABS SONACOMS ZYDUSLIFE ETERNAL NAVINFLUOR WELSPUNLIV ACMESOLAR ENGINERSIN,
2026-09-25,PERSIST10,10,WELCORP KAYNES HBLENGINE ENRIN BANDHANBNK SYRMA DLF BELRISE TDPOWERSYS PHOENIXLTD,
2026-09-25,RAW10,10,WHIRLPOOL AETHER ENGINERSIN WELCORP SHRIPISTON INOXINDIA BALRAMCHIN KAYNES HBLENGINE CASTROLIND,
2026-09-25,MOM63_10,10,WELCORP REDINGTON PAYTM DIVISLAB SANSERA ECLERX PFOCUS CUPID WELSPUNLIV JYOTICNC,
2026-09-28,DISCOVERY,62,TTML ELECON AEGISVOPAK MRPL CRISIL GLAXO GESHIP CHENNPETRO FIRSTCRY ENDURANCE DIXON DRREDDY SARDAEN VOLTAS BHARATCOAL MSUMI WELSPUNLIV IREDA SUNTV ABDL PETRONET AAVAS PREMIERENE CPPLUS ICICIAMC FEDERALBNK ZYDUSLIFE ANANDRATHI SYRMA LINDEINDIA CHOICEIN ZYDUSWELL CAPLIPOINT BLUESTARCO TATATECH HEROMOTOCO NETWEB AMBER ZENSARTECH PRIVISCL LGEINDIA INFY PIRAMALFIN BELRISE OFSS EIDPARRY KAYNES LTM KIRLOSENG LAURUSLABS LTTS MPHASIS EIHOTEL PARADEEP TATAELXSI CHAMBLFERT HONASA HDFCLIFE CROMPTON FLUOROCHEM DABUR RHIM,
2026-09-28,ELIGIBLE,331,360ONE AARTIIND AAVAS ABB ABBOTINDIA ABCAPITAL ABDL ABREL ACE ACMESOLAR ACUTAAS ADANIENSOL ADANIENT ADANIGREEN ADANIPORTS ADANIPOWER AEGISLOG AEGISVOPAK AETHER AFCONS AFFLE AMBER ANANDRATHI ANANTRAJ ANTHEM ANURAS APARINDS APLAPOLLO APOLLOHOSP APTUS ARE&M ASAHIINDIA ASHOKLEY ASIANPAINT ASTERDM ATGL ATHERENERG ATUL AUBANK AVANTIFEED AXISBANK AZAD BAJAJHFL BAJAJHLDNG BAJFINANCE BALKRISIND BALRAMCHIN BANDHANBNK BANKINDIA BBOX BDL BEL BELRISE BEML BERGEPAINT BHARATFORG BHARTIHEXA BIOCON BLS BLUESTARCO BOSCHLTD BRIGADE BSE BSOFT CAMS CANBK CANFINHOME CAPLIPOINT CARBORUNIV CARTRADE CASTROLIND CEMPRO CESC CGPOWER CHAMBLFERT CHENNPETRO CHOICEIN CIEINDIA CIPLA COALINDIA COCHINSHIP COFORGE COHANCE COLPAL CONCOR CONCORDBIO COROMANDEL CPPLUS CRAFTSMAN CRISIL CROMPTON CUB CUPID CYIENT DABUR DALBHARAT DEEPAKFERT DEEPAKNTR DELHIVERY DEVYANI DIVISLAB DIXON DLF DMART DRREDDY ECLERX EIDPARRY ELECON EMAMILTD EMCURE ENDURANCE ENGINERSIN ENRIN ESCORTS ETERNAL EXIDEIND FEDERALBNK FINCABLES FIRSTCRY FIVESTAR FLUOROCHEM FORCEMOT GABRIEL GAIL GESHIP GICRE GILLETTE GLAXO GMDCLTD GMRAIRPORT GODFRYPHLP GODREJPROP GPIL GRANULES GRAPHITE GRASIM GRSE HAVELLS HBLENGINE HCLTECH HDFCBANK HDFCLIFE HEROMOTOCO HINDALCO HINDCOPPER HINDZINC HOMEFIRST HONASA HSCL HUDCO HYUNDAI ICICIGI IDBI IDFCFIRSTB IEX IFCI IGIL IIFL IKS INDHOTEL INDIGO INDUSTOWER INFY INOXINDIA INOXWIND INTELLECT IPCALAB IRCTC IREDA ITC ITCHOTELS J&KBANK JINDALSAW JINDALSTEL JKCEMENT JKTYRE JSL JSWINFRA JSWSTEEL JUBLFOOD JUBLINGREA JWL JYOTICNC KAJARIACER KARURVYSYA KAYNES KEC KEI KFINTECH KIMS KIRLOSENG KPIL KPRMILL KSB LALPATHLAB LAURUSLABS LEMONTREE LICHSGFIN LICI LLOYDSME LODHA LTF LTFOODS LTM LTTS LUPIN M&M MAHABANK MANAPPURAM MANKIND MARICO MAXHEALTH MAZDOCK MCX MEDANTA MFSL MGL MOTHERSON MOTILALOFS MPHASIS MRPL NAM-INDIA NATCOPHARM NATIONALUM NAUKRI NAVA NAVINFLUOR NBCC NETWEB NH NIACL NMDC NTPC NTPCGREEN NUVAMA NYKAA OBEROIRLTY OFSS OIL OLECTRA ONGC PAGEIND PARADEEP PATANJALI PAYTM PCBL PERSISTENT PETRONET PFOCUS PGEL PHOENIXLTD PIIND POLICYBZR POONAWALLA POWERGRID POWERINDIA PPLPHARMA PREMIERENE PRESTIGE PRIVISCL PVRINOX RADICO RAILTEL RAINBOW RAMCOCEM RBLBANK RECLTD REDINGTON RELIANCE RRKABEL RVNL SAIL SAILIFE SANSERA SARDAEN SBILIFE SCHAEFFLER SCHNEIDER SCI SHRIPISTON SIEMENS SIGNATURE SOLARINDS SONACOMS STARHEALTH SUNDARMFIN SUNPHARMA SUNTV SUPREMEIND SWANCORP SWIGGY SYNGENE SYRMA TARIL TATAELXSI TATAPOWER TATASTEEL TATATECH TBOTEK TDPOWERSYS TECHM TECHNOE TEGA THANGAMAYL THERMAX TIMKEN TITAN TORNTPHARM TRITURBINE TVSMOTOR UBL UNITDSPR UNOMINDA UPL URBANCO USHAMART VBL VEDL VIJAYA VMM VOLTAS VTL WAAREEENER WELCORP WELSPUNLIV WHIRLPOOL WOCKPHARMA ZEEL ZENSARTECH ZENTEC ZYDUSLIFE,20260928
2026-09-28,MQS10,10,CASTROLIND ZYDUSLIFE WELSPUNLIV SYRMA LAURUSLABS DIVISLAB ETERNAL SONACOMS REDINGTON ENGINERSIN,
2026-09-28,MQS10_EQS,10,CASTROLIND ZYDUSLIFE WELSPUNLIV SYRMA LAURUSLABS DIVISLAB ETERNAL SONACOMS REDINGTON ENGINERSIN,
2026-09-28,PERSIST10,10,SUNTV CPPLUS SYRMA PRIVISCL BELRISE KAYNES PHOENIXLTD NTPCGREEN SONACOMS CARBORUNIV,
2026-09-28,RAW10,10,ELECON AEGISVOPAK MRPL CRISIL GLAXO GESHIP CHENNPETRO FIRSTCRY ENDURANCE DIXON,
2026-09-28,MOM63_10,10,WELCORP REDINGTON DIVISLAB SANSERA WELSPUNLIV CUPID ECLERX PAYTM PFOCUS LAURUSLABS,
2026-09-29,DISCOVERY,100,KIRLOSENG CUPID TDPOWERSYS AZAD KIRLOSBROS VEDPOWER SUNTV ADANIENT GLENMARK VISL MANKIND ADANIPORTS APOLLOTYRE CMPDI PTCIL THANGAMAYL BBOX WELCORP LLOYDSME VMM VAML BSE GLAND APARINDS BHARATCOAL LENSKART MEESHO KSB PAYTM HBLENGINE TECHNOE ACUTAAS ASAHIINDIA RRKABEL DRREDDY CPPLUS TEGA DELHIVERY HYUNDAI BANDHANBNK EIHOTEL COCHINSHIP SHRIPISTON ANTHEM IRFC KPITTECH INDUSTOWER JAINREC CHENNPETRO ADANIGREEN ABBOTINDIA VOGL HINDPETRO FINCABLES TBOTEK GRANULES NATCOPHARM RHIM RKFORGE EMCURE POWERINDIA IIFL URBANCO FRACTAL SUNPHARMA ALKEM ADANIENSOL NUVOCO CONCORDBIO TENNIND JYOTICNC CANHLIFE JSWENERGY ITCHOTELS PNBHOUSING INFY RAILTEL PPLPHARMA ONESOURCE KOTAKBANK MANAPPURAM MRPL NETWEB RUBICON COHANCE AUBANK TATACAP IPCALAB SONACOMS CARTRADE INOXINDIA AJANTPHARM TATASTEEL TARIL KALYANKJIL AVANTIFEED TATACONSUM NTPC PFOCUS NUVAMA,
2026-09-29,ELIGIBLE,316,360ONE AARTIIND AAVAS ABB ABBOTINDIA ABDL ABREL ACE ACMESOLAR ACUTAAS ADANIENSOL ADANIENT ADANIGREEN ADANIPORTS ADANIPOWER AEGISLOG AEGISVOPAK AETHER AFCONS AFFLE AJANTPHARM ALKEM AMBER ANANDRATHI ANANTRAJ ANTHEM ANURAS APARINDS APLAPOLLO APOLLOHOSP APOLLOTYRE APTUS ARE&M ASAHIINDIA ASHOKLEY ASIANPAINT ASTERDM ATUL AUBANK AVANTIFEED AXISBANK AZAD BAJAJHLDNG BAJFINANCE BALRAMCHIN BANDHANBNK BANKINDIA BBOX BEL BELRISE BERGEPAINT BHARATFORG BIOCON BLS BLUESTARCO BOSCHLTD BRIGADE BSE BSOFT CAMS CANBK CANFINHOME CAPLIPOINT CARBORUNIV CARTRADE CASTROLIND CEMPRO CESC CGPOWER CHAMBLFERT CHENNPETRO CHOICEIN CIPLA COALINDIA COCHINSHIP COFORGE COHANCE CONCOR CONCORDBIO COROMANDEL CPPLUS CRAFTSMAN CRISIL CROMPTON CUB CUPID CYIENT DABUR DEEPAKFERT DEEPAKNTR DELHIVERY DEVYANI DIVISLAB DIXON DLF DMART DRREDDY ECLERX EIDPARRY ELECON EMAMILTD EMCURE ENDURANCE ENGINERSIN ENRIN ESCORTS ETERNAL EXIDEIND FEDERALBNK FINCABLES FIRSTCRY FIVESTAR FLUOROCHEM FORCEMOT GABRIEL GAIL GESHIP GILLETTE GLAND GLAXO GLENMARK GMDCLTD GODREJPROP GPIL GRANULES GRAPHITE GRASIM GRSE HBLENGINE HCLTECH HDFCBANK HDFCLIFE HEROMOTOCO HINDALCO HINDCOPPER HINDPETRO HOMEFIRST HONASA HSCL HUDCO HYUNDAI ICICIGI IDBI IDFCFIRSTB IEX IFCI IGIL IIFL IKS INDHOTEL INDIGO INDUSTOWER INFY INOXINDIA INOXWIND INTELLECT IPCALAB IREDA IRFC ITC ITCHOTELS J&KBANK JINDALSAW JINDALSTEL JKCEMENT JKTYRE JSL JSWENERGY JSWINFRA JSWSTEEL JUBLFOOD JUBLINGREA JWL JYOTICNC KAJARIACER KALYANKJIL KARURVYSYA KAYNES KEC KEI KIMS KIRLOSENG KOTAKBANK KPITTECH LALPATHLAB LAURUSLABS LEMONTREE LICHSGFIN LICI LLOYDSME LTFOODS LTM LTTS LUPIN M&M MAHABANK MANAPPURAM MANKIND MARICO MAXHEALTH MCX MEDANTA MFSL MGL MOTHERSON MOTILALOFS MPHASIS MRPL NAM-INDIA NATCOPHARM NATIONALUM NAUKRI NAVA NAVINFLUOR NBCC NETWEB NH NIACL NMDC NTPC NTPCGREEN NUVAMA NYKAA OBEROIRLTY OFSS OIL OLECTRA ONESOURCE ONGC PAGEIND PARADEEP PATANJALI PAYTM PCBL PERSISTENT PETRONET PFOCUS PGEL PHOENIXLTD PIIND PNBHOUSING POLICYBZR POWERGRID POWERINDIA PPLPHARMA PREMIERENE PRESTIGE PRIVISCL PTCIL PVRINOX RADICO RAILTEL RAINBOW RAMCOCEM RBLBANK RECLTD REDINGTON RELIANCE RKFORGE RRKABEL SAIL SANSERA SARDAEN SBILIFE SCHNEIDER SCI SHRIPISTON SIGNATURE SOLARINDS SONACOMS STARHEALTH SUNDARMFIN SUNPHARMA SUNTV SUPREMEIND SWANCORP SWIGGY SYNGENE SYRMA TARIL TATACONSUM TATAELXSI TATAPOWER TATASTEEL TATATECH TBOTEK TDPOWERSYS TECHM TECHNOE TEGA THANGAMAYL THERMAX TIMKEN TITAN TORNTPHARM TRITURBINE TVSMOTOR UBL UNITDSPR UNOMINDA URBANCO USHAMART VBL VEDL VIJAYA VMM VOLTAS VTL WELCORP WELSPUNLIV WHIRLPOOL WOCKPHARMA ZEEL ZENSARTECH ZENTEC ZYDUSLIFE,20260929
2026-09-29,MQS10,10,LAURUSLABS CUPID ZYDUSLIFE CASTROLIND DIVISLAB LALPATHLAB MANKIND SONACOMS GLENMARK ADANIPORTS,
2026-09-29,MQS10_EQS,10,LAURUSLABS CUPID ZYDUSLIFE CASTROLIND DIVISLAB LALPATHLAB MANKIND SONACOMS GLENMARK ADANIPORTS,
2026-09-29,PERSIST10,10,KIRLOSENG CUPID SUNTV MANKIND WELCORP HBLENGINE CPPLUS BANDHANBNK IIFL MANAPPURAM,
2026-09-29,RAW10,10,KIRLOSENG CUPID TDPOWERSYS AZAD SUNTV ADANIENT GLENMARK MANKIND ADANIPORTS APOLLOTYRE,
2026-09-29,MOM63_10,10,WELCORP CUPID KALYANKJIL REDINGTON DIVISLAB AZAD PAYTM JYOTICNC SANSERA WELSPUNLIV,
2026-09-30,DISCOVERY,100,IRCON SUNTV RITES CUPID AEGISLOG JWL SOLARINDS SYRMA JKCEMENT CUB ICICIGI LTTS CREDITACC PRESTIGE PVRINOX CARBORUNIV CYIENT ABSLAMC SANSERA FIVESTAR ADANIPOWER KSB NTPCGREEN KAJARIACER JKTYRE GICRE DEEPAKFERT DLF THERMAX BOSCHLTD TATATECH UNIONBANK IRB MINDACORP MOTHERSON GABRIEL ECLERX DALBHARAT FSL LTM IOC KOTAKBANK INDUSINDBK DOMS CIEINDIA HAL HDFCAMC JMFINANCIL LODHA IGL IDFCFIRSTB HEXT RAILTEL NAVA CLEAN ELGIEQUIP NLCINDIA BDL NUVOCO INDIGO ICICIBANK PERSISTENT AMBUJACEM ITCHOTELS RECLTD TEGA JUBLINGREA ACE BRIGADE SRF OFSS MCX TORNTPOWER KARURVYSYA MEESHO SHREECEM KPRMILL INDHOTEL LINDEINDIA PNBHOUSING RVNL JSWINFRA ZFCVINDIA LALPATHLAB MRF AJANTPHARM BAJAJHLDNG POLYMED SONACOMS ABB GVT&D AZAD JAINREC BERGEPAINT TIMKEN GODFRYPHLP COFORGE LENSKART DATAPATTNS INDUSTOWER,
2026-09-30,ELIGIBLE,322,360ONE AAVAS ABB ABBOTINDIA ABDL ABREL ABSLAMC ACE ACUTAAS ADANIENSOL ADANIENT ADANIGREEN ADANIPORTS ADANIPOWER AEGISLOG AEGISVOPAK AETHER AFCONS AFFLE AJANTPHARM ALKEM AMBER AMBUJACEM ANANDRATHI ANANTRAJ ANTHEM ANURAS APARINDS APLAPOLLO APOLLOHOSP APOLLOTYRE APTUS ARE&M ASAHIINDIA ASHOKLEY ASIANPAINT ASTERDM ATUL AUBANK AVANTIFEED AXISBANK AZAD BAJAJHLDNG BAJFINANCE BALRAMCHIN BANDHANBNK BANKINDIA BBOX BDL BELRISE BERGEPAINT BHARATFORG BLUESTARCO BOSCHLTD BRIGADE BSE CAMS CANBK CANFINHOME CAPLIPOINT CARBORUNIV CARTRADE CASTROLIND CEMPRO CHAMBLFERT CHENNPETRO CHOICEIN CIPLA CLEAN COALINDIA COCHINSHIP COFORGE COHANCE CONCOR CONCORDBIO COROMANDEL CPPLUS CRAFTSMAN CREDITACC CRISIL CROMPTON CUB CUPID CYIENT DABUR DALBHARAT DATAPATTNS DEEPAKFERT DEEPAKNTR DELHIVERY DIVISLAB DIXON DLF DMART DRREDDY ECLERX EIDPARRY ELECON ELGIEQUIP EMAMILTD EMCURE ENDURANCE ENGINERSIN ENRIN ESCORTS ETERNAL EXIDEIND FEDERALBNK FINCABLES FIRSTCRY FIVESTAR FLUOROCHEM FORCEMOT FSL GABRIEL GAIL GESHIP GICRE GILLETTE GLAND GLAXO GLENMARK GMDCLTD GODFRYPHLP GODREJPROP GRANULES GRAPHITE GRASIM GRSE GVT&D HAL HBLENGINE HCLTECH HDFCAMC HDFCLIFE HEROMOTOCO HINDALCO HINDPETRO HONASA HSCL HUDCO HYUNDAI ICICIBANK ICICIGI IDBI IDFCFIRSTB IEX IFCI IGIL IGL IIFL IKS INDHOTEL INDIGO INDUSINDBK INDUSTOWER INFY INOXINDIA INOXWIND INTELLECT IOC IPCALAB IRCON IREDA IRFC ITCHOTELS J&KBANK JINDALSAW JINDALSTEL JKCEMENT JKTYRE JMFINANCIL JSL JSWENERGY JSWINFRA JSWSTEEL JUBLFOOD JUBLINGREA JWL JYOTICNC KAJARIACER KALYANKJIL KARURVYSYA KAYNES KEC KEI KIMS KIRLOSENG KOTAKBANK KPITTECH KPRMILL LALPATHLAB LAURUSLABS LEMONTREE LICI LLOYDSME LODHA LTFOODS LTM LTTS M&M MAHABANK MANAPPURAM MANKIND MCX MEDANTA MFSL MGL MINDACORP MOTHERSON MOTILALOFS MPHASIS MRF MRPL NAM-INDIA NATCOPHARM NATIONALUM NAUKRI NAVA NAVINFLUOR NBCC NETWEB NH NIACL NLCINDIA NMDC NTPC NTPCGREEN NUVAMA NUVOCO NYKAA OBEROIRLTY OFSS OIL OLECTRA ONESOURCE ONGC PAGEIND PARADEEP PATANJALI PAYTM PCBL PERSISTENT PETRONET PFOCUS PHOENIXLTD PIIND PNBHOUSING POLICYBZR POLYMED POWERGRID POWERINDIA PPLPHARMA PREMIERENE PRESTIGE PRIVISCL PTCIL PVRINOX RADICO RAILTEL RAINBOW RBLBANK RECLTD REDINGTON RKFORGE RRKABEL RVNL SAIL SANSERA SARDAEN SCHNEIDER SHREECEM SHRIPISTON SIGNATURE SOLARINDS SONACOMS SRF STARHEALTH SUNDARMFIN SUNPHARMA SUNTV SUPREMEIND SWIGGY SYRMA TARIL TATACONSUM TATAELXSI TATAPOWER TATASTEEL TATATECH TBOTEK TDPOWERSYS TECHNOE TEGA THANGAMAYL THERMAX TIMKEN TITAN TORNTPHARM TORNTPOWER TRITURBINE TVSMOTOR UBL UNIONBANK UNITDSPR UNOMINDA URBANCO VBL VEDL VIJAYA VMM VOLTAS VTL WELCORP WELSPUNLIV WHIRLPOOL WOCKPHARMA ZEEL ZENSARTECH ZENTEC ZFCVINDIA ZYDUSLIFE,20260930
2026-09-30,MQS10,10,CUPID LALPATHLAB CASTROLIND MANKIND KOTAKBANK AJANTPHARM REDINGTON SONACOMS MCX WELSPUNLIV,
2026-09-30,MQS10_EQS,10,CUPID LALPATHLAB CASTROLIND MANKIND KOTAKBANK AJANTPHARM REDINGTON SONACOMS MCX WELSPUNLIV,
2026-09-30,PERSIST10,10,SUNTV CUPID SYRMA CARBORUNIV NTPCGREEN RAILTEL ITCHOTELS MCX SONACOMS CPPLUS,
2026-09-30,RAW10,10,IRCON SUNTV CUPID AEGISLOG JWL SOLARINDS SYRMA JKCEMENT CUB ICICIGI,
2026-09-30,MOM63_10,10,WELCORP CUPID REDINGTON KALYANKJIL TDPOWERSYS SANSERA AZAD DIVISLAB PAYTM JYOTICNC,
2026-10-01,DISCOVERY,100,SCHNEIDER INOXINDIA IDBI WELSPUNLIV MPHASIS COFORGE ENRIN INFY TARIL CCL LEMONTREE NUVAMA CGPOWER ZENSARTECH AADHARHFC GRAPHITE UBL HDFCLIFE HAVELLS POWERINDIA SIEMENS CUMMINSIND RBLBANK FORTIS HOMEFIRST ABB CUB HDFCBANK ASTERDM PERSISTENT IKS COHANCE TATACOMM NYKAA AEGISLOG APARINDS TTML SBILIFE MAHABANK SIGNATURE SAGILITY MFSL BHEL MANKIND GVT&D LTTS HDFCAMC MAXHEALTH TCS BAJAJHFL SAILIFE CLEAN ALKEM HCLTECH KEI ANGELONE ENGINERSIN 360ONE J&KBANK ICICIPRULI SUNDARMFIN CAMS NCC PREMIERENE LALPATHLAB ADANIENSOL LENSKART IPCALAB INDUSTOWER TATACONSUM TDPOWERSYS PAGEIND NEULANDLAB CGCL RUBICON HEGAM CEATLTD TECHM FINCABLES STARHEALTH SRF WIPRO OLAELEC GAIL CYIENT PETRONET KOTAKBANK COROMANDEL DMART AUROPHARMA PRESTIGE CUPID FEDERALBNK JSWINFRA RITES LAURUSLABS ASIANPAINT KARURVYSYA UTIAMC TATAELXSI,
2026-10-01,ELIGIBLE,333,360ONE AADHARHFC AAVAS ABB ABBOTINDIA ABDL ABREL ABSLAMC ACE ACUTAAS ADANIENSOL ADANIENT ADANIGREEN ADANIPORTS ADANIPOWER AEGISLOG AEGISVOPAK AETHER AFFLE AJANTPHARM ALKEM AMBER AMBUJACEM ANANDRATHI ANANTRAJ ANGELONE ANTHEM ANURAS APARINDS APLAPOLLO APOLLOHOSP APOLLOTYRE APTUS ARE&M ASAHIINDIA ASHOKLEY ASIANPAINT ASTERDM ATUL AUBANK AUROPHARMA AVANTIFEED AXISBANK AZAD BAJAJHFL BAJAJHLDNG BAJFINANCE BALRAMCHIN BANDHANBNK BANKINDIA BBOX BDL BELRISE BERGEPAINT BHEL BLUESTARCO BOSCHLTD BRIGADE BSE CAMS CANBK CANFINHOME CAPLIPOINT CARBORUNIV CARTRADE CASTROLIND CCL CEATLTD CGCL CGPOWER CHAMBLFERT CHENNPETRO CHOICEIN CIPLA CLEAN COCHINSHIP COFORGE COHANCE CONCOR CONCORDBIO COROMANDEL CPPLUS CRAFTSMAN CREDITACC CRISIL CROMPTON CUB CUMMINSIND CUPID CYIENT DABUR DALBHARAT DATAPATTNS DEEPAKFERT DELHIVERY DIVISLAB DIXON DLF DMART DRREDDY ECLERX EIDPARRY ELECON ELGIEQUIP EMCURE ENDURANCE ENGINERSIN ENRIN ESCORTS EXIDEIND FEDERALBNK FINCABLES FIRSTCRY FIVESTAR FLUOROCHEM FORCEMOT FORTIS FSL GABRIEL GAIL GESHIP GICRE GILLETTE GLAND GLAXO GLENMARK GODFRYPHLP GODREJPROP GRANULES GRAPHITE GRASIM GVT&D HAL HAVELLS HBLENGINE HCLTECH HDFCAMC HDFCBANK HDFCLIFE HEROMOTOCO HINDALCO HINDPETRO HOMEFIRST HONASA HSCL HUDCO HYUNDAI ICICIBANK ICICIGI ICICIPRULI IDBI IDFCFIRSTB IEX IFCI IGIL IGL IIFL IKS INDHOTEL INDIGO INDUSINDBK INDUSTOWER INFY INOXINDIA INOXWIND INTELLECT IOC IPCALAB IRCON IREDA IRFC ITCHOTELS J&KBANK JINDALSAW JINDALSTEL JKCEMENT JKTYRE JMFINANCIL JSL JSWENERGY JSWINFRA JSWSTEEL JUBLFOOD JUBLINGREA JWL JYOTICNC KAJARIACER KALYANKJIL KARURVYSYA KAYNES KEC KEI KIMS KIRLOSENG KOTAKBANK KPITTECH KPRMILL LALPATHLAB LAURUSLABS LEMONTREE LLOYDSME LODHA LTFOODS LTM LTTS M&M MAHABANK MANAPPURAM MANKIND MAXHEALTH MCX MEDANTA MFSL MGL MINDACORP MOTHERSON MOTILALOFS MPHASIS MRF MRPL NAM-INDIA NATCOPHARM NATIONALUM NAUKRI NAVA NAVINFLUOR NBCC NCC NETWEB NEULANDLAB NH NIACL NLCINDIA NMDC NTPC NTPCGREEN NUVAMA NYKAA OBEROIRLTY OFSS OIL OLECTRA ONESOURCE ONGC PAGEIND PARADEEP PAYTM PERSISTENT PETRONET PFOCUS PHOENIXLTD PIIND PNBHOUSING POLICYBZR POLYMED POWERGRID POWERINDIA PPLPHARMA PREMIERENE PRESTIGE PRIVISCL PTCIL PVRINOX RADICO RAILTEL RAINBOW RBLBANK RECLTD REDINGTON RKFORGE RRKABEL RVNL SAIL SAILIFE SANSERA SARDAEN SBILIFE SCHNEIDER SHREECEM SHRIPISTON SIEMENS SIGNATURE SOLARINDS SONACOMS SRF STARHEALTH SUNDARMFIN SUNPHARMA SUNTV SUPREMEIND SYRMA TARIL TATACOMM TATACONSUM TATAELXSI TATAPOWER TATASTEEL TATATECH TBOTEK TCS TDPOWERSYS TECHM TECHNOE TEGA THANGAMAYL THERMAX TIMKEN TITAN TORNTPHARM TORNTPOWER TRITURBINE TVSMOTOR UBL UNIONBANK UNITDSPR UNOMINDA URBANCO VEDL VIJAYA VMM VOLTAS VTL WELCORP WELSPUNLIV WHIRLPOOL WIPRO WOCKPHARMA ZEEL ZENSARTECH ZENTEC ZFCVINDIA ZYDUSLIFE ZYDUSWELL,20261001
2026-10-01,MQS10,10,KOTAKBANK LALPATHLAB IPCALAB ZYDUSLIFE LAURUSLABS DIVISLAB CASTROLIND MANKIND WELSPUNLIV AUROPHARMA,
2026-10-01,MQS10_EQS,9,KOTAKBANK LALPATHLAB IPCALAB ZYDUSLIFE LAURUSLABS DIVISLAB CASTROLIND MANKIND AUROPHARMA,
2026-10-01,PERSIST10,10,PERSISTENT COHANCE CUPID SUNTV SONACOMS INOXINDIA WELSPUNLIV COFORGE ENRIN INFY,
2026-10-01,RAW10,10,SCHNEIDER INOXINDIA IDBI WELSPUNLIV MPHASIS COFORGE ENRIN INFY TARIL CCL,
2026-10-01,MOM63_10,10,WELCORP CUPID REDINGTON WELSPUNLIV KALYANKJIL PAYTM TDPOWERSYS DIVISLAB FINCABLES SANSERA,
2026-10-05,DISCOVERY,100,PWL SCI NUVAMA ESCORTS NETWEB KALYANKJIL RRKABEL ITC CPPLUS MRPL CARTRADE ECLERX NYKAA SUNTV BSE CROMPTON POONAWALLA AUBANK KFINTECH CHENNPETRO ZENSARTECH GROWW GRAPHITE USHAMART REDINGTON ABSLAMC MEESHO HINDCOPPER RPOWER BALRAMCHIN BLUESTARCO VBL HONASA TMPV CYIENT IOB BANKINDIA PERSISTENT ANGELONE KEI IIFL FEDERALBNK LGEINDIA JAINREC FSL SHRIRAMFIN RECLTD TMCV TDPOWERSYS EIDPARRY APARINDS ABDL CHOLAHLDNG UNITDSPR FIVESTAR PNB ADANIPOWER LODHA AAVAS ICICIGI AEGISVOPAK DEVYANI AZAD BSOFT COLPAL ZEEL PTCIL BAJFINANCE AIIL IDFCFIRSTB CARBORUNIV BHARTIARTL DLF ETERNAL PAGEIND COROMANDEL MOTILALOFS NTPC INDIANB BBOX MPHASIS ADANIPORTS URBANCO ADANIENSOL FLUOROCHEM GODREJIND M&MFIN CANFINHOME BHEL TCS GESHIP WIPRO CRISIL JINDALSAW NEULANDLAB HAL PAYTM ADANIENT LTFOODS NAVINFLUOR,
2026-10-05,ELIGIBLE,324,360ONE AADHARHFC AAVAS ABB ABBOTINDIA ABDL ABREL ABSLAMC ACE ACUTAAS ADANIENSOL ADANIENT ADANIGREEN ADANIPORTS ADANIPOWER AEGISLOG AEGISVOPAK AETHER AFFLE AJANTPHARM ALKEM AMBER AMBUJACEM ANANDRATHI ANGELONE ANTHEM ANURAS APARINDS APLAPOLLO APOLLOTYRE APTUS ASAHIINDIA ASHOKLEY ASIANPAINT ASTERDM ATUL AUBANK AUROPHARMA AVANTIFEED AXISBANK AZAD BAJAJHFL BAJAJHLDNG BAJFINANCE BALRAMCHIN BANDHANBNK BANKINDIA BBOX BDL BELRISE BERGEPAINT BHARTIARTL BHEL BLUESTARCO BOSCHLTD BRIGADE BSE BSOFT CAMS CANFINHOME CAPLIPOINT CARBORUNIV CARTRADE CASTROLIND CCL CEATLTD CGCL CGPOWER CHAMBLFERT CHENNPETRO CHOICEIN CHOLAHLDNG CIPLA CLEAN COCHINSHIP COFORGE COHANCE COLPAL CONCOR CONCORDBIO COROMANDEL CPPLUS CREDITACC CRISIL CROMPTON CUB CUMMINSIND CUPID CYIENT DABUR DALBHARAT DATAPATTNS DEEPAKFERT DELHIVERY DEVYANI DIXON DLF DMART DRREDDY ECLERX EIDPARRY ELECON ELGIEQUIP EMCURE ENDURANCE ENGINERSIN ENRIN ESCORTS ETERNAL EXIDEIND FEDERALBNK FINCABLES FIRSTCRY FIVESTAR FLUOROCHEM FORCEMOT FORTIS FSL GABRIEL GAIL GESHIP GICRE GILLETTE GLAND GLAXO GLENMARK GODFRYPHLP GODREJPROP GRANULES GRAPHITE GVT&D HAL HAVELLS HBLENGINE HCLTECH HDFCAMC HDFCBANK HDFCLIFE HEROMOTOCO HINDCOPPER HINDPETRO HOMEFIRST HONASA HSCL HYUNDAI ICICIBANK ICICIGI ICICIPRULI IDBI IDFCFIRSTB IEX IGIL IGL IIFL IKS INDHOTEL INDIANB INDIGO INDUSINDBK INDUSTOWER INFY INOXINDIA INOXWIND IOC IPCALAB IRCON IREDA IRFC ITC ITCHOTELS J&KBANK JINDALSAW JKCEMENT JKTYRE JMFINANCIL JSL JSWENERGY JSWINFRA JUBLFOOD JUBLINGREA JWL JYOTICNC KAJARIACER KALYANKJIL KARURVYSYA KAYNES KEI KFINTECH KIMS KIRLOSENG KOTAKBANK KPITTECH KPRMILL LALPATHLAB LAURUSLABS LEMONTREE LLOYDSME LODHA LTFOODS LTM LTTS M&M M&MFIN MAHABANK MANAPPURAM MANKIND MAXHEALTH MCX MEDANTA MFSL MINDACORP MOTHERSON MOTILALOFS MPHASIS MRF MRPL NAM-INDIA NATCOPHARM NAUKRI NAVA NAVINFLUOR NCC NETWEB NEULANDLAB NLCINDIA NTPC NTPCGREEN NUVAMA NYKAA OBEROIRLTY OFSS OIL ONESOURCE ONGC PAGEIND PARADEEP PAYTM PERSISTENT PETRONET PFOCUS PHOENIXLTD PIIND PNB PNBHOUSING POLYMED POONAWALLA POWERGRID POWERINDIA PPLPHARMA PREMIERENE PRESTIGE PRIVISCL PTCIL PVRINOX RADICO RAILTEL RAINBOW RBLBANK RECLTD REDINGTON RKFORGE RRKABEL RVNL SAILIFE SANSERA SARDAEN SBILIFE SCHNEIDER SCI SHREECEM SHRIPISTON SHRIRAMFIN SIEMENS SIGNATURE SOLARINDS SONACOMS SRF STARHEALTH SUNDARMFIN SUNPHARMA SUNTV SUPREMEIND SYRMA TARIL TATACOMM TATACONSUM TATAELXSI TATAPOWER TATASTEEL TATATECH TBOTEK TCS TDPOWERSYS TECHM TECHNOE TEGA THANGAMAYL THERMAX TIMKEN TITAN TMPV TORNTPHARM TORNTPOWER TVSMOTOR UBL UNIONBANK UNITDSPR UNOMINDA URBANCO USHAMART VBL VMM VOLTAS VTL WELCORP WELSPUNLIV WHIRLPOOL WIPRO ZEEL ZENSARTECH ZENTEC ZFCVINDIA ZYDUSLIFE ZYDUSWELL,20261005
2026-10-05,MQS10,10,LALPATHLAB KOTAKBANK REDINGTON MANKIND CUPID LAURUSLABS WELSPUNLIV IPCALAB GESHIP AUROPHARMA,
2026-10-05,MQS10_EQS,10,LALPATHLAB KOTAKBANK REDINGTON MANKIND CUPID LAURUSLABS WELSPUNLIV IPCALAB GESHIP AUROPHARMA,
2026-10-05,PERSIST10,10,NUVAMA SUNTV ZENSARTECH CYIENT PERSISTENT TDPOWERSYS AZAD CUPID ESCORTS NETWEB,
2026-10-05,RAW10,10,SCI NUVAMA ESCORTS NETWEB KALYANKJIL RRKABEL ITC CPPLUS MRPL CARTRADE,
2026-10-05,MOM63_10,10,WELCORP CUPID REDINGTON TDPOWERSYS KALYANKJIL WELSPUNLIV GRAPHITE FINCABLES SANSERA PAYTM,
2026-10-06,DISCOVERY,100,TRENT URBANCO AETHER PGEL HONASA HEGAM MOTILALOFS CLEANMAX DEEPAKFERT TIINDIA WELCORP POLICYBZR IRB AWL WOCKPHARMA GRAVITA BHEL RRKABEL KPIL MEESHO ACMESOLAR AZAD RKFORGE CUPID ANTHEM AMBER GRAPHITE DEEPAKNTR GODREJCP JYOTICNC VEDL SIEMENS BLUESTARCO MCX LAURUSLABS RADICO BSE DIVISLAB ZYDUSWELL KOTAKBANK BLS GABRIEL FACT IDEA VTL ANANTRAJ BEML GPIL ANGELONE NESTLEIND BBOX CGPOWER PINELABS FLUOROCHEM SHYAMMETL ABB TRIDENT WELSPUNLIV NAVA GROWW NAUKRI GLAND FIRSTCRY ONESOURCE NAVINFLUOR VIJAYA SAILIFE LLOYDSME HINDUNILVR BERGEPAINT SAGILITY ASTRAL BALRAMCHIN ITI CLEAN SUPREMEIND CAPLIPOINT HAL PPLPHARMA SONACOMS STARHEALTH JIOFIN FORCEMOT VMM GAIL TEJASNET SOLARINDS DABUR JINDALSAW AEGISLOG RELIANCE PTCIL KPRMILL PETRONET ABDL BHARATFORG ATHERENERG ETERNAL HINDPETRO AJANTPHARM,
2026-10-06,ELIGIBLE,340,360ONE AADHARHFC AAVAS ABB ABBOTINDIA ABDL ABREL ABSLAMC ACE ACMESOLAR ACUTAAS ADANIENSOL ADANIENT ADANIGREEN ADANIPORTS ADANIPOWER AEGISLOG AEGISVOPAK AETHER AJANTPHARM ALKEM AMBER AMBUJACEM ANANDRATHI ANANTRAJ ANGELONE ANTHEM ANURAS APARINDS APLAPOLLO APOLLOTYRE APTUS ASAHIINDIA ASHOKLEY ASIANPAINT ASTERDM ASTRAL ATHERENERG AUBANK AUROPHARMA AVANTIFEED AWL AXISBANK AZAD BAJAJHFL BAJAJHLDNG BAJFINANCE BALRAMCHIN BANDHANBNK BANKINDIA BBOX BDL BELRISE BEML BERGEPAINT BHARATFORG BHARTIARTL BHEL BLS BLUESTARCO BOSCHLTD BRIGADE BSE BSOFT CAMS CANFINHOME CAPLIPOINT CARBORUNIV CARTRADE CASTROLIND CCL CEATLTD CGCL CGPOWER CHAMBLFERT CHENNPETRO CHOICEIN CHOLAHLDNG CLEAN COCHINSHIP COFORGE COHANCE COLPAL CONCORDBIO COROMANDEL CPPLUS CREDITACC CRISIL CROMPTON CUB CUMMINSIND CUPID CYIENT DABUR DALBHARAT DATAPATTNS DEEPAKFERT DEEPAKNTR DELHIVERY DEVYANI DIVISLAB DIXON DLF DMART DRREDDY ECLERX EIDPARRY ELECON ELGIEQUIP EMCURE ENDURANCE ENGINERSIN ENRIN ESCORTS ETERNAL FEDERALBNK FINCABLES FIRSTCRY FIVESTAR FLUOROCHEM FORCEMOT FORTIS FSL GABRIEL GAIL GESHIP GICRE GLAND GLAXO GLENMARK GODFRYPHLP GODREJCP GODREJPROP GPIL GRANULES GRAPHITE GRAVITA GVT&D HAL HAVELLS HBLENGINE HCLTECH HDFCAMC HDFCBANK HDFCLIFE HEROMOTOCO HINDCOPPER HINDPETRO HINDUNILVR HOMEFIRST HONASA HYUNDAI ICICIBANK ICICIGI ICICIPRULI IDBI IDFCFIRSTB IEX IGIL IGL IIFL IKS INDHOTEL INDIANB INDIGO INDUSINDBK INDUSTOWER INFY INOXINDIA INOXWIND IOC IPCALAB IRCON IREDA IRFC ITC ITCHOTELS J&KBANK JAINREC JINDALSAW JIOFIN JKCEMENT JKTYRE JMFINANCIL JSL JSWENERGY JSWINFRA JUBLFOOD JUBLINGREA JWL JYOTICNC KAJARIACER KALYANKJIL KARURVYSYA KAYNES KEI KFINTECH KIRLOSENG KOTAKBANK KPIL KPITTECH KPRMILL KSB LALPATHLAB LAURUSLABS LEMONTREE LINDEINDIA LLOYDSME LODHA LTFOODS LTM LTTS M&M M&MFIN MAHABANK MANAPPURAM MANKIND MAXHEALTH MCX MFSL MINDACORP MOTHERSON MOTILALOFS MPHASIS MRF MRPL NAM-INDIA NATCOPHARM NAUKRI NAVA NAVINFLUOR NCC NESTLEIND NETWEB NEULANDLAB NLCINDIA NTPC NTPCGREEN NUVAMA NYKAA OBEROIRLTY OFSS ONESOURCE PAGEIND PARADEEP PAYTM PERSISTENT PETRONET PFOCUS PGEL PHOENIXLTD PNB PNBHOUSING POLICYBZR POLYMED POONAWALLA POWERGRID POWERINDIA PPLPHARMA PREMIERENE PRESTIGE PRIVISCL PTCIL PVRINOX RADICO RAILTEL RBLBANK RECLTD REDINGTON RELIANCE RKFORGE RRKABEL RVNL SAILIFE SANSERA SARDAEN SBILIFE SCHNEIDER SCI SHREECEM SHRIPISTON SHRIRAMFIN SHYAMMETL SIEMENS SIGNATURE SOLARINDS SONACOMS SRF STARHEALTH SUNDARMFIN SUNPHARMA SUNTV SUPREMEIND SYRMA TARIL TATACOMM TATACONSUM TATAELXSI TATAPOWER TATASTEEL TATATECH TBOTEK TCS TDPOWERSYS TECHM TECHNOE TEGA TEJASNET THANGAMAYL THERMAX TIINDIA TIMKEN TITAN TMPV TORNTPHARM TORNTPOWER TRENT TVSMOTOR UBL UNIONBANK UNITDSPR URBANCO USHAMART VBL VEDL VIJAYA VMM VOLTAS VTL WELCORP WELSPUNLIV WHIRLPOOL WIPRO WOCKPHARMA ZEEL ZENSARTECH ZENTEC ZFCVINDIA ZYDUSLIFE ZYDUSWELL,20261006
2026-10-06,MQS10,10,LAURUSLABS KOTAKBANK PETRONET GLAND CUPID AJANTPHARM DIVISLAB AUROPHARMA ABDL GRAPHITE,
2026-10-06,MQS10_EQS,10,LAURUSLABS KOTAKBANK PETRONET GLAND CUPID AJANTPHARM DIVISLAB AUROPHARMA ABDL GRAPHITE,
2026-10-06,PERSIST10,10,AZAD CUPID BLUESTARCO KOTAKBANK WELSPUNLIV SONACOMS SUNTV TDPOWERSYS PERSISTENT ZENSARTECH,
2026-10-06,RAW10,10,TRENT URBANCO AETHER PGEL HONASA MOTILALOFS DEEPAKFERT TIINDIA WELCORP POLICYBZR,
2026-10-06,MOM63_10,10,WELCORP CUPID TDPOWERSYS REDINGTON GRAPHITE FINCABLES WELSPUNLIV DIVISLAB JYOTICNC PTCIL,
2026-10-07,DISCOVERY,100,CHENNPETRO PVRINOX PTCIL BHARTIHEXA CUPID PWL BBOX GLAND MRPL AEGISLOG MAHABANK BELRISE KALYANKJIL SYRMA IGL EMMVEE PINELABS UNIONBANK LICHSGFIN INDIACEM KEI PNBHOUSING RAINBOW LTFOODS JUBLFOOD PNB ANGELONE GROWW GILLETTE GESHIP PAYTM CPPLUS BALRAMCHIN LEMONTREE ADANIGREEN DEEPAKFERT AARTIIND BAJAJHFL CANHLIFE ASAHIINDIA POLYCAB FORTIS TARIL INDIANB KOTAKBANK ASTRAL JKCEMENT JAINREC GVT&D WELCORP MCX CGCL BSE DMART KARURVYSYA APOLLOTYRE SUPREMEIND TEGA AAVAS OIL BHARTIARTL SHYAMMETL PPLPHARMA LGEINDIA AVANTIFEED CANBK SWANCORP ALKEM ENRIN ICICIBANK FEDERALBNK GRANULES BANKINDIA HEXT ZYDUSWELL KAJARIACER OLAELEC IEX THANGAMAYL SUMICHEM AFCONS CDSL PFC NYKAA OFSS CENTRALBK AMBER APARINDS RADICO BANKBARODA MSUMI INDIAMART JMFINANCIL SWIGGY GICRE SUNTV COALINDIA USHAMART SANSERA TBOTEK,
2026-10-07,ELIGIBLE,333,360ONE AADHARHFC AARTIIND AAVAS ABB ABBOTINDIA ABDL ABSLAMC ACE ACMESOLAR ACUTAAS ADANIENSOL ADANIENT ADANIGREEN ADANIPORTS ADANIPOWER AEGISLOG AEGISVOPAK AETHER AFCONS AJANTPHARM ALKEM AMBER AMBUJACEM ANANDRATHI ANANTRAJ ANGELONE ANTHEM APARINDS APOLLOTYRE ASAHIINDIA ASIANPAINT ASTERDM ASTRAL ATHERENERG AUBANK AUROPHARMA AVANTIFEED AWL AZAD BAJAJHFL BAJAJHLDNG BAJFINANCE BALRAMCHIN BANDHANBNK BANKBARODA BANKINDIA BBOX BDL BELRISE BEML BERGEPAINT BHARATFORG BHARTIARTL BHARTIHEXA BHEL BLS BLUESTARCO BOSCHLTD BRIGADE BSE BSOFT CAMS CANBK CANFINHOME CAPLIPOINT CARBORUNIV CARTRADE CCL CDSL CEATLTD CGCL CGPOWER CHAMBLFERT CHENNPETRO CHOICEIN CHOLAHLDNG CLEAN COALINDIA COCHINSHIP COFORGE COHANCE COLPAL CONCORDBIO COROMANDEL CPPLUS CREDITACC CRISIL CROMPTON CUB CUMMINSIND CUPID CYIENT DABUR DATAPATTNS DEEPAKFERT DEEPAKNTR DELHIVERY DEVYANI DIVISLAB DIXON DLF DMART DRREDDY ECLERX EIDPARRY ELECON ELGIEQUIP EMCURE ENDURANCE ENGINERSIN ENRIN ESCORTS ETERNAL FEDERALBNK FINCABLES FIRSTCRY FIVESTAR FLUOROCHEM FORCEMOT FORTIS FSL GABRIEL GAIL GESHIP GICRE GILLETTE GLAND GLAXO GLENMARK GODFRYPHLP GODREJCP GPIL GRANULES GRAPHITE GRAVITA GVT&D HAL HAVELLS HBLENGINE HCLTECH HDFCAMC HDFCBANK HDFCLIFE HEROMOTOCO HINDCOPPER HINDPETRO HINDUNILVR HOMEFIRST HONASA HYUNDAI ICICIBANK ICICIGI ICICIPRULI IDBI IDFCFIRSTB IEX IGL IIFL IKS INDHOTEL INDIAMART INDIANB INDIGO INDUSINDBK INDUSTOWER INFY INOXINDIA IOC IPCALAB IRCON IREDA IRFC ITC ITCHOTELS J&KBANK JAINREC JINDALSAW JIOFIN JKCEMENT JKTYRE JMFINANCIL JSWENERGY JSWINFRA JUBLFOOD JUBLINGREA JWL JYOTICNC KAJARIACER KALYANKJIL KARURVYSYA KAYNES KEI KFINTECH KIRLOSENG KOTAKBANK KPIL KPITTECH KPRMILL KSB LALPATHLAB LAURUSLABS LEMONTREE LICHSGFIN LINDEINDIA LLOYDSME LODHA LTFOODS LTM LTTS M&MFIN MAHABANK MANAPPURAM MANKIND MAXHEALTH MCX MFSL MINDACORP MOTHERSON MOTILALOFS MPHASIS MRF MRPL NATCOPHARM NAUKRI NAVA NAVINFLUOR NCC NESTLEIND NETWEB NEULANDLAB NLCINDIA NTPC NTPCGREEN NUVAMA NYKAA OFSS OIL ONESOURCE PAGEIND PARADEEP PAYTM PERSISTENT PETRONET PFC PFOCUS PGEL PNB PNBHOUSING POLICYBZR POLYCAB POLYMED POONAWALLA POWERINDIA PPLPHARMA PREMIERENE PRESTIGE PRIVISCL PTCIL PVRINOX RADICO RAILTEL RAINBOW RBLBANK RECLTD REDINGTON RELIANCE RKFORGE RRKABEL RVNL SAILIFE SANSERA SARDAEN SBILIFE SCHNEIDER SCI SHREECEM SHRIPISTON SHRIRAMFIN SHYAMMETL SIEMENS SIGNATURE SOLARINDS SONACOMS SRF STARHEALTH SUMICHEM SUNDARMFIN SUNPHARMA SUNTV SUPREMEIND SWANCORP SWIGGY SYRMA TARIL TATACOMM TATACONSUM TATAELXSI TATASTEEL TATATECH TBOTEK TCS TDPOWERSYS TECHM TECHNOE TEGA TEJASNET THANGAMAYL THERMAX TIINDIA TIMKEN TMPV TORNTPOWER TRENT UBL UNIONBANK UNITDSPR URBANCO USHAMART VBL VEDL VIJAYA VMM VOLTAS VTL WELCORP WELSPUNLIV WIPRO WOCKPHARMA ZEEL ZENSARTECH ZFCVINDIA ZYDUSLIFE,20261007
2026-10-07,MQS10,10,KOTAKBANK LAURUSLABS GLAND PETRONET MCX DIVISLAB BHEL WELSPUNLIV LALPATHLAB RADICO,
2026-10-07,MQS10_EQS,10,KOTAKBANK LAURUSLABS GLAND PETRONET MCX DIVISLAB BHEL WELSPUNLIV LALPATHLAB RADICO,
2026-10-07,PERSIST10,10,CHENNPETRO PTCIL CUPID BBOX MRPL AEGISLOG ANGELONE CPPLUS KOTAKBANK JAINREC,
2026-10-07,RAW10,10,CHENNPETRO PVRINOX PTCIL BHARTIHEXA CUPID BBOX GLAND MRPL AEGISLOG MAHABANK,
2026-10-07,MOM63_10,10,WELCORP CUPID REDINGTON TDPOWERSYS PTCIL WELSPUNLIV FINCABLES DIVISLAB CHENNPETRO GRAPHITE,
2026-10-08,DISCOVERY,33,LICHSGFIN IFCI CUPID FSL NTPCGREEN ICICIGI DEEPAKNTR CREDITACC PNBHOUSING BHARTIHEXA HEXT TATACOMM SRF BERGEPAINT IKS JSWCEMENT PWL NETWEB MPHASIS PNB ZENSARTECH SAGILITY GILLETTE ANANDRATHI IRB INFY TECHM CEMPRO ICICIAMC MGL AXISBANK THANGAMAYL AIIL,
2026-10-08,ELIGIBLE,325,360ONE AADHARHFC AARTIIND AAVAS ABB ABBOTINDIA ABDL ABSLAMC ACE ACMESOLAR ACUTAAS ADANIENSOL ADANIENT ADANIGREEN ADANIPORTS ADANIPOWER AEGISLOG AEGISVOPAK AETHER AFCONS AJANTPHARM ALKEM AMBER AMBUJACEM ANANDRATHI ANANTRAJ ANGELONE ANTHEM APARINDS APOLLOTYRE ASAHIINDIA ASIANPAINT ASTERDM ASTRAL ATHERENERG AUBANK AUROPHARMA AVANTIFEED AWL AXISBANK AZAD BAJAJHFL BAJAJHLDNG BAJFINANCE BALRAMCHIN BANDHANBNK BANKBARODA BANKINDIA BBOX BDL BELRISE BEML BERGEPAINT BHARATFORG BHARTIARTL BHARTIHEXA BHEL BLS BLUESTARCO BOSCHLTD BRIGADE BSE BSOFT CAMS CANBK CANFINHOME CAPLIPOINT CARBORUNIV CARTRADE CCL CDSL CEATLTD CEMPRO CGCL CGPOWER CHENNPETRO CHOLAHLDNG CLEAN COALINDIA COCHINSHIP COFORGE COHANCE COLPAL CONCORDBIO COROMANDEL CPPLUS CREDITACC CRISIL CROMPTON CUB CUMMINSIND CUPID CYIENT DABUR DATAPATTNS DEEPAKFERT DEEPAKNTR DELHIVERY DEVYANI DIVISLAB DLF DMART DRREDDY ECLERX EIDPARRY ELGIEQUIP EMCURE ENGINERSIN ENRIN ESCORTS ETERNAL FEDERALBNK FINCABLES FIRSTCRY FIVESTAR FLUOROCHEM FORCEMOT FORTIS FSL GABRIEL GAIL GESHIP GICRE GILLETTE GLAND GLENMARK GODFRYPHLP GODREJCP GPIL GRANULES GRAPHITE GRAVITA GVT&D HAL HAVELLS HBLENGINE HCLTECH HDFCAMC HDFCBANK HDFCLIFE HINDCOPPER HINDPETRO HINDUNILVR HOMEFIRST HONASA HYUNDAI ICICIBANK ICICIGI ICICIPRULI IDBI IDFCFIRSTB IEX IFCI IGL IIFL IKS INDHOTEL INDIAMART INDIANB INDIGO INDUSINDBK INDUSTOWER INFY INOXINDIA IOC IPCALAB IRCON IRFC ITC ITCHOTELS J&KBANK JAINREC JINDALSAW JIOFIN JKCEMENT JKTYRE JMFINANCIL JSWCEMENT JSWENERGY JSWINFRA JUBLFOOD JUBLINGREA JWL JYOTICNC KAJARIACER KALYANKJIL KARURVYSYA KEI KFINTECH KIRLOSENG KOTAKBANK KPIL KPITTECH KPRMILL KSB LALPATHLAB LAURUSLABS LEMONTREE LICHSGFIN LINDEINDIA LLOYDSME LODHA LTFOODS LTM LTTS M&MFIN MAHABANK MANAPPURAM MANKIND MAXHEALTH MCX MFSL MGL MINDACORP MOTHERSON MOTILALOFS MPHASIS MRF MRPL NATCOPHARM NAUKRI NAVA NAVINFLUOR NCC NESTLEIND NETWEB NEULANDLAB NLCINDIA NTPC NTPCGREEN NUVAMA NYKAA OFSS OIL ONESOURCE PAGEIND PAYTM PERSISTENT PETRONET PFC PFOCUS PGEL PNB PNBHOUSING POLICYBZR POLYCAB POLYMED POONAWALLA POWERINDIA PPLPHARMA PREMIERENE PRESTIGE PTCIL PVRINOX RADICO RAILTEL RAINBOW RBLBANK RECLTD REDINGTON RELIANCE RHIM RKFORGE RRKABEL RVNL SAILIFE SANSERA SBILIFE SCHNEIDER SCI SHREECEM SHRIPISTON SHRIRAMFIN SHYAMMETL SIEMENS SIGNATURE SOLARINDS SONACOMS SRF STARHEALTH SUMICHEM SUNDARMFIN SUNPHARMA SUNTV SUPREMEIND SWANCORP SWIGGY SYRMA TARIL TATACOMM TATACONSUM TATAELXSI TATASTEEL TATATECH TBOTEK TCS TDPOWERSYS TECHM TECHNOE TEGA TEJASNET THANGAMAYL THERMAX TIINDIA TIMKEN TMPV TORNTPOWER TRENT UBL UNIONBANK UNITDSPR URBANCO USHAMART VBL VEDL VIJAYA VMM VTL WELCORP WELSPUNLIV WIPRO WOCKPHARMA ZEEL ZENSARTECH ZFCVINDIA,20261008
2026-10-08,MQS10,10,KOTAKBANK MCX GLAND PETRONET IPCALAB LAURUSLABS PNBHOUSING PTCIL PNB PVRINOX,
2026-10-08,MQS10_EQS,10,KOTAKBANK MCX GLAND PETRONET IPCALAB LAURUSLABS PNBHOUSING PTCIL PNB PVRINOX,
2026-10-08,PERSIST10,10,CUPID PNBHOUSING BSE PTCIL KOTAKBANK APARINDS ANGELONE BBOX SUNTV JAINREC,
2026-10-08,RAW10,10,LICHSGFIN IFCI CUPID FSL NTPCGREEN ICICIGI DEEPAKNTR CREDITACC PNBHOUSING BHARTIHEXA,
2026-10-08,MOM63_10,10,CUPID WELCORP PTCIL TDPOWERSYS REDINGTON DIVISLAB FINCABLES CHENNPETRO WELSPUNLIV JYOTICNC,
