date,book,equity,cash,n_positions,nifty500,breadth,regime
2026-09-17,c0.003,60000.0,60000.0,0,22654.65,0.25250501002004005,Risk-off
2026-09-17,c0.006,60000.0,60000.0,0,22654.65,0.25250501002004005,Risk-off
2026-09-17,c0.010,60000.0,60000.0,0,22654.65,0.25250501002004005,Risk-off
2026-09-17,frac0.006,60000.0,60000.0,0,22654.65,0.25250501002004005,Risk-off
2026-09-18,c0.003,60496.8626,4685.552599999998,13,22840.55,0.3527054108216433,Neutral
2026-09-18,c0.006,60414.015200000016,4602.705200000011,13,22840.55,0.3527054108216433,Neutral
2026-09-18,c0.010,60303.55200000002,4492.24200000001,13,22840.55,0.3527054108216433,Neutral
2026-09-18,frac0.006,60578.159025571,9.094947017729282e-13,13,22840.55,0.3527054108216433,Neutral
2026-09-21,c0.003,60371.7526,4685.552599999998,13,22860.05,0.33266533066132264,Neutral
2026-09-21,c0.006,60288.905200000016,4602.705200000011,13,22860.05,0.33266533066132264,Neutral
2026-09-21,c0.010,60178.44200000002,4492.24200000001,13,22860.05,0.33266533066132264,Neutral
2026-09-21,frac0.006,60400.605044572956,9.094947017729282e-13,13,22860.05,0.33266533066132264,Neutral
2026-09-22,c0.003,60156.162599999996,4685.552599999998,13,22794.2,0.3366733466933868,Neutral
2026-09-22,c0.006,60073.31520000001,4602.705200000011,13,22794.2,0.3366733466933868,Neutral
2026-09-22,c0.010,59962.85200000001,4492.24200000001,13,22794.2,0.3366733466933868,Neutral
2026-09-22,frac0.006,60157.7158721854,9.094947017729282e-13,13,22794.2,0.3366733466933868,Neutral
2026-09-23,c0.003,60243.20114,4180.301139999999,13,22935.1,0.38276553106212424,Neutral
2026-09-23,c0.006,60135.26228000001,4072.3622800000117,13,22935.1,0.38276553106212424,Neutral
2026-09-23,c0.010,59991.34380000002,3928.4438000000127,13,22935.1,0.38276553106212424,Neutral
2026-09-23,frac0.006,60090.53487703748,0.0,13,22935.1,0.38276553106212424,Neutral
2026-09-24,c0.003,59707.67464,6573.374639999996,13,22552.6,0.30060120240480964,Neutral
2026-09-24,c0.006,59581.809280000016,6447.509280000013,13,22552.6,0.30060120240480964,Neutral
2026-09-24,c0.010,59413.98880000002,6279.688800000014,13,22552.6,0.30060120240480964,Neutral
2026-09-24,frac0.006,59411.062716472254,9.094947017729282e-13,13,22552.6,0.30060120240480964,Neutral
2026-09-25,c0.003,59362.46909284615,12765.919092846161,11,22603.5,0.29458917835671344,Risk-off
2026-09-25,c0.006,59202.842774729725,12606.292774729733,11,22603.5,0.29458917835671344,Risk-off
2026-09-25,c0.010,59012.047683907804,13929.09768390781,11,22603.5,0.29458917835671344,Risk-off
2026-09-25,frac0.006,58892.35477678347,8102.368303016135,11,22603.5,0.29458917835671344,Risk-off
2026-09-28,c0.003,58862.165167846164,3157.5851678461595,13,22232.15,0.2124248496993988,Risk-off
2026-09-28,c0.006,58678.15492472974,2973.5749247297344,13,22232.15,0.2124248496993988,Risk-off
2026-09-28,c0.010,58467.04793390781,4263.867933907811,13,22232.15,0.2124248496993988,Risk-off
2026-09-28,frac0.006,58305.62152228031,-4.547473508864641e-13,13,22232.15,0.2124248496993988,Risk-off
2026-09-29,c0.003,58322.239009737306,4271.139009737303,12,22101.0,0.20240480961923848,Risk-off
2026-09-29,c0.006,58113.156857995105,4062.0568579951027,12,22101.0,0.20240480961923848,Risk-off
2026-09-29,c0.010,57895.020655672146,5318.920655672146,12,22101.0,0.20240480961923848,Risk-off
2026-09-29,frac0.006,57702.21030669905,4518.864629562631,12,22101.0,0.20240480961923848,Risk-off
2026-09-30,c0.003,58320.11453952171,7240.7045395216965,12,22072.1,0.2124248496993988,Risk-off
2026-09-30,c0.006,58076.4541721614,6997.0441721613915,12,22072.1,0.2124248496993988,Risk-off
2026-09-30,c0.010,57808.34518234764,6728.93518234763,12,22072.1,0.2124248496993988,Risk-off
2026-09-30,frac0.006,57745.41015617076,3308.247411108488,12,22072.1,0.2124248496993988,Risk-off
2026-10-01,c0.003,57882.651414794556,9821.991414794551,11,21857.75,0.17234468937875752,Risk-off
2026-10-01,c0.006,57622.314101702745,9561.654101702741,11,21857.75,0.17234468937875752,Risk-off
2026-10-01,c0.010,57331.96918424698,9271.309184246971,11,21857.75,0.17234468937875752,Risk-off
2026-10-01,frac0.006,57256.96453162242,8572.625147484283,11,21857.75,0.17234468937875752,Risk-off
2026-10-05,c0.003,57562.90156479455,1549.701564794551,13,21971.6,0.18837675350701402,Risk-off
2026-10-05,c0.006,57290.17440170274,1276.9744017027424,13,21971.6,0.18837675350701402,Risk-off
2026-10-05,c0.010,56983.30968424697,970.1096842469724,13,21971.6,0.18837675350701402,Risk-off
2026-10-05,frac0.006,56879.18590474174,-4.547473508864641e-13,13,21971.6,0.18837675350701402,Risk-off
2026-10-06,c0.003,58365.848814794546,2407.508814794551,13,22202.85,0.23647294589178355,Risk-off
2026-10-06,c0.006,58082.42890170274,2124.0889017027425,13,22202.85,0.23647294589178355,Risk-off
2026-10-06,c0.010,57761.307184246965,1802.9671842469725,13,22202.85,0.23647294589178355,Risk-off
2026-10-06,frac0.006,57468.57635846194,0.0,13,22202.85,0.23647294589178355,Risk-off
2026-10-07,c0.003,58488.478614794556,3633.838614794552,13,22059.9,0.23647294589178355,Risk-off
2026-10-07,c0.006,58183.38850170275,3328.7485017027425,13,22059.9,0.23647294589178355,Risk-off
2026-10-07,c0.010,57833.37318424698,2978.733184246974,13,22059.9,0.23647294589178355,Risk-off
2026-10-07,frac0.006,57594.4098704524,101.1736678619327,13,22059.9,0.23647294589178355,Risk-off
2026-10-08,c0.003,57115.032858051854,7010.10285805186,12,21616.15,0.1462925851703407,Risk-off
2026-10-08,c0.006,56794.775597874526,6689.845597874535,12,21616.15,0.1462925851703407,Risk-off
2026-10-08,c0.010,56424.53741763807,6319.607417638081,12,21616.15,0.1462925851703407,Risk-off
2026-10-08,frac0.006,56080.131975929544,4284.4058202669885,12,21616.15,0.1462925851703407,Risk-off
2026-10-09,c0.003,57457.907500605346,6811.567500605351,12,21866.65,0.17835671342685372,Risk-off
2026-10-09,c0.006,57113.21759474567,6583.857594745674,12,21866.65,0.17835671342685372,Risk-off
2026-10-09,c0.010,56712.14488693275,6182.784886932748,12,21866.65,0.17835671342685372,Risk-off
2026-10-09,frac0.006,56446.95245788898,4212.4599373133005,12,21866.65,0.17835671342685372,Risk-off
